subject_id,session_id,volume_id,binary_label,component_id,component_size,component_primary_reason
OAS1_0038,OAS1_0038_MR1,vol_0e5f34d5c23f,label_missing,oasis1_comp_060cc9f9a951,5,same_session+same_source_volume+same_subject
OAS1_0038,OAS1_0038_MR1,vol_0e5f34d5c23f,label_missing,oasis1_comp_060cc9f9a951,5,same_session+same_source_volume+same_subject
OAS1_0038,OAS1_0038_MR1,vol_0e5f34d5c23f,label_missing,oasis1_comp_060cc9f9a951,5,same_session+same_source_volume+same_subject
OAS1_0038,OAS1_0038_MR1,vol_0e5f34d5c23f,label_missing,oasis1_comp_060cc9f9a951,5,same_session+same_source_volume+same_subject
OAS1_0038,OAS1_0038_MR1,vol_0e5f34d5c23f,label_missing,oasis1_comp_060cc9f9a951,5,same_session+same_source_volume+same_subject
OAS1_0266,OAS1_0266_MR1,vol_40a747fd7f6c,NonDemented,oasis1_comp_1cd28484b2ab,5,same_session+same_source_volume+same_subject
OAS1_0266,OAS1_0266_MR1,vol_40a747fd7f6c,NonDemented,oasis1_comp_1cd28484b2ab,5,same_session+same_source_volume+same_subject
OAS1_0266,OAS1_0266_MR1,vol_40a747fd7f6c,NonDemented,oasis1_comp_1cd28484b2ab,5,same_session+same_source_volume+same_subject
OAS1_0266,OAS1_0266_MR1,vol_40a747fd7f6c,NonDemented,oasis1_comp_1cd28484b2ab,5,same_session+same_source_volume+same_subject
OAS1_0266,OAS1_0266_MR1,vol_40a747fd7f6c,NonDemented,oasis1_comp_1cd28484b2ab,5,same_session+same_source_volume+same_subject
OAS1_0061,OAS1_0061_MR1,vol_fe6a5e8a9069,label_missing,oasis1_comp_10d096e22ad6,10,same_session+same_source_volume+same_subject
OAS1_0061,OAS1_0061_MR1,vol_fe6a5e8a9069,label_missing,oasis1_comp_10d096e22ad6,10,same_session+same_source_volume+same_subject
OAS1_0061,OAS1_0061_MR1,vol_fe6a5e8a9069,label_missing,oasis1_comp_10d096e22ad6,10,same_session+same_source_volume+same_subject
OAS1_0061,OAS1_0061_MR1,vol_fe6a5e8a9069,label_missing,oasis1_comp_10d096e22ad6,10,same_session+same_source_volume+same_subject
OAS1_0061,OAS1_0061_MR1,vol_fe6a5e8a9069,label_missing,oasis1_comp_10d096e22ad6,10,same_session+same_source_volume+same_subject
OAS1_0061,OAS1_0061_MR2,vol_5a0181466306,label_missing,oasis1_comp_10d096e22ad6,10,same_session+same_source_volume+same_subject
OAS1_0061,OAS1_0061_MR2,vol_5a0181466306,label_missing,oasis1_comp_10d096e22ad6,10,same_session+same_source_volume+same_subject
OAS1_0061,OAS1_0061_MR2,vol_5a0181466306,label_missing,oasis1_comp_10d096e22ad6,10,same_session+same_source_volume+same_subject
OAS1_0061,OAS1_0061_MR2,vol_5a0181466306,label_missing,oasis1_comp_10d096e22ad6,10,same_session+same_source_volume+same_subject
OAS1_0061,OAS1_0061_MR2,vol_5a0181466306,label_missing,oasis1_comp_10d096e22ad6,10,same_session+same_source_volume+same_subject
OAS1_0457,OAS1_0457_MR1,vol_7cf8a0d7ad4a,NonDemented,oasis1_comp_6fb11865bbce,5,same_session+same_source_volume+same_subject
OAS1_0457,OAS1_0457_MR1,vol_7cf8a0d7ad4a,NonDemented,oasis1_comp_6fb11865bbce,5,same_session+same_source_volume+same_subject
OAS1_0457,OAS1_0457_MR1,vol_7cf8a0d7ad4a,NonDemented,oasis1_comp_6fb11865bbce,5,same_session+same_source_volume+same_subject
OAS1_0457,OAS1_0457_MR1,vol_7cf8a0d7ad4a,NonDemented,oasis1_comp_6fb11865bbce,5,same_session+same_source_volume+same_subject
OAS1_0457,OAS1_0457_MR1,vol_7cf8a0d7ad4a,NonDemented,oasis1_comp_6fb11865bbce,5,same_session+same_source_volume+same_subject
OAS1_0299,OAS1_0299_MR1,vol_db25723c3655,NonDemented,oasis1_comp_652d53bb7223,5,same_session+same_source_volume+same_subject
OAS1_0299,OAS1_0299_MR1,vol_db25723c3655,NonDemented,oasis1_comp_652d53bb7223,5,same_session+same_source_volume+same_subject
OAS1_0299,OAS1_0299_MR1,vol_db25723c3655,NonDemented,oasis1_comp_652d53bb7223,5,same_session+same_source_volume+same_subject
OAS1_0299,OAS1_0299_MR1,vol_db25723c3655,NonDemented,oasis1_comp_652d53bb7223,5,same_session+same_source_volume+same_subject
OAS1_0299,OAS1_0299_MR1,vol_db25723c3655,NonDemented,oasis1_comp_652d53bb7223,5,same_session+same_source_volume+same_subject
OAS1_0345,OAS1_0345_MR1,vol_32cc206b6909,NonDemented,oasis1_comp_4dc9e401e791,5,same_session+same_source_volume+same_subject
OAS1_0345,OAS1_0345_MR1,vol_32cc206b6909,NonDemented,oasis1_comp_4dc9e401e791,5,same_session+same_source_volume+same_subject
OAS1_0345,OAS1_0345_MR1,vol_32cc206b6909,NonDemented,oasis1_comp_4dc9e401e791,5,same_session+same_source_volume+same_subject
OAS1_0345,OAS1_0345_MR1,vol_32cc206b6909,NonDemented,oasis1_comp_4dc9e401e791,5,same_session+same_source_volume+same_subject
OAS1_0345,OAS1_0345_MR1,vol_32cc206b6909,NonDemented,oasis1_comp_4dc9e401e791,5,same_session+same_source_volume+same_subject
OAS1_0403,OAS1_0403_MR1,vol_04661465e3b4,label_missing,oasis1_comp_28509cccc003,5,same_session+same_source_volume+same_subject
OAS1_0403,OAS1_0403_MR1,vol_04661465e3b4,label_missing,oasis1_comp_28509cccc003,5,same_session+same_source_volume+same_subject
OAS1_0403,OAS1_0403_MR1,vol_04661465e3b4,label_missing,oasis1_comp_28509cccc003,5,same_session+same_source_volume+same_subject
OAS1_0403,OAS1_0403_MR1,vol_04661465e3b4,label_missing,oasis1_comp_28509cccc003,5,same_session+same_source_volume+same_subject
OAS1_0403,OAS1_0403_MR1,vol_04661465e3b4,label_missing,oasis1_comp_28509cccc003,5,same_session+same_source_volume+same_subject
OAS1_0433,OAS1_0433_MR1,vol_f5df900a8b1e,NonDemented,oasis1_comp_3551f0dd0c70,5,same_session+same_source_volume+same_subject
OAS1_0433,OAS1_0433_MR1,vol_f5df900a8b1e,NonDemented,oasis1_comp_3551f0dd0c70,5,same_session+same_source_volume+same_subject
OAS1_0433,OAS1_0433_MR1,vol_f5df900a8b1e,NonDemented,oasis1_comp_3551f0dd0c70,5,same_session+same_source_volume+same_subject
OAS1_0433,OAS1_0433_MR1,vol_f5df900a8b1e,NonDemented,oasis1_comp_3551f0dd0c70,5,same_session+same_source_volume+same_subject
OAS1_0433,OAS1_0433_MR1,vol_f5df900a8b1e,NonDemented,oasis1_comp_3551f0dd0c70,5,same_session+same_source_volume+same_subject
OAS1_0212,OAS1_0212_MR1,vol_09dcd638d74f,NonDemented,oasis1_comp_fd4494c18381,5,same_session+same_source_volume+same_subject
OAS1_0212,OAS1_0212_MR1,vol_09dcd638d74f,NonDemented,oasis1_comp_fd4494c18381,5,same_session+same_source_volume+same_subject
OAS1_0212,OAS1_0212_MR1,vol_09dcd638d74f,NonDemented,oasis1_comp_fd4494c18381,5,same_session+same_source_volume+same_subject
OAS1_0212,OAS1_0212_MR1,vol_09dcd638d74f,NonDemented,oasis1_comp_fd4494c18381,5,same_session+same_source_volume+same_subject
OAS1_0212,OAS1_0212_MR1,vol_09dcd638d74f,NonDemented,oasis1_comp_fd4494c18381,5,same_session+same_source_volume+same_subject
OAS1_0445,OAS1_0445_MR1,vol_c4db58f82b57,NonDemented,oasis1_comp_8330cd7490c8,5,same_session+same_source_volume+same_subject
OAS1_0445,OAS1_0445_MR1,vol_c4db58f82b57,NonDemented,oasis1_comp_8330cd7490c8,5,same_session+same_source_volume+same_subject
OAS1_0445,OAS1_0445_MR1,vol_c4db58f82b57,NonDemented,oasis1_comp_8330cd7490c8,5,same_session+same_source_volume+same_subject
OAS1_0445,OAS1_0445_MR1,vol_c4db58f82b57,NonDemented,oasis1_comp_8330cd7490c8,5,same_session+same_source_volume+same_subject
OAS1_0445,OAS1_0445_MR1,vol_c4db58f82b57,NonDemented,oasis1_comp_8330cd7490c8,5,same_session+same_source_volume+same_subject
OAS1_0227,OAS1_0227_MR1,vol_cb4caa562f91,label_missing,oasis1_comp_c53ad1047205,5,same_session+same_source_volume+same_subject
OAS1_0227,OAS1_0227_MR1,vol_cb4caa562f91,label_missing,oasis1_comp_c53ad1047205,5,same_session+same_source_volume+same_subject
OAS1_0227,OAS1_0227_MR1,vol_cb4caa562f91,label_missing,oasis1_comp_c53ad1047205,5,same_session+same_source_volume+same_subject
OAS1_0227,OAS1_0227_MR1,vol_cb4caa562f91,label_missing,oasis1_comp_c53ad1047205,5,same_session+same_source_volume+same_subject
OAS1_0227,OAS1_0227_MR1,vol_cb4caa562f91,label_missing,oasis1_comp_c53ad1047205,5,same_session+same_source_volume+same_subject
OAS1_0019,OAS1_0019_MR1,vol_0b77e786751c,NonDemented,oasis1_comp_e66ebc21f59a,5,same_session+same_source_volume+same_subject
OAS1_0019,OAS1_0019_MR1,vol_0b77e786751c,NonDemented,oasis1_comp_e66ebc21f59a,5,same_session+same_source_volume+same_subject
OAS1_0019,OAS1_0019_MR1,vol_0b77e786751c,NonDemented,oasis1_comp_e66ebc21f59a,5,same_session+same_source_volume+same_subject
OAS1_0019,OAS1_0019_MR1,vol_0b77e786751c,NonDemented,oasis1_comp_e66ebc21f59a,5,same_session+same_source_volume+same_subject
OAS1_0019,OAS1_0019_MR1,vol_0b77e786751c,NonDemented,oasis1_comp_e66ebc21f59a,5,same_session+same_source_volume+same_subject
OAS1_0220,OAS1_0220_MR1,vol_e13f08023012,NonDemented,oasis1_comp_8bebcdce7721,5,same_session+same_source_volume+same_subject
OAS1_0220,OAS1_0220_MR1,vol_e13f08023012,NonDemented,oasis1_comp_8bebcdce7721,5,same_session+same_source_volume+same_subject
OAS1_0220,OAS1_0220_MR1,vol_e13f08023012,NonDemented,oasis1_comp_8bebcdce7721,5,same_session+same_source_volume+same_subject
OAS1_0220,OAS1_0220_MR1,vol_e13f08023012,NonDemented,oasis1_comp_8bebcdce7721,5,same_session+same_source_volume+same_subject
OAS1_0220,OAS1_0220_MR1,vol_e13f08023012,NonDemented,oasis1_comp_8bebcdce7721,5,same_session+same_source_volume+same_subject
OAS1_0233,OAS1_0233_MR1,vol_d606fe25c10d,Demented,oasis1_comp_6e89a32a6b8c,5,same_session+same_source_volume+same_subject
OAS1_0233,OAS1_0233_MR1,vol_d606fe25c10d,Demented,oasis1_comp_6e89a32a6b8c,5,same_session+same_source_volume+same_subject
OAS1_0233,OAS1_0233_MR1,vol_d606fe25c10d,Demented,oasis1_comp_6e89a32a6b8c,5,same_session+same_source_volume+same_subject
OAS1_0233,OAS1_0233_MR1,vol_d606fe25c10d,Demented,oasis1_comp_6e89a32a6b8c,5,same_session+same_source_volume+same_subject
OAS1_0233,OAS1_0233_MR1,vol_d606fe25c10d,Demented,oasis1_comp_6e89a32a6b8c,5,same_session+same_source_volume+same_subject
OAS1_0416,OAS1_0416_MR1,vol_12f0ffd5c936,label_missing,oasis1_comp_ac8b106f7b18,5,same_session+same_source_volume+same_subject
OAS1_0416,OAS1_0416_MR1,vol_12f0ffd5c936,label_missing,oasis1_comp_ac8b106f7b18,5,same_session+same_source_volume+same_subject
OAS1_0416,OAS1_0416_MR1,vol_12f0ffd5c936,label_missing,oasis1_comp_ac8b106f7b18,5,same_session+same_source_volume+same_subject
OAS1_0416,OAS1_0416_MR1,vol_12f0ffd5c936,label_missing,oasis1_comp_ac8b106f7b18,5,same_session+same_source_volume+same_subject
OAS1_0416,OAS1_0416_MR1,vol_12f0ffd5c936,label_missing,oasis1_comp_ac8b106f7b18,5,same_session+same_source_volume+same_subject
OAS1_0230,OAS1_0230_MR1,vol_99fcb95c0bc0,label_missing,oasis1_comp_c29533054069,10,same_session+same_source_volume+same_subject
OAS1_0230,OAS1_0230_MR1,vol_99fcb95c0bc0,label_missing,oasis1_comp_c29533054069,10,same_session+same_source_volume+same_subject
OAS1_0230,OAS1_0230_MR1,vol_99fcb95c0bc0,label_missing,oasis1_comp_c29533054069,10,same_session+same_source_volume+same_subject
OAS1_0230,OAS1_0230_MR1,vol_99fcb95c0bc0,label_missing,oasis1_comp_c29533054069,10,same_session+same_source_volume+same_subject
OAS1_0230,OAS1_0230_MR1,vol_99fcb95c0bc0,label_missing,oasis1_comp_c29533054069,10,same_session+same_source_volume+same_subject
OAS1_0230,OAS1_0230_MR2,vol_aa950ec49a90,label_missing,oasis1_comp_c29533054069,10,same_session+same_source_volume+same_subject
OAS1_0230,OAS1_0230_MR2,vol_aa950ec49a90,label_missing,oasis1_comp_c29533054069,10,same_session+same_source_volume+same_subject
OAS1_0230,OAS1_0230_MR2,vol_aa950ec49a90,label_missing,oasis1_comp_c29533054069,10,same_session+same_source_volume+same_subject
OAS1_0230,OAS1_0230_MR2,vol_aa950ec49a90,label_missing,oasis1_comp_c29533054069,10,same_session+same_source_volume+same_subject
OAS1_0230,OAS1_0230_MR2,vol_aa950ec49a90,label_missing,oasis1_comp_c29533054069,10,same_session+same_source_volume+same_subject
OAS1_0382,OAS1_0382_MR1,vol_0ea2c2879f46,Demented,oasis1_comp_a5d3ff3b9385,5,same_session+same_source_volume+same_subject
OAS1_0382,OAS1_0382_MR1,vol_0ea2c2879f46,Demented,oasis1_comp_a5d3ff3b9385,5,same_session+same_source_volume+same_subject
OAS1_0382,OAS1_0382_MR1,vol_0ea2c2879f46,Demented,oasis1_comp_a5d3ff3b9385,5,same_session+same_source_volume+same_subject
OAS1_0382,OAS1_0382_MR1,vol_0ea2c2879f46,Demented,oasis1_comp_a5d3ff3b9385,5,same_session+same_source_volume+same_subject
OAS1_0382,OAS1_0382_MR1,vol_0ea2c2879f46,Demented,oasis1_comp_a5d3ff3b9385,5,same_session+same_source_volume+same_subject
OAS1_0041,OAS1_0041_MR1,vol_b5b1d9058247,Demented,oasis1_comp_72964a3c0ee2,5,same_session+same_source_volume+same_subject
OAS1_0041,OAS1_0041_MR1,vol_b5b1d9058247,Demented,oasis1_comp_72964a3c0ee2,5,same_session+same_source_volume+same_subject
OAS1_0041,OAS1_0041_MR1,vol_b5b1d9058247,Demented,oasis1_comp_72964a3c0ee2,5,same_session+same_source_volume+same_subject
OAS1_0041,OAS1_0041_MR1,vol_b5b1d9058247,Demented,oasis1_comp_72964a3c0ee2,5,same_session+same_source_volume+same_subject
OAS1_0041,OAS1_0041_MR1,vol_b5b1d9058247,Demented,oasis1_comp_72964a3c0ee2,5,same_session+same_source_volume+same_subject
OAS1_0394,OAS1_0394_MR1,vol_ac648a638cdf,label_missing,oasis1_comp_c59b9eca582f,5,same_session+same_source_volume+same_subject
OAS1_0394,OAS1_0394_MR1,vol_ac648a638cdf,label_missing,oasis1_comp_c59b9eca582f,5,same_session+same_source_volume+same_subject
OAS1_0394,OAS1_0394_MR1,vol_ac648a638cdf,label_missing,oasis1_comp_c59b9eca582f,5,same_session+same_source_volume+same_subject
OAS1_0394,OAS1_0394_MR1,vol_ac648a638cdf,label_missing,oasis1_comp_c59b9eca582f,5,same_session+same_source_volume+same_subject
OAS1_0394,OAS1_0394_MR1,vol_ac648a638cdf,label_missing,oasis1_comp_c59b9eca582f,5,same_session+same_source_volume+same_subject
OAS1_0335,OAS1_0335_MR1,vol_80edd3acaf45,Demented,oasis1_comp_819c5fbc5b06,5,same_session+same_source_volume+same_subject
OAS1_0335,OAS1_0335_MR1,vol_80edd3acaf45,Demented,oasis1_comp_819c5fbc5b06,5,same_session+same_source_volume+same_subject
OAS1_0335,OAS1_0335_MR1,vol_80edd3acaf45,Demented,oasis1_comp_819c5fbc5b06,5,same_session+same_source_volume+same_subject
OAS1_0335,OAS1_0335_MR1,vol_80edd3acaf45,Demented,oasis1_comp_819c5fbc5b06,5,same_session+same_source_volume+same_subject
OAS1_0335,OAS1_0335_MR1,vol_80edd3acaf45,Demented,oasis1_comp_819c5fbc5b06,5,same_session+same_source_volume+same_subject
OAS1_0456,OAS1_0456_MR1,vol_7273fb6e72c6,NonDemented,oasis1_comp_d56e6e792a9d,5,same_session+same_source_volume+same_subject
OAS1_0456,OAS1_0456_MR1,vol_7273fb6e72c6,NonDemented,oasis1_comp_d56e6e792a9d,5,same_session+same_source_volume+same_subject
OAS1_0456,OAS1_0456_MR1,vol_7273fb6e72c6,NonDemented,oasis1_comp_d56e6e792a9d,5,same_session+same_source_volume+same_subject
OAS1_0456,OAS1_0456_MR1,vol_7273fb6e72c6,NonDemented,oasis1_comp_d56e6e792a9d,5,same_session+same_source_volume+same_subject
OAS1_0456,OAS1_0456_MR1,vol_7273fb6e72c6,NonDemented,oasis1_comp_d56e6e792a9d,5,same_session+same_source_volume+same_subject
OAS1_0356,OAS1_0356_MR1,vol_55f2bdfd4e75,NonDemented,oasis1_comp_64c396003b27,5,same_session+same_source_volume+same_subject
OAS1_0356,OAS1_0356_MR1,vol_55f2bdfd4e75,NonDemented,oasis1_comp_64c396003b27,5,same_session+same_source_volume+same_subject
OAS1_0356,OAS1_0356_MR1,vol_55f2bdfd4e75,NonDemented,oasis1_comp_64c396003b27,5,same_session+same_source_volume+same_subject
OAS1_0356,OAS1_0356_MR1,vol_55f2bdfd4e75,NonDemented,oasis1_comp_64c396003b27,5,same_session+same_source_volume+same_subject
OAS1_0356,OAS1_0356_MR1,vol_55f2bdfd4e75,NonDemented,oasis1_comp_64c396003b27,5,same_session+same_source_volume+same_subject
OAS1_0312,OAS1_0312_MR1,vol_bb3cf6ddc2d4,Demented,oasis1_comp_157618f38849,5,same_session+same_source_volume+same_subject
OAS1_0312,OAS1_0312_MR1,vol_bb3cf6ddc2d4,Demented,oasis1_comp_157618f38849,5,same_session+same_source_volume+same_subject
OAS1_0312,OAS1_0312_MR1,vol_bb3cf6ddc2d4,Demented,oasis1_comp_157618f38849,5,same_session+same_source_volume+same_subject
OAS1_0312,OAS1_0312_MR1,vol_bb3cf6ddc2d4,Demented,oasis1_comp_157618f38849,5,same_session+same_source_volume+same_subject
OAS1_0312,OAS1_0312_MR1,vol_bb3cf6ddc2d4,Demented,oasis1_comp_157618f38849,5,same_session+same_source_volume+same_subject
OAS1_0115,OAS1_0115_MR1,vol_f01ac51f39fa,Demented,oasis1_comp_39324791b839,5,same_session+same_source_volume+same_subject
OAS1_0115,OAS1_0115_MR1,vol_f01ac51f39fa,Demented,oasis1_comp_39324791b839,5,same_session+same_source_volume+same_subject
OAS1_0115,OAS1_0115_MR1,vol_f01ac51f39fa,Demented,oasis1_comp_39324791b839,5,same_session+same_source_volume+same_subject
OAS1_0115,OAS1_0115_MR1,vol_f01ac51f39fa,Demented,oasis1_comp_39324791b839,5,same_session+same_source_volume+same_subject
OAS1_0115,OAS1_0115_MR1,vol_f01ac51f39fa,Demented,oasis1_comp_39324791b839,5,same_session+same_source_volume+same_subject
OAS1_0216,OAS1_0216_MR1,vol_e93684ff5ec8,NonDemented,oasis1_comp_9b1d83af57e0,5,same_session+same_source_volume+same_subject
OAS1_0216,OAS1_0216_MR1,vol_e93684ff5ec8,NonDemented,oasis1_comp_9b1d83af57e0,5,same_session+same_source_volume+same_subject
OAS1_0216,OAS1_0216_MR1,vol_e93684ff5ec8,NonDemented,oasis1_comp_9b1d83af57e0,5,same_session+same_source_volume+same_subject
OAS1_0216,OAS1_0216_MR1,vol_e93684ff5ec8,NonDemented,oasis1_comp_9b1d83af57e0,5,same_session+same_source_volume+same_subject
OAS1_0216,OAS1_0216_MR1,vol_e93684ff5ec8,NonDemented,oasis1_comp_9b1d83af57e0,5,same_session+same_source_volume+same_subject
OAS1_0018,OAS1_0018_MR1,vol_1148eeb89e70,NonDemented,oasis1_comp_63b26304d995,5,same_session+same_source_volume+same_subject
OAS1_0018,OAS1_0018_MR1,vol_1148eeb89e70,NonDemented,oasis1_comp_63b26304d995,5,same_session+same_source_volume+same_subject
OAS1_0018,OAS1_0018_MR1,vol_1148eeb89e70,NonDemented,oasis1_comp_63b26304d995,5,same_session+same_source_volume+same_subject
OAS1_0018,OAS1_0018_MR1,vol_1148eeb89e70,NonDemented,oasis1_comp_63b26304d995,5,same_session+same_source_volume+same_subject
OAS1_0018,OAS1_0018_MR1,vol_1148eeb89e70,NonDemented,oasis1_comp_63b26304d995,5,same_session+same_source_volume+same_subject
OAS1_0203,OAS1_0203_MR1,vol_f0c473158e72,NonDemented,oasis1_comp_f89a8b4785dc,5,same_session+same_source_volume+same_subject
OAS1_0203,OAS1_0203_MR1,vol_f0c473158e72,NonDemented,oasis1_comp_f89a8b4785dc,5,same_session+same_source_volume+same_subject
OAS1_0203,OAS1_0203_MR1,vol_f0c473158e72,NonDemented,oasis1_comp_f89a8b4785dc,5,same_session+same_source_volume+same_subject
OAS1_0203,OAS1_0203_MR1,vol_f0c473158e72,NonDemented,oasis1_comp_f89a8b4785dc,5,same_session+same_source_volume+same_subject
OAS1_0203,OAS1_0203_MR1,vol_f0c473158e72,NonDemented,oasis1_comp_f89a8b4785dc,5,same_session+same_source_volume+same_subject
OAS1_0193,OAS1_0193_MR1,vol_ae1ea3fc3ae9,label_missing,oasis1_comp_1a6f94fb623d,5,same_session+same_source_volume+same_subject
OAS1_0193,OAS1_0193_MR1,vol_ae1ea3fc3ae9,label_missing,oasis1_comp_1a6f94fb623d,5,same_session+same_source_volume+same_subject
OAS1_0193,OAS1_0193_MR1,vol_ae1ea3fc3ae9,label_missing,oasis1_comp_1a6f94fb623d,5,same_session+same_source_volume+same_subject
OAS1_0193,OAS1_0193_MR1,vol_ae1ea3fc3ae9,label_missing,oasis1_comp_1a6f94fb623d,5,same_session+same_source_volume+same_subject
OAS1_0193,OAS1_0193_MR1,vol_ae1ea3fc3ae9,label_missing,oasis1_comp_1a6f94fb623d,5,same_session+same_source_volume+same_subject
OAS1_0296,OAS1_0296_MR1,vol_9d4da85af00a,label_missing,oasis1_comp_f160894a69ab,5,same_session+same_source_volume+same_subject
OAS1_0296,OAS1_0296_MR1,vol_9d4da85af00a,label_missing,oasis1_comp_f160894a69ab,5,same_session+same_source_volume+same_subject
OAS1_0296,OAS1_0296_MR1,vol_9d4da85af00a,label_missing,oasis1_comp_f160894a69ab,5,same_session+same_source_volume+same_subject
OAS1_0296,OAS1_0296_MR1,vol_9d4da85af00a,label_missing,oasis1_comp_f160894a69ab,5,same_session+same_source_volume+same_subject
OAS1_0296,OAS1_0296_MR1,vol_9d4da85af00a,label_missing,oasis1_comp_f160894a69ab,5,same_session+same_source_volume+same_subject
OAS1_0222,OAS1_0222_MR1,vol_d26d3c03f0a5,label_missing,oasis1_comp_200c5ababfd4,5,same_session+same_source_volume+same_subject
OAS1_0222,OAS1_0222_MR1,vol_d26d3c03f0a5,label_missing,oasis1_comp_200c5ababfd4,5,same_session+same_source_volume+same_subject
OAS1_0222,OAS1_0222_MR1,vol_d26d3c03f0a5,label_missing,oasis1_comp_200c5ababfd4,5,same_session+same_source_volume+same_subject
OAS1_0222,OAS1_0222_MR1,vol_d26d3c03f0a5,label_missing,oasis1_comp_200c5ababfd4,5,same_session+same_source_volume+same_subject
OAS1_0222,OAS1_0222_MR1,vol_d26d3c03f0a5,label_missing,oasis1_comp_200c5ababfd4,5,same_session+same_source_volume+same_subject
OAS1_0228,OAS1_0228_MR1,vol_ce77a4e7a0eb,NonDemented,oasis1_comp_c91d4ec5b2fd,5,same_session+same_source_volume+same_subject
OAS1_0228,OAS1_0228_MR1,vol_ce77a4e7a0eb,NonDemented,oasis1_comp_c91d4ec5b2fd,5,same_session+same_source_volume+same_subject
OAS1_0228,OAS1_0228_MR1,vol_ce77a4e7a0eb,NonDemented,oasis1_comp_c91d4ec5b2fd,5,same_session+same_source_volume+same_subject
OAS1_0228,OAS1_0228_MR1,vol_ce77a4e7a0eb,NonDemented,oasis1_comp_c91d4ec5b2fd,5,same_session+same_source_volume+same_subject
OAS1_0228,OAS1_0228_MR1,vol_ce77a4e7a0eb,NonDemented,oasis1_comp_c91d4ec5b2fd,5,same_session+same_source_volume+same_subject
OAS1_0181,OAS1_0181_MR1,vol_5ba192a4dc05,NonDemented,oasis1_comp_f9c2a2bf2542,5,same_session+same_source_volume+same_subject
OAS1_0181,OAS1_0181_MR1,vol_5ba192a4dc05,NonDemented,oasis1_comp_f9c2a2bf2542,5,same_session+same_source_volume+same_subject
OAS1_0181,OAS1_0181_MR1,vol_5ba192a4dc05,NonDemented,oasis1_comp_f9c2a2bf2542,5,same_session+same_source_volume+same_subject
OAS1_0181,OAS1_0181_MR1,vol_5ba192a4dc05,NonDemented,oasis1_comp_f9c2a2bf2542,5,same_session+same_source_volume+same_subject
OAS1_0181,OAS1_0181_MR1,vol_5ba192a4dc05,NonDemented,oasis1_comp_f9c2a2bf2542,5,same_session+same_source_volume+same_subject
OAS1_0058,OAS1_0058_MR1,vol_cbd6938f028d,NonDemented,oasis1_comp_99e72b58af59,5,same_session+same_source_volume+same_subject
OAS1_0058,OAS1_0058_MR1,vol_cbd6938f028d,NonDemented,oasis1_comp_99e72b58af59,5,same_session+same_source_volume+same_subject
OAS1_0058,OAS1_0058_MR1,vol_cbd6938f028d,NonDemented,oasis1_comp_99e72b58af59,5,same_session+same_source_volume+same_subject
OAS1_0058,OAS1_0058_MR1,vol_cbd6938f028d,NonDemented,oasis1_comp_99e72b58af59,5,same_session+same_source_volume+same_subject
OAS1_0058,OAS1_0058_MR1,vol_cbd6938f028d,NonDemented,oasis1_comp_99e72b58af59,5,same_session+same_source_volume+same_subject
OAS1_0268,OAS1_0268_MR1,vol_a8dae1d6db0b,Demented,oasis1_comp_bcdd98c3fe2f,5,same_session+same_source_volume+same_subject
OAS1_0268,OAS1_0268_MR1,vol_a8dae1d6db0b,Demented,oasis1_comp_bcdd98c3fe2f,5,same_session+same_source_volume+same_subject
OAS1_0268,OAS1_0268_MR1,vol_a8dae1d6db0b,Demented,oasis1_comp_bcdd98c3fe2f,5,same_session+same_source_volume+same_subject
OAS1_0268,OAS1_0268_MR1,vol_a8dae1d6db0b,Demented,oasis1_comp_bcdd98c3fe2f,5,same_session+same_source_volume+same_subject
OAS1_0268,OAS1_0268_MR1,vol_a8dae1d6db0b,Demented,oasis1_comp_bcdd98c3fe2f,5,same_session+same_source_volume+same_subject
OAS1_0442,OAS1_0442_MR1,vol_fee32e688410,label_missing,oasis1_comp_1c073884dcc3,5,same_session+same_source_volume+same_subject
OAS1_0442,OAS1_0442_MR1,vol_fee32e688410,label_missing,oasis1_comp_1c073884dcc3,5,same_session+same_source_volume+same_subject
OAS1_0442,OAS1_0442_MR1,vol_fee32e688410,label_missing,oasis1_comp_1c073884dcc3,5,same_session+same_source_volume+same_subject
OAS1_0442,OAS1_0442_MR1,vol_fee32e688410,label_missing,oasis1_comp_1c073884dcc3,5,same_session+same_source_volume+same_subject
OAS1_0442,OAS1_0442_MR1,vol_fee32e688410,label_missing,oasis1_comp_1c073884dcc3,5,same_session+same_source_volume+same_subject
OAS1_0420,OAS1_0420_MR1,vol_4c232e12b332,label_missing,oasis1_comp_a00f700d729f,5,same_session+same_source_volume+same_subject
OAS1_0420,OAS1_0420_MR1,vol_4c232e12b332,label_missing,oasis1_comp_a00f700d729f,5,same_session+same_source_volume+same_subject
OAS1_0420,OAS1_0420_MR1,vol_4c232e12b332,label_missing,oasis1_comp_a00f700d729f,5,same_session+same_source_volume+same_subject
OAS1_0420,OAS1_0420_MR1,vol_4c232e12b332,label_missing,oasis1_comp_a00f700d729f,5,same_session+same_source_volume+same_subject
OAS1_0420,OAS1_0420_MR1,vol_4c232e12b332,label_missing,oasis1_comp_a00f700d729f,5,same_session+same_source_volume+same_subject
OAS1_0349,OAS1_0349_MR1,vol_7b2631c05f17,label_missing,oasis1_comp_a1b0948da3fb,5,same_session+same_source_volume+same_subject
OAS1_0349,OAS1_0349_MR1,vol_7b2631c05f17,label_missing,oasis1_comp_a1b0948da3fb,5,same_session+same_source_volume+same_subject
OAS1_0349,OAS1_0349_MR1,vol_7b2631c05f17,label_missing,oasis1_comp_a1b0948da3fb,5,same_session+same_source_volume+same_subject
OAS1_0349,OAS1_0349_MR1,vol_7b2631c05f17,label_missing,oasis1_comp_a1b0948da3fb,5,same_session+same_source_volume+same_subject
OAS1_0349,OAS1_0349_MR1,vol_7b2631c05f17,label_missing,oasis1_comp_a1b0948da3fb,5,same_session+same_source_volume+same_subject
OAS1_0161,OAS1_0161_MR1,vol_59a9370958bc,Demented,oasis1_comp_6e5801fab89e,5,same_session+same_source_volume+same_subject
OAS1_0161,OAS1_0161_MR1,vol_59a9370958bc,Demented,oasis1_comp_6e5801fab89e,5,same_session+same_source_volume+same_subject
OAS1_0161,OAS1_0161_MR1,vol_59a9370958bc,Demented,oasis1_comp_6e5801fab89e,5,same_session+same_source_volume+same_subject
OAS1_0161,OAS1_0161_MR1,vol_59a9370958bc,Demented,oasis1_comp_6e5801fab89e,5,same_session+same_source_volume+same_subject
OAS1_0161,OAS1_0161_MR1,vol_59a9370958bc,Demented,oasis1_comp_6e5801fab89e,5,same_session+same_source_volume+same_subject
OAS1_0152,OAS1_0152_MR1,vol_430d15579618,label_missing,oasis1_comp_181e25358092,5,same_session+same_source_volume+same_subject
OAS1_0152,OAS1_0152_MR1,vol_430d15579618,label_missing,oasis1_comp_181e25358092,5,same_session+same_source_volume+same_subject
OAS1_0152,OAS1_0152_MR1,vol_430d15579618,label_missing,oasis1_comp_181e25358092,5,same_session+same_source_volume+same_subject
OAS1_0152,OAS1_0152_MR1,vol_430d15579618,label_missing,oasis1_comp_181e25358092,5,same_session+same_source_volume+same_subject
OAS1_0152,OAS1_0152_MR1,vol_430d15579618,label_missing,oasis1_comp_181e25358092,5,same_session+same_source_volume+same_subject
OAS1_0136,OAS1_0136_MR1,vol_00c31ca781c3,label_missing,oasis1_comp_4a57f050e894,5,same_session+same_source_volume+same_subject
OAS1_0136,OAS1_0136_MR1,vol_00c31ca781c3,label_missing,oasis1_comp_4a57f050e894,5,same_session+same_source_volume+same_subject
OAS1_0136,OAS1_0136_MR1,vol_00c31ca781c3,label_missing,oasis1_comp_4a57f050e894,5,same_session+same_source_volume+same_subject
OAS1_0136,OAS1_0136_MR1,vol_00c31ca781c3,label_missing,oasis1_comp_4a57f050e894,5,same_session+same_source_volume+same_subject
OAS1_0136,OAS1_0136_MR1,vol_00c31ca781c3,label_missing,oasis1_comp_4a57f050e894,5,same_session+same_source_volume+same_subject
OAS1_0370,OAS1_0370_MR1,vol_407369f2e636,label_missing,oasis1_comp_dd304eb4f902,5,same_session+same_source_volume+same_subject
OAS1_0370,OAS1_0370_MR1,vol_407369f2e636,label_missing,oasis1_comp_dd304eb4f902,5,same_session+same_source_volume+same_subject
OAS1_0370,OAS1_0370_MR1,vol_407369f2e636,label_missing,oasis1_comp_dd304eb4f902,5,same_session+same_source_volume+same_subject
OAS1_0370,OAS1_0370_MR1,vol_407369f2e636,label_missing,oasis1_comp_dd304eb4f902,5,same_session+same_source_volume+same_subject
OAS1_0370,OAS1_0370_MR1,vol_407369f2e636,label_missing,oasis1_comp_dd304eb4f902,5,same_session+same_source_volume+same_subject
OAS1_0049,OAS1_0049_MR1,vol_c6428a117f6d,label_missing,oasis1_comp_39c7a2ce7f27,5,same_session+same_source_volume+same_subject
OAS1_0049,OAS1_0049_MR1,vol_c6428a117f6d,label_missing,oasis1_comp_39c7a2ce7f27,5,same_session+same_source_volume+same_subject
OAS1_0049,OAS1_0049_MR1,vol_c6428a117f6d,label_missing,oasis1_comp_39c7a2ce7f27,5,same_session+same_source_volume+same_subject
OAS1_0049,OAS1_0049_MR1,vol_c6428a117f6d,label_missing,oasis1_comp_39c7a2ce7f27,5,same_session+same_source_volume+same_subject
OAS1_0049,OAS1_0049_MR1,vol_c6428a117f6d,label_missing,oasis1_comp_39c7a2ce7f27,5,same_session+same_source_volume+same_subject
OAS1_0059,OAS1_0059_MR1,vol_2593c3862e1d,label_missing,oasis1_comp_8fff0fa1428a,5,same_session+same_source_volume+same_subject
OAS1_0059,OAS1_0059_MR1,vol_2593c3862e1d,label_missing,oasis1_comp_8fff0fa1428a,5,same_session+same_source_volume+same_subject
OAS1_0059,OAS1_0059_MR1,vol_2593c3862e1d,label_missing,oasis1_comp_8fff0fa1428a,5,same_session+same_source_volume+same_subject
OAS1_0059,OAS1_0059_MR1,vol_2593c3862e1d,label_missing,oasis1_comp_8fff0fa1428a,5,same_session+same_source_volume+same_subject
OAS1_0059,OAS1_0059_MR1,vol_2593c3862e1d,label_missing,oasis1_comp_8fff0fa1428a,5,same_session+same_source_volume+same_subject
OAS1_0223,OAS1_0223_MR1,vol_e5c5f6223e38,Demented,oasis1_comp_cc63f91fe6fa,5,same_session+same_source_volume+same_subject
OAS1_0223,OAS1_0223_MR1,vol_e5c5f6223e38,Demented,oasis1_comp_cc63f91fe6fa,5,same_session+same_source_volume+same_subject
OAS1_0223,OAS1_0223_MR1,vol_e5c5f6223e38,Demented,oasis1_comp_cc63f91fe6fa,5,same_session+same_source_volume+same_subject
OAS1_0223,OAS1_0223_MR1,vol_e5c5f6223e38,Demented,oasis1_comp_cc63f91fe6fa,5,same_session+same_source_volume+same_subject
OAS1_0223,OAS1_0223_MR1,vol_e5c5f6223e38,Demented,oasis1_comp_cc63f91fe6fa,5,same_session+same_source_volume+same_subject
OAS1_0070,OAS1_0070_MR1,vol_7652740aaf1d,NonDemented,oasis1_comp_256f3bde81f7,5,same_session+same_source_volume+same_subject
OAS1_0070,OAS1_0070_MR1,vol_7652740aaf1d,NonDemented,oasis1_comp_256f3bde81f7,5,same_session+same_source_volume+same_subject
OAS1_0070,OAS1_0070_MR1,vol_7652740aaf1d,NonDemented,oasis1_comp_256f3bde81f7,5,same_session+same_source_volume+same_subject
OAS1_0070,OAS1_0070_MR1,vol_7652740aaf1d,NonDemented,oasis1_comp_256f3bde81f7,5,same_session+same_source_volume+same_subject
OAS1_0070,OAS1_0070_MR1,vol_7652740aaf1d,NonDemented,oasis1_comp_256f3bde81f7,5,same_session+same_source_volume+same_subject
OAS1_0446,OAS1_0446_MR1,vol_970ac6bbd378,NonDemented,oasis1_comp_e747d4e1bf2f,5,same_session+same_source_volume+same_subject
OAS1_0446,OAS1_0446_MR1,vol_970ac6bbd378,NonDemented,oasis1_comp_e747d4e1bf2f,5,same_session+same_source_volume+same_subject
OAS1_0446,OAS1_0446_MR1,vol_970ac6bbd378,NonDemented,oasis1_comp_e747d4e1bf2f,5,same_session+same_source_volume+same_subject
OAS1_0446,OAS1_0446_MR1,vol_970ac6bbd378,NonDemented,oasis1_comp_e747d4e1bf2f,5,same_session+same_source_volume+same_subject
OAS1_0446,OAS1_0446_MR1,vol_970ac6bbd378,NonDemented,oasis1_comp_e747d4e1bf2f,5,same_session+same_source_volume+same_subject
OAS1_0287,OAS1_0287_MR1,vol_c0dfce66670b,Demented,oasis1_comp_84e40b10205f,5,same_session+same_source_volume+same_subject
OAS1_0287,OAS1_0287_MR1,vol_c0dfce66670b,Demented,oasis1_comp_84e40b10205f,5,same_session+same_source_volume+same_subject
OAS1_0287,OAS1_0287_MR1,vol_c0dfce66670b,Demented,oasis1_comp_84e40b10205f,5,same_session+same_source_volume+same_subject
OAS1_0287,OAS1_0287_MR1,vol_c0dfce66670b,Demented,oasis1_comp_84e40b10205f,5,same_session+same_source_volume+same_subject
OAS1_0287,OAS1_0287_MR1,vol_c0dfce66670b,Demented,oasis1_comp_84e40b10205f,5,same_session+same_source_volume+same_subject
OAS1_0244,OAS1_0244_MR1,vol_0bd685435224,NonDemented,oasis1_comp_bb0431caeca0,5,same_session+same_source_volume+same_subject
OAS1_0244,OAS1_0244_MR1,vol_0bd685435224,NonDemented,oasis1_comp_bb0431caeca0,5,same_session+same_source_volume+same_subject
OAS1_0244,OAS1_0244_MR1,vol_0bd685435224,NonDemented,oasis1_comp_bb0431caeca0,5,same_session+same_source_volume+same_subject
OAS1_0244,OAS1_0244_MR1,vol_0bd685435224,NonDemented,oasis1_comp_bb0431caeca0,5,same_session+same_source_volume+same_subject
OAS1_0244,OAS1_0244_MR1,vol_0bd685435224,NonDemented,oasis1_comp_bb0431caeca0,5,same_session+same_source_volume+same_subject
OAS1_0173,OAS1_0173_MR1,vol_ece492a1d280,label_missing,oasis1_comp_63d311bd80ef,5,same_session+same_source_volume+same_subject
OAS1_0173,OAS1_0173_MR1,vol_ece492a1d280,label_missing,oasis1_comp_63d311bd80ef,5,same_session+same_source_volume+same_subject
OAS1_0173,OAS1_0173_MR1,vol_ece492a1d280,label_missing,oasis1_comp_63d311bd80ef,5,same_session+same_source_volume+same_subject
OAS1_0173,OAS1_0173_MR1,vol_ece492a1d280,label_missing,oasis1_comp_63d311bd80ef,5,same_session+same_source_volume+same_subject
OAS1_0173,OAS1_0173_MR1,vol_ece492a1d280,label_missing,oasis1_comp_63d311bd80ef,5,same_session+same_source_volume+same_subject
OAS1_0357,OAS1_0357_MR1,vol_bd7e8ac79514,NonDemented,oasis1_comp_3ec5ed2eda7c,5,same_session+same_source_volume+same_subject
OAS1_0357,OAS1_0357_MR1,vol_bd7e8ac79514,NonDemented,oasis1_comp_3ec5ed2eda7c,5,same_session+same_source_volume+same_subject
OAS1_0357,OAS1_0357_MR1,vol_bd7e8ac79514,NonDemented,oasis1_comp_3ec5ed2eda7c,5,same_session+same_source_volume+same_subject
OAS1_0357,OAS1_0357_MR1,vol_bd7e8ac79514,NonDemented,oasis1_comp_3ec5ed2eda7c,5,same_session+same_source_volume+same_subject
OAS1_0357,OAS1_0357_MR1,vol_bd7e8ac79514,NonDemented,oasis1_comp_3ec5ed2eda7c,5,same_session+same_source_volume+same_subject
OAS1_0441,OAS1_0441_MR1,vol_75726d226db4,Demented,oasis1_comp_3ad052018803,5,same_session+same_source_volume+same_subject
OAS1_0441,OAS1_0441_MR1,vol_75726d226db4,Demented,oasis1_comp_3ad052018803,5,same_session+same_source_volume+same_subject
OAS1_0441,OAS1_0441_MR1,vol_75726d226db4,Demented,oasis1_comp_3ad052018803,5,same_session+same_source_volume+same_subject
OAS1_0441,OAS1_0441_MR1,vol_75726d226db4,Demented,oasis1_comp_3ad052018803,5,same_session+same_source_volume+same_subject
OAS1_0441,OAS1_0441_MR1,vol_75726d226db4,Demented,oasis1_comp_3ad052018803,5,same_session+same_source_volume+same_subject
OAS1_0409,OAS1_0409_MR1,vol_d96b76ce32b0,label_missing,oasis1_comp_90e6235a5539,5,same_session+same_source_volume+same_subject
OAS1_0409,OAS1_0409_MR1,vol_d96b76ce32b0,label_missing,oasis1_comp_90e6235a5539,5,same_session+same_source_volume+same_subject
OAS1_0409,OAS1_0409_MR1,vol_d96b76ce32b0,label_missing,oasis1_comp_90e6235a5539,5,same_session+same_source_volume+same_subject
OAS1_0409,OAS1_0409_MR1,vol_d96b76ce32b0,label_missing,oasis1_comp_90e6235a5539,5,same_session+same_source_volume+same_subject
OAS1_0409,OAS1_0409_MR1,vol_d96b76ce32b0,label_missing,oasis1_comp_90e6235a5539,5,same_session+same_source_volume+same_subject
OAS1_0368,OAS1_0368_MR1,vol_9a20154b3e33,label_missing,oasis1_comp_a0cadd0bde72,10,same_session+same_source_volume+same_subject
OAS1_0368,OAS1_0368_MR1,vol_9a20154b3e33,label_missing,oasis1_comp_a0cadd0bde72,10,same_session+same_source_volume+same_subject
OAS1_0368,OAS1_0368_MR1,vol_9a20154b3e33,label_missing,oasis1_comp_a0cadd0bde72,10,same_session+same_source_volume+same_subject
OAS1_0368,OAS1_0368_MR1,vol_9a20154b3e33,label_missing,oasis1_comp_a0cadd0bde72,10,same_session+same_source_volume+same_subject
OAS1_0368,OAS1_0368_MR1,vol_9a20154b3e33,label_missing,oasis1_comp_a0cadd0bde72,10,same_session+same_source_volume+same_subject
OAS1_0368,OAS1_0368_MR2,vol_966f1808eea2,label_missing,oasis1_comp_a0cadd0bde72,10,same_session+same_source_volume+same_subject
OAS1_0368,OAS1_0368_MR2,vol_966f1808eea2,label_missing,oasis1_comp_a0cadd0bde72,10,same_session+same_source_volume+same_subject
OAS1_0368,OAS1_0368_MR2,vol_966f1808eea2,label_missing,oasis1_comp_a0cadd0bde72,10,same_session+same_source_volume+same_subject
OAS1_0368,OAS1_0368_MR2,vol_966f1808eea2,label_missing,oasis1_comp_a0cadd0bde72,10,same_session+same_source_volume+same_subject
OAS1_0368,OAS1_0368_MR2,vol_966f1808eea2,label_missing,oasis1_comp_a0cadd0bde72,10,same_session+same_source_volume+same_subject
OAS1_0077,OAS1_0077_MR1,vol_726c7ee35f4a,label_missing,oasis1_comp_01abf36e63ea,5,same_session+same_source_volume+same_subject
OAS1_0077,OAS1_0077_MR1,vol_726c7ee35f4a,label_missing,oasis1_comp_01abf36e63ea,5,same_session+same_source_volume+same_subject
OAS1_0077,OAS1_0077_MR1,vol_726c7ee35f4a,label_missing,oasis1_comp_01abf36e63ea,5,same_session+same_source_volume+same_subject
OAS1_0077,OAS1_0077_MR1,vol_726c7ee35f4a,label_missing,oasis1_comp_01abf36e63ea,5,same_session+same_source_volume+same_subject
OAS1_0077,OAS1_0077_MR1,vol_726c7ee35f4a,label_missing,oasis1_comp_01abf36e63ea,5,same_session+same_source_volume+same_subject
OAS1_0200,OAS1_0200_MR1,vol_7a1d5ff06200,NonDemented,oasis1_comp_339c95c23ee7,5,same_session+same_source_volume+same_subject
OAS1_0200,OAS1_0200_MR1,vol_7a1d5ff06200,NonDemented,oasis1_comp_339c95c23ee7,5,same_session+same_source_volume+same_subject
OAS1_0200,OAS1_0200_MR1,vol_7a1d5ff06200,NonDemented,oasis1_comp_339c95c23ee7,5,same_session+same_source_volume+same_subject
OAS1_0200,OAS1_0200_MR1,vol_7a1d5ff06200,NonDemented,oasis1_comp_339c95c23ee7,5,same_session+same_source_volume+same_subject
OAS1_0200,OAS1_0200_MR1,vol_7a1d5ff06200,NonDemented,oasis1_comp_339c95c23ee7,5,same_session+same_source_volume+same_subject
OAS1_0086,OAS1_0086_MR1,vol_b33afeacf195,NonDemented,oasis1_comp_78ccfff48f67,5,same_session+same_source_volume+same_subject
OAS1_0086,OAS1_0086_MR1,vol_b33afeacf195,NonDemented,oasis1_comp_78ccfff48f67,5,same_session+same_source_volume+same_subject
OAS1_0086,OAS1_0086_MR1,vol_b33afeacf195,NonDemented,oasis1_comp_78ccfff48f67,5,same_session+same_source_volume+same_subject
OAS1_0086,OAS1_0086_MR1,vol_b33afeacf195,NonDemented,oasis1_comp_78ccfff48f67,5,same_session+same_source_volume+same_subject
OAS1_0086,OAS1_0086_MR1,vol_b33afeacf195,NonDemented,oasis1_comp_78ccfff48f67,5,same_session+same_source_volume+same_subject
OAS1_0448,OAS1_0448_MR1,vol_d957e240ef04,label_missing,oasis1_comp_3305517cb50a,5,same_session+same_source_volume+same_subject
OAS1_0448,OAS1_0448_MR1,vol_d957e240ef04,label_missing,oasis1_comp_3305517cb50a,5,same_session+same_source_volume+same_subject
OAS1_0448,OAS1_0448_MR1,vol_d957e240ef04,label_missing,oasis1_comp_3305517cb50a,5,same_session+same_source_volume+same_subject
OAS1_0448,OAS1_0448_MR1,vol_d957e240ef04,label_missing,oasis1_comp_3305517cb50a,5,same_session+same_source_volume+same_subject
OAS1_0448,OAS1_0448_MR1,vol_d957e240ef04,label_missing,oasis1_comp_3305517cb50a,5,same_session+same_source_volume+same_subject
OAS1_0328,OAS1_0328_MR1,vol_480ea6d8f2bc,label_missing,oasis1_comp_8c29119f4f35,5,same_session+same_source_volume+same_subject
OAS1_0328,OAS1_0328_MR1,vol_480ea6d8f2bc,label_missing,oasis1_comp_8c29119f4f35,5,same_session+same_source_volume+same_subject
OAS1_0328,OAS1_0328_MR1,vol_480ea6d8f2bc,label_missing,oasis1_comp_8c29119f4f35,5,same_session+same_source_volume+same_subject
OAS1_0328,OAS1_0328_MR1,vol_480ea6d8f2bc,label_missing,oasis1_comp_8c29119f4f35,5,same_session+same_source_volume+same_subject
OAS1_0328,OAS1_0328_MR1,vol_480ea6d8f2bc,label_missing,oasis1_comp_8c29119f4f35,5,same_session+same_source_volume+same_subject
OAS1_0259,OAS1_0259_MR1,vol_4d07ed1458d1,NonDemented,oasis1_comp_ffceadfbb51c,5,same_session+same_source_volume+same_subject
OAS1_0259,OAS1_0259_MR1,vol_4d07ed1458d1,NonDemented,oasis1_comp_ffceadfbb51c,5,same_session+same_source_volume+same_subject
OAS1_0259,OAS1_0259_MR1,vol_4d07ed1458d1,NonDemented,oasis1_comp_ffceadfbb51c,5,same_session+same_source_volume+same_subject
OAS1_0259,OAS1_0259_MR1,vol_4d07ed1458d1,NonDemented,oasis1_comp_ffceadfbb51c,5,same_session+same_source_volume+same_subject
OAS1_0259,OAS1_0259_MR1,vol_4d07ed1458d1,NonDemented,oasis1_comp_ffceadfbb51c,5,same_session+same_source_volume+same_subject
OAS1_0183,OAS1_0183_MR1,vol_88aa617fca92,label_missing,oasis1_comp_c1b3179e5e63,5,same_session+same_source_volume+same_subject
OAS1_0183,OAS1_0183_MR1,vol_88aa617fca92,label_missing,oasis1_comp_c1b3179e5e63,5,same_session+same_source_volume+same_subject
OAS1_0183,OAS1_0183_MR1,vol_88aa617fca92,label_missing,oasis1_comp_c1b3179e5e63,5,same_session+same_source_volume+same_subject
OAS1_0183,OAS1_0183_MR1,vol_88aa617fca92,label_missing,oasis1_comp_c1b3179e5e63,5,same_session+same_source_volume+same_subject
OAS1_0183,OAS1_0183_MR1,vol_88aa617fca92,label_missing,oasis1_comp_c1b3179e5e63,5,same_session+same_source_volume+same_subject
OAS1_0279,OAS1_0279_MR1,vol_317e678e7179,NonDemented,oasis1_comp_3e4027eed15b,5,same_session+same_source_volume+same_subject
OAS1_0279,OAS1_0279_MR1,vol_317e678e7179,NonDemented,oasis1_comp_3e4027eed15b,5,same_session+same_source_volume+same_subject
OAS1_0279,OAS1_0279_MR1,vol_317e678e7179,NonDemented,oasis1_comp_3e4027eed15b,5,same_session+same_source_volume+same_subject
OAS1_0279,OAS1_0279_MR1,vol_317e678e7179,NonDemented,oasis1_comp_3e4027eed15b,5,same_session+same_source_volume+same_subject
OAS1_0279,OAS1_0279_MR1,vol_317e678e7179,NonDemented,oasis1_comp_3e4027eed15b,5,same_session+same_source_volume+same_subject
OAS1_0081,OAS1_0081_MR1,vol_461d161e3fca,label_missing,oasis1_comp_36ea99378aa7,5,same_session+same_source_volume+same_subject
OAS1_0081,OAS1_0081_MR1,vol_461d161e3fca,label_missing,oasis1_comp_36ea99378aa7,5,same_session+same_source_volume+same_subject
OAS1_0081,OAS1_0081_MR1,vol_461d161e3fca,label_missing,oasis1_comp_36ea99378aa7,5,same_session+same_source_volume+same_subject
OAS1_0081,OAS1_0081_MR1,vol_461d161e3fca,label_missing,oasis1_comp_36ea99378aa7,5,same_session+same_source_volume+same_subject
OAS1_0081,OAS1_0081_MR1,vol_461d161e3fca,label_missing,oasis1_comp_36ea99378aa7,5,same_session+same_source_volume+same_subject
OAS1_0340,OAS1_0340_MR1,vol_f550f8087abc,label_missing,oasis1_comp_57b90836cad1,5,same_session+same_source_volume+same_subject
OAS1_0340,OAS1_0340_MR1,vol_f550f8087abc,label_missing,oasis1_comp_57b90836cad1,5,same_session+same_source_volume+same_subject
OAS1_0340,OAS1_0340_MR1,vol_f550f8087abc,label_missing,oasis1_comp_57b90836cad1,5,same_session+same_source_volume+same_subject
OAS1_0340,OAS1_0340_MR1,vol_f550f8087abc,label_missing,oasis1_comp_57b90836cad1,5,same_session+same_source_volume+same_subject
OAS1_0340,OAS1_0340_MR1,vol_f550f8087abc,label_missing,oasis1_comp_57b90836cad1,5,same_session+same_source_volume+same_subject
OAS1_0400,OAS1_0400_MR1,vol_ce83254f32b8,Demented,oasis1_comp_032cb421e868,5,same_session+same_source_volume+same_subject
OAS1_0400,OAS1_0400_MR1,vol_ce83254f32b8,Demented,oasis1_comp_032cb421e868,5,same_session+same_source_volume+same_subject
OAS1_0400,OAS1_0400_MR1,vol_ce83254f32b8,Demented,oasis1_comp_032cb421e868,5,same_session+same_source_volume+same_subject
OAS1_0400,OAS1_0400_MR1,vol_ce83254f32b8,Demented,oasis1_comp_032cb421e868,5,same_session+same_source_volume+same_subject
OAS1_0400,OAS1_0400_MR1,vol_ce83254f32b8,Demented,oasis1_comp_032cb421e868,5,same_session+same_source_volume+same_subject
OAS1_0121,OAS1_0121_MR1,vol_8419fe04cf70,label_missing,oasis1_comp_7b2b91d71a87,5,same_session+same_source_volume+same_subject
OAS1_0121,OAS1_0121_MR1,vol_8419fe04cf70,label_missing,oasis1_comp_7b2b91d71a87,5,same_session+same_source_volume+same_subject
OAS1_0121,OAS1_0121_MR1,vol_8419fe04cf70,label_missing,oasis1_comp_7b2b91d71a87,5,same_session+same_source_volume+same_subject
OAS1_0121,OAS1_0121_MR1,vol_8419fe04cf70,label_missing,oasis1_comp_7b2b91d71a87,5,same_session+same_source_volume+same_subject
OAS1_0121,OAS1_0121_MR1,vol_8419fe04cf70,label_missing,oasis1_comp_7b2b91d71a87,5,same_session+same_source_volume+same_subject
OAS1_0087,OAS1_0087_MR1,vol_f9896e0b4229,label_missing,oasis1_comp_1b116e80f7a9,5,same_session+same_source_volume+same_subject
OAS1_0087,OAS1_0087_MR1,vol_f9896e0b4229,label_missing,oasis1_comp_1b116e80f7a9,5,same_session+same_source_volume+same_subject
OAS1_0087,OAS1_0087_MR1,vol_f9896e0b4229,label_missing,oasis1_comp_1b116e80f7a9,5,same_session+same_source_volume+same_subject
OAS1_0087,OAS1_0087_MR1,vol_f9896e0b4229,label_missing,oasis1_comp_1b116e80f7a9,5,same_session+same_source_volume+same_subject
OAS1_0087,OAS1_0087_MR1,vol_f9896e0b4229,label_missing,oasis1_comp_1b116e80f7a9,5,same_session+same_source_volume+same_subject
OAS1_0163,OAS1_0163_MR1,vol_e994e8f9dd0c,label_missing,oasis1_comp_e93429efe0e4,5,same_session+same_source_volume+same_subject
OAS1_0163,OAS1_0163_MR1,vol_e994e8f9dd0c,label_missing,oasis1_comp_e93429efe0e4,5,same_session+same_source_volume+same_subject
OAS1_0163,OAS1_0163_MR1,vol_e994e8f9dd0c,label_missing,oasis1_comp_e93429efe0e4,5,same_session+same_source_volume+same_subject
OAS1_0163,OAS1_0163_MR1,vol_e994e8f9dd0c,label_missing,oasis1_comp_e93429efe0e4,5,same_session+same_source_volume+same_subject
OAS1_0163,OAS1_0163_MR1,vol_e994e8f9dd0c,label_missing,oasis1_comp_e93429efe0e4,5,same_session+same_source_volume+same_subject
OAS1_0095,OAS1_0095_MR1,vol_225d68c271d9,label_missing,oasis1_comp_31e63480651b,5,same_session+same_source_volume+same_subject
OAS1_0095,OAS1_0095_MR1,vol_225d68c271d9,label_missing,oasis1_comp_31e63480651b,5,same_session+same_source_volume+same_subject
OAS1_0095,OAS1_0095_MR1,vol_225d68c271d9,label_missing,oasis1_comp_31e63480651b,5,same_session+same_source_volume+same_subject
OAS1_0095,OAS1_0095_MR1,vol_225d68c271d9,label_missing,oasis1_comp_31e63480651b,5,same_session+same_source_volume+same_subject
OAS1_0095,OAS1_0095_MR1,vol_225d68c271d9,label_missing,oasis1_comp_31e63480651b,5,same_session+same_source_volume+same_subject
OAS1_0020,OAS1_0020_MR1,vol_1a32333dd310,NonDemented,oasis1_comp_acf88cec4239,5,same_session+same_source_volume+same_subject
OAS1_0020,OAS1_0020_MR1,vol_1a32333dd310,NonDemented,oasis1_comp_acf88cec4239,5,same_session+same_source_volume+same_subject
OAS1_0020,OAS1_0020_MR1,vol_1a32333dd310,NonDemented,oasis1_comp_acf88cec4239,5,same_session+same_source_volume+same_subject
OAS1_0020,OAS1_0020_MR1,vol_1a32333dd310,NonDemented,oasis1_comp_acf88cec4239,5,same_session+same_source_volume+same_subject
OAS1_0020,OAS1_0020_MR1,vol_1a32333dd310,NonDemented,oasis1_comp_acf88cec4239,5,same_session+same_source_volume+same_subject
OAS1_0199,OAS1_0199_MR1,vol_1d4ebc5dde67,NonDemented,oasis1_comp_878107f454f3,5,same_session+same_source_volume+same_subject
OAS1_0199,OAS1_0199_MR1,vol_1d4ebc5dde67,NonDemented,oasis1_comp_878107f454f3,5,same_session+same_source_volume+same_subject
OAS1_0199,OAS1_0199_MR1,vol_1d4ebc5dde67,NonDemented,oasis1_comp_878107f454f3,5,same_session+same_source_volume+same_subject
OAS1_0199,OAS1_0199_MR1,vol_1d4ebc5dde67,NonDemented,oasis1_comp_878107f454f3,5,same_session+same_source_volume+same_subject
OAS1_0199,OAS1_0199_MR1,vol_1d4ebc5dde67,NonDemented,oasis1_comp_878107f454f3,5,same_session+same_source_volume+same_subject
OAS1_0166,OAS1_0166_MR1,vol_d053a3065c8b,Demented,oasis1_comp_a86a672e7ed2,5,same_session+same_source_volume+same_subject
OAS1_0166,OAS1_0166_MR1,vol_d053a3065c8b,Demented,oasis1_comp_a86a672e7ed2,5,same_session+same_source_volume+same_subject
OAS1_0166,OAS1_0166_MR1,vol_d053a3065c8b,Demented,oasis1_comp_a86a672e7ed2,5,same_session+same_source_volume+same_subject
OAS1_0166,OAS1_0166_MR1,vol_d053a3065c8b,Demented,oasis1_comp_a86a672e7ed2,5,same_session+same_source_volume+same_subject
OAS1_0166,OAS1_0166_MR1,vol_d053a3065c8b,Demented,oasis1_comp_a86a672e7ed2,5,same_session+same_source_volume+same_subject
OAS1_0238,OAS1_0238_MR1,vol_2815ddef492d,Demented,oasis1_comp_557e71247b40,5,same_session+same_source_volume+same_subject
OAS1_0238,OAS1_0238_MR1,vol_2815ddef492d,Demented,oasis1_comp_557e71247b40,5,same_session+same_source_volume+same_subject
OAS1_0238,OAS1_0238_MR1,vol_2815ddef492d,Demented,oasis1_comp_557e71247b40,5,same_session+same_source_volume+same_subject
OAS1_0238,OAS1_0238_MR1,vol_2815ddef492d,Demented,oasis1_comp_557e71247b40,5,same_session+same_source_volume+same_subject
OAS1_0238,OAS1_0238_MR1,vol_2815ddef492d,Demented,oasis1_comp_557e71247b40,5,same_session+same_source_volume+same_subject
OAS1_0447,OAS1_0447_MR1,vol_4c9e012b0e3a,Demented,oasis1_comp_248a101ec1b0,5,same_session+same_source_volume+same_subject
OAS1_0447,OAS1_0447_MR1,vol_4c9e012b0e3a,Demented,oasis1_comp_248a101ec1b0,5,same_session+same_source_volume+same_subject
OAS1_0447,OAS1_0447_MR1,vol_4c9e012b0e3a,Demented,oasis1_comp_248a101ec1b0,5,same_session+same_source_volume+same_subject
OAS1_0447,OAS1_0447_MR1,vol_4c9e012b0e3a,Demented,oasis1_comp_248a101ec1b0,5,same_session+same_source_volume+same_subject
OAS1_0447,OAS1_0447_MR1,vol_4c9e012b0e3a,Demented,oasis1_comp_248a101ec1b0,5,same_session+same_source_volume+same_subject
OAS1_0046,OAS1_0046_MR1,vol_cac58a26a3f2,Demented,oasis1_comp_dbfb81705584,5,same_session+same_source_volume+same_subject
OAS1_0046,OAS1_0046_MR1,vol_cac58a26a3f2,Demented,oasis1_comp_dbfb81705584,5,same_session+same_source_volume+same_subject
OAS1_0046,OAS1_0046_MR1,vol_cac58a26a3f2,Demented,oasis1_comp_dbfb81705584,5,same_session+same_source_volume+same_subject
OAS1_0046,OAS1_0046_MR1,vol_cac58a26a3f2,Demented,oasis1_comp_dbfb81705584,5,same_session+same_source_volume+same_subject
OAS1_0046,OAS1_0046_MR1,vol_cac58a26a3f2,Demented,oasis1_comp_dbfb81705584,5,same_session+same_source_volume+same_subject
OAS1_0261,OAS1_0261_MR1,vol_a76188e6b5ed,label_missing,oasis1_comp_144944c1835f,5,same_session+same_source_volume+same_subject
OAS1_0261,OAS1_0261_MR1,vol_a76188e6b5ed,label_missing,oasis1_comp_144944c1835f,5,same_session+same_source_volume+same_subject
OAS1_0261,OAS1_0261_MR1,vol_a76188e6b5ed,label_missing,oasis1_comp_144944c1835f,5,same_session+same_source_volume+same_subject
OAS1_0261,OAS1_0261_MR1,vol_a76188e6b5ed,label_missing,oasis1_comp_144944c1835f,5,same_session+same_source_volume+same_subject
OAS1_0261,OAS1_0261_MR1,vol_a76188e6b5ed,label_missing,oasis1_comp_144944c1835f,5,same_session+same_source_volume+same_subject
OAS1_0317,OAS1_0317_MR1,vol_a5379100c5b7,NonDemented,oasis1_comp_ab8246691569,5,same_session+same_source_volume+same_subject
OAS1_0317,OAS1_0317_MR1,vol_a5379100c5b7,NonDemented,oasis1_comp_ab8246691569,5,same_session+same_source_volume+same_subject
OAS1_0317,OAS1_0317_MR1,vol_a5379100c5b7,NonDemented,oasis1_comp_ab8246691569,5,same_session+same_source_volume+same_subject
OAS1_0317,OAS1_0317_MR1,vol_a5379100c5b7,NonDemented,oasis1_comp_ab8246691569,5,same_session+same_source_volume+same_subject
OAS1_0317,OAS1_0317_MR1,vol_a5379100c5b7,NonDemented,oasis1_comp_ab8246691569,5,same_session+same_source_volume+same_subject
OAS1_0338,OAS1_0338_MR1,vol_1d25c242144f,NonDemented,oasis1_comp_c4b819ce91dc,5,same_session+same_source_volume+same_subject
OAS1_0338,OAS1_0338_MR1,vol_1d25c242144f,NonDemented,oasis1_comp_c4b819ce91dc,5,same_session+same_source_volume+same_subject
OAS1_0338,OAS1_0338_MR1,vol_1d25c242144f,NonDemented,oasis1_comp_c4b819ce91dc,5,same_session+same_source_volume+same_subject
OAS1_0338,OAS1_0338_MR1,vol_1d25c242144f,NonDemented,oasis1_comp_c4b819ce91dc,5,same_session+same_source_volume+same_subject
OAS1_0338,OAS1_0338_MR1,vol_1d25c242144f,NonDemented,oasis1_comp_c4b819ce91dc,5,same_session+same_source_volume+same_subject
OAS1_0282,OAS1_0282_MR1,vol_9cc9ca55a1ad,label_missing,oasis1_comp_0d6646787343,5,same_session+same_source_volume+same_subject
OAS1_0282,OAS1_0282_MR1,vol_9cc9ca55a1ad,label_missing,oasis1_comp_0d6646787343,5,same_session+same_source_volume+same_subject
OAS1_0282,OAS1_0282_MR1,vol_9cc9ca55a1ad,label_missing,oasis1_comp_0d6646787343,5,same_session+same_source_volume+same_subject
OAS1_0282,OAS1_0282_MR1,vol_9cc9ca55a1ad,label_missing,oasis1_comp_0d6646787343,5,same_session+same_source_volume+same_subject
OAS1_0282,OAS1_0282_MR1,vol_9cc9ca55a1ad,label_missing,oasis1_comp_0d6646787343,5,same_session+same_source_volume+same_subject
OAS1_0162,OAS1_0162_MR1,vol_bd72d61290d5,label_missing,oasis1_comp_d9d78453a355,5,same_session+same_source_volume+same_subject
OAS1_0162,OAS1_0162_MR1,vol_bd72d61290d5,label_missing,oasis1_comp_d9d78453a355,5,same_session+same_source_volume+same_subject
OAS1_0162,OAS1_0162_MR1,vol_bd72d61290d5,label_missing,oasis1_comp_d9d78453a355,5,same_session+same_source_volume+same_subject
OAS1_0162,OAS1_0162_MR1,vol_bd72d61290d5,label_missing,oasis1_comp_d9d78453a355,5,same_session+same_source_volume+same_subject
OAS1_0162,OAS1_0162_MR1,vol_bd72d61290d5,label_missing,oasis1_comp_d9d78453a355,5,same_session+same_source_volume+same_subject
OAS1_0221,OAS1_0221_MR1,vol_859caaae5a14,NonDemented,oasis1_comp_f875e7975705,5,same_session+same_source_volume+same_subject
OAS1_0221,OAS1_0221_MR1,vol_859caaae5a14,NonDemented,oasis1_comp_f875e7975705,5,same_session+same_source_volume+same_subject
OAS1_0221,OAS1_0221_MR1,vol_859caaae5a14,NonDemented,oasis1_comp_f875e7975705,5,same_session+same_source_volume+same_subject
OAS1_0221,OAS1_0221_MR1,vol_859caaae5a14,NonDemented,oasis1_comp_f875e7975705,5,same_session+same_source_volume+same_subject
OAS1_0221,OAS1_0221_MR1,vol_859caaae5a14,NonDemented,oasis1_comp_f875e7975705,5,same_session+same_source_volume+same_subject
OAS1_0333,OAS1_0333_MR1,vol_f41e830ce936,label_missing,oasis1_comp_e076eb949b5a,5,same_session+same_source_volume+same_subject
OAS1_0333,OAS1_0333_MR1,vol_f41e830ce936,label_missing,oasis1_comp_e076eb949b5a,5,same_session+same_source_volume+same_subject
OAS1_0333,OAS1_0333_MR1,vol_f41e830ce936,label_missing,oasis1_comp_e076eb949b5a,5,same_session+same_source_volume+same_subject
OAS1_0333,OAS1_0333_MR1,vol_f41e830ce936,label_missing,oasis1_comp_e076eb949b5a,5,same_session+same_source_volume+same_subject
OAS1_0333,OAS1_0333_MR1,vol_f41e830ce936,label_missing,oasis1_comp_e076eb949b5a,5,same_session+same_source_volume+same_subject
OAS1_0160,OAS1_0160_MR1,vol_7da02b3f2f27,label_missing,oasis1_comp_44643d335694,5,same_session+same_source_volume+same_subject
OAS1_0160,OAS1_0160_MR1,vol_7da02b3f2f27,label_missing,oasis1_comp_44643d335694,5,same_session+same_source_volume+same_subject
OAS1_0160,OAS1_0160_MR1,vol_7da02b3f2f27,label_missing,oasis1_comp_44643d335694,5,same_session+same_source_volume+same_subject
OAS1_0160,OAS1_0160_MR1,vol_7da02b3f2f27,label_missing,oasis1_comp_44643d335694,5,same_session+same_source_volume+same_subject
OAS1_0160,OAS1_0160_MR1,vol_7da02b3f2f27,label_missing,oasis1_comp_44643d335694,5,same_session+same_source_volume+same_subject
OAS1_0399,OAS1_0399_MR1,vol_5bc6641a62e3,Demented,oasis1_comp_c1b9a2a12343,5,same_session+same_source_volume+same_subject
OAS1_0399,OAS1_0399_MR1,vol_5bc6641a62e3,Demented,oasis1_comp_c1b9a2a12343,5,same_session+same_source_volume+same_subject
OAS1_0399,OAS1_0399_MR1,vol_5bc6641a62e3,Demented,oasis1_comp_c1b9a2a12343,5,same_session+same_source_volume+same_subject
OAS1_0399,OAS1_0399_MR1,vol_5bc6641a62e3,Demented,oasis1_comp_c1b9a2a12343,5,same_session+same_source_volume+same_subject
OAS1_0399,OAS1_0399_MR1,vol_5bc6641a62e3,Demented,oasis1_comp_c1b9a2a12343,5,same_session+same_source_volume+same_subject
OAS1_0130,OAS1_0130_MR1,vol_4f586b09e85c,NonDemented,oasis1_comp_f25569da2063,5,same_session+same_source_volume+same_subject
OAS1_0130,OAS1_0130_MR1,vol_4f586b09e85c,NonDemented,oasis1_comp_f25569da2063,5,same_session+same_source_volume+same_subject
OAS1_0130,OAS1_0130_MR1,vol_4f586b09e85c,NonDemented,oasis1_comp_f25569da2063,5,same_session+same_source_volume+same_subject
OAS1_0130,OAS1_0130_MR1,vol_4f586b09e85c,NonDemented,oasis1_comp_f25569da2063,5,same_session+same_source_volume+same_subject
OAS1_0130,OAS1_0130_MR1,vol_4f586b09e85c,NonDemented,oasis1_comp_f25569da2063,5,same_session+same_source_volume+same_subject
OAS1_0290,OAS1_0290_MR1,vol_dcaaa4a81026,Demented,oasis1_comp_81a901cfb648,5,same_session+same_source_volume+same_subject
OAS1_0290,OAS1_0290_MR1,vol_dcaaa4a81026,Demented,oasis1_comp_81a901cfb648,5,same_session+same_source_volume+same_subject
OAS1_0290,OAS1_0290_MR1,vol_dcaaa4a81026,Demented,oasis1_comp_81a901cfb648,5,same_session+same_source_volume+same_subject
OAS1_0290,OAS1_0290_MR1,vol_dcaaa4a81026,Demented,oasis1_comp_81a901cfb648,5,same_session+same_source_volume+same_subject
OAS1_0290,OAS1_0290_MR1,vol_dcaaa4a81026,Demented,oasis1_comp_81a901cfb648,5,same_session+same_source_volume+same_subject
OAS1_0231,OAS1_0231_MR1,vol_b2b67dcb9b89,label_missing,oasis1_comp_2060824db08b,5,same_session+same_source_volume+same_subject
OAS1_0231,OAS1_0231_MR1,vol_b2b67dcb9b89,label_missing,oasis1_comp_2060824db08b,5,same_session+same_source_volume+same_subject
OAS1_0231,OAS1_0231_MR1,vol_b2b67dcb9b89,label_missing,oasis1_comp_2060824db08b,5,same_session+same_source_volume+same_subject
OAS1_0231,OAS1_0231_MR1,vol_b2b67dcb9b89,label_missing,oasis1_comp_2060824db08b,5,same_session+same_source_volume+same_subject
OAS1_0231,OAS1_0231_MR1,vol_b2b67dcb9b89,label_missing,oasis1_comp_2060824db08b,5,same_session+same_source_volume+same_subject
OAS1_0432,OAS1_0432_MR1,vol_acc065f569a9,Demented,oasis1_comp_e37f8dce2fd7,5,same_session+same_source_volume+same_subject
OAS1_0432,OAS1_0432_MR1,vol_acc065f569a9,Demented,oasis1_comp_e37f8dce2fd7,5,same_session+same_source_volume+same_subject
OAS1_0432,OAS1_0432_MR1,vol_acc065f569a9,Demented,oasis1_comp_e37f8dce2fd7,5,same_session+same_source_volume+same_subject
OAS1_0432,OAS1_0432_MR1,vol_acc065f569a9,Demented,oasis1_comp_e37f8dce2fd7,5,same_session+same_source_volume+same_subject
OAS1_0432,OAS1_0432_MR1,vol_acc065f569a9,Demented,oasis1_comp_e37f8dce2fd7,5,same_session+same_source_volume+same_subject
OAS1_0283,OAS1_0283_MR1,vol_dd90e714e008,label_missing,oasis1_comp_044679f9631f,5,same_session+same_source_volume+same_subject
OAS1_0283,OAS1_0283_MR1,vol_dd90e714e008,label_missing,oasis1_comp_044679f9631f,5,same_session+same_source_volume+same_subject
OAS1_0283,OAS1_0283_MR1,vol_dd90e714e008,label_missing,oasis1_comp_044679f9631f,5,same_session+same_source_volume+same_subject
OAS1_0283,OAS1_0283_MR1,vol_dd90e714e008,label_missing,oasis1_comp_044679f9631f,5,same_session+same_source_volume+same_subject
OAS1_0283,OAS1_0283_MR1,vol_dd90e714e008,label_missing,oasis1_comp_044679f9631f,5,same_session+same_source_volume+same_subject
OAS1_0281,OAS1_0281_MR1,vol_42f39bb2e264,label_missing,oasis1_comp_695836e85a53,5,same_session+same_source_volume+same_subject
OAS1_0281,OAS1_0281_MR1,vol_42f39bb2e264,label_missing,oasis1_comp_695836e85a53,5,same_session+same_source_volume+same_subject
OAS1_0281,OAS1_0281_MR1,vol_42f39bb2e264,label_missing,oasis1_comp_695836e85a53,5,same_session+same_source_volume+same_subject
OAS1_0281,OAS1_0281_MR1,vol_42f39bb2e264,label_missing,oasis1_comp_695836e85a53,5,same_session+same_source_volume+same_subject
OAS1_0281,OAS1_0281_MR1,vol_42f39bb2e264,label_missing,oasis1_comp_695836e85a53,5,same_session+same_source_volume+same_subject
OAS1_0224,OAS1_0224_MR1,vol_940fc7cc1afb,label_missing,oasis1_comp_072f63684593,5,same_session+same_source_volume+same_subject
OAS1_0224,OAS1_0224_MR1,vol_940fc7cc1afb,label_missing,oasis1_comp_072f63684593,5,same_session+same_source_volume+same_subject
OAS1_0224,OAS1_0224_MR1,vol_940fc7cc1afb,label_missing,oasis1_comp_072f63684593,5,same_session+same_source_volume+same_subject
OAS1_0224,OAS1_0224_MR1,vol_940fc7cc1afb,label_missing,oasis1_comp_072f63684593,5,same_session+same_source_volume+same_subject
OAS1_0224,OAS1_0224_MR1,vol_940fc7cc1afb,label_missing,oasis1_comp_072f63684593,5,same_session+same_source_volume+same_subject
OAS1_0226,OAS1_0226_MR1,vol_c5c68ed6345f,Demented,oasis1_comp_a27e2b7754d7,5,same_session+same_source_volume+same_subject
OAS1_0226,OAS1_0226_MR1,vol_c5c68ed6345f,Demented,oasis1_comp_a27e2b7754d7,5,same_session+same_source_volume+same_subject
OAS1_0226,OAS1_0226_MR1,vol_c5c68ed6345f,Demented,oasis1_comp_a27e2b7754d7,5,same_session+same_source_volume+same_subject
OAS1_0226,OAS1_0226_MR1,vol_c5c68ed6345f,Demented,oasis1_comp_a27e2b7754d7,5,same_session+same_source_volume+same_subject
OAS1_0226,OAS1_0226_MR1,vol_c5c68ed6345f,Demented,oasis1_comp_a27e2b7754d7,5,same_session+same_source_volume+same_subject
OAS1_0408,OAS1_0408_MR1,vol_3fb09d325d71,label_missing,oasis1_comp_2643142bae27,5,same_session+same_source_volume+same_subject
OAS1_0408,OAS1_0408_MR1,vol_3fb09d325d71,label_missing,oasis1_comp_2643142bae27,5,same_session+same_source_volume+same_subject
OAS1_0408,OAS1_0408_MR1,vol_3fb09d325d71,label_missing,oasis1_comp_2643142bae27,5,same_session+same_source_volume+same_subject
OAS1_0408,OAS1_0408_MR1,vol_3fb09d325d71,label_missing,oasis1_comp_2643142bae27,5,same_session+same_source_volume+same_subject
OAS1_0408,OAS1_0408_MR1,vol_3fb09d325d71,label_missing,oasis1_comp_2643142bae27,5,same_session+same_source_volume+same_subject
OAS1_0214,OAS1_0214_MR1,vol_8af1381a217f,label_missing,oasis1_comp_50c7f6fca1ee,5,same_session+same_source_volume+same_subject
OAS1_0214,OAS1_0214_MR1,vol_8af1381a217f,label_missing,oasis1_comp_50c7f6fca1ee,5,same_session+same_source_volume+same_subject
OAS1_0214,OAS1_0214_MR1,vol_8af1381a217f,label_missing,oasis1_comp_50c7f6fca1ee,5,same_session+same_source_volume+same_subject
OAS1_0214,OAS1_0214_MR1,vol_8af1381a217f,label_missing,oasis1_comp_50c7f6fca1ee,5,same_session+same_source_volume+same_subject
OAS1_0214,OAS1_0214_MR1,vol_8af1381a217f,label_missing,oasis1_comp_50c7f6fca1ee,5,same_session+same_source_volume+same_subject
OAS1_0415,OAS1_0415_MR1,vol_809cf7442778,label_missing,oasis1_comp_4910907f1b90,5,same_session+same_source_volume+same_subject
OAS1_0415,OAS1_0415_MR1,vol_809cf7442778,label_missing,oasis1_comp_4910907f1b90,5,same_session+same_source_volume+same_subject
OAS1_0415,OAS1_0415_MR1,vol_809cf7442778,label_missing,oasis1_comp_4910907f1b90,5,same_session+same_source_volume+same_subject
OAS1_0415,OAS1_0415_MR1,vol_809cf7442778,label_missing,oasis1_comp_4910907f1b90,5,same_session+same_source_volume+same_subject
OAS1_0415,OAS1_0415_MR1,vol_809cf7442778,label_missing,oasis1_comp_4910907f1b90,5,same_session+same_source_volume+same_subject
OAS1_0254,OAS1_0254_MR1,vol_a95d7b9f9581,NonDemented,oasis1_comp_7b574ba9c3a5,5,same_session+same_source_volume+same_subject
OAS1_0254,OAS1_0254_MR1,vol_a95d7b9f9581,NonDemented,oasis1_comp_7b574ba9c3a5,5,same_session+same_source_volume+same_subject
OAS1_0254,OAS1_0254_MR1,vol_a95d7b9f9581,NonDemented,oasis1_comp_7b574ba9c3a5,5,same_session+same_source_volume+same_subject
OAS1_0254,OAS1_0254_MR1,vol_a95d7b9f9581,NonDemented,oasis1_comp_7b574ba9c3a5,5,same_session+same_source_volume+same_subject
OAS1_0254,OAS1_0254_MR1,vol_a95d7b9f9581,NonDemented,oasis1_comp_7b574ba9c3a5,5,same_session+same_source_volume+same_subject
OAS1_0147,OAS1_0147_MR1,vol_ea7d1dd60c25,label_missing,oasis1_comp_a57137433838,5,same_session+same_source_volume+same_subject
OAS1_0147,OAS1_0147_MR1,vol_ea7d1dd60c25,label_missing,oasis1_comp_a57137433838,5,same_session+same_source_volume+same_subject
OAS1_0147,OAS1_0147_MR1,vol_ea7d1dd60c25,label_missing,oasis1_comp_a57137433838,5,same_session+same_source_volume+same_subject
OAS1_0147,OAS1_0147_MR1,vol_ea7d1dd60c25,label_missing,oasis1_comp_a57137433838,5,same_session+same_source_volume+same_subject
OAS1_0147,OAS1_0147_MR1,vol_ea7d1dd60c25,label_missing,oasis1_comp_a57137433838,5,same_session+same_source_volume+same_subject
OAS1_0195,OAS1_0195_MR1,vol_04a36a1f76c2,NonDemented,oasis1_comp_dc308422dfea,5,same_session+same_source_volume+same_subject
OAS1_0195,OAS1_0195_MR1,vol_04a36a1f76c2,NonDemented,oasis1_comp_dc308422dfea,5,same_session+same_source_volume+same_subject
OAS1_0195,OAS1_0195_MR1,vol_04a36a1f76c2,NonDemented,oasis1_comp_dc308422dfea,5,same_session+same_source_volume+same_subject
OAS1_0195,OAS1_0195_MR1,vol_04a36a1f76c2,NonDemented,oasis1_comp_dc308422dfea,5,same_session+same_source_volume+same_subject
OAS1_0195,OAS1_0195_MR1,vol_04a36a1f76c2,NonDemented,oasis1_comp_dc308422dfea,5,same_session+same_source_volume+same_subject
OAS1_0080,OAS1_0080_MR1,vol_24c5ee6fa42b,label_missing,oasis1_comp_75147ddcb9a4,10,same_session+same_source_volume+same_subject
OAS1_0080,OAS1_0080_MR1,vol_24c5ee6fa42b,label_missing,oasis1_comp_75147ddcb9a4,10,same_session+same_source_volume+same_subject
OAS1_0080,OAS1_0080_MR1,vol_24c5ee6fa42b,label_missing,oasis1_comp_75147ddcb9a4,10,same_session+same_source_volume+same_subject
OAS1_0080,OAS1_0080_MR1,vol_24c5ee6fa42b,label_missing,oasis1_comp_75147ddcb9a4,10,same_session+same_source_volume+same_subject
OAS1_0080,OAS1_0080_MR1,vol_24c5ee6fa42b,label_missing,oasis1_comp_75147ddcb9a4,10,same_session+same_source_volume+same_subject
OAS1_0080,OAS1_0080_MR2,vol_c1127a4f842e,label_missing,oasis1_comp_75147ddcb9a4,10,same_session+same_source_volume+same_subject
OAS1_0080,OAS1_0080_MR2,vol_c1127a4f842e,label_missing,oasis1_comp_75147ddcb9a4,10,same_session+same_source_volume+same_subject
OAS1_0080,OAS1_0080_MR2,vol_c1127a4f842e,label_missing,oasis1_comp_75147ddcb9a4,10,same_session+same_source_volume+same_subject
OAS1_0080,OAS1_0080_MR2,vol_c1127a4f842e,label_missing,oasis1_comp_75147ddcb9a4,10,same_session+same_source_volume+same_subject
OAS1_0080,OAS1_0080_MR2,vol_c1127a4f842e,label_missing,oasis1_comp_75147ddcb9a4,10,same_session+same_source_volume+same_subject
OAS1_0211,OAS1_0211_MR1,vol_f4119ce4019d,label_missing,oasis1_comp_0023abf25bcd,5,same_session+same_source_volume+same_subject
OAS1_0211,OAS1_0211_MR1,vol_f4119ce4019d,label_missing,oasis1_comp_0023abf25bcd,5,same_session+same_source_volume+same_subject
OAS1_0211,OAS1_0211_MR1,vol_f4119ce4019d,label_missing,oasis1_comp_0023abf25bcd,5,same_session+same_source_volume+same_subject
OAS1_0211,OAS1_0211_MR1,vol_f4119ce4019d,label_missing,oasis1_comp_0023abf25bcd,5,same_session+same_source_volume+same_subject
OAS1_0211,OAS1_0211_MR1,vol_f4119ce4019d,label_missing,oasis1_comp_0023abf25bcd,5,same_session+same_source_volume+same_subject
OAS1_0443,OAS1_0443_MR1,vol_d5cd08753877,NonDemented,oasis1_comp_820af380fa9c,5,same_session+same_source_volume+same_subject
OAS1_0443,OAS1_0443_MR1,vol_d5cd08753877,NonDemented,oasis1_comp_820af380fa9c,5,same_session+same_source_volume+same_subject
OAS1_0443,OAS1_0443_MR1,vol_d5cd08753877,NonDemented,oasis1_comp_820af380fa9c,5,same_session+same_source_volume+same_subject
OAS1_0443,OAS1_0443_MR1,vol_d5cd08753877,NonDemented,oasis1_comp_820af380fa9c,5,same_session+same_source_volume+same_subject
OAS1_0443,OAS1_0443_MR1,vol_d5cd08753877,NonDemented,oasis1_comp_820af380fa9c,5,same_session+same_source_volume+same_subject
OAS1_0076,OAS1_0076_MR1,vol_9e316ed3cec5,label_missing,oasis1_comp_a6220e806f98,5,same_session+same_source_volume+same_subject
OAS1_0076,OAS1_0076_MR1,vol_9e316ed3cec5,label_missing,oasis1_comp_a6220e806f98,5,same_session+same_source_volume+same_subject
OAS1_0076,OAS1_0076_MR1,vol_9e316ed3cec5,label_missing,oasis1_comp_a6220e806f98,5,same_session+same_source_volume+same_subject
OAS1_0076,OAS1_0076_MR1,vol_9e316ed3cec5,label_missing,oasis1_comp_a6220e806f98,5,same_session+same_source_volume+same_subject
OAS1_0076,OAS1_0076_MR1,vol_9e316ed3cec5,label_missing,oasis1_comp_a6220e806f98,5,same_session+same_source_volume+same_subject
OAS1_0037,OAS1_0037_MR1,vol_9619598da1b4,label_missing,oasis1_comp_ac24451c28af,5,same_session+same_source_volume+same_subject
OAS1_0037,OAS1_0037_MR1,vol_9619598da1b4,label_missing,oasis1_comp_ac24451c28af,5,same_session+same_source_volume+same_subject
OAS1_0037,OAS1_0037_MR1,vol_9619598da1b4,label_missing,oasis1_comp_ac24451c28af,5,same_session+same_source_volume+same_subject
OAS1_0037,OAS1_0037_MR1,vol_9619598da1b4,label_missing,oasis1_comp_ac24451c28af,5,same_session+same_source_volume+same_subject
OAS1_0037,OAS1_0037_MR1,vol_9619598da1b4,label_missing,oasis1_comp_ac24451c28af,5,same_session+same_source_volume+same_subject
OAS1_0309,OAS1_0309_MR1,vol_1d518a02845b,NonDemented,oasis1_comp_636c24f3b435,5,same_session+same_source_volume+same_subject
OAS1_0309,OAS1_0309_MR1,vol_1d518a02845b,NonDemented,oasis1_comp_636c24f3b435,5,same_session+same_source_volume+same_subject
OAS1_0309,OAS1_0309_MR1,vol_1d518a02845b,NonDemented,oasis1_comp_636c24f3b435,5,same_session+same_source_volume+same_subject
OAS1_0309,OAS1_0309_MR1,vol_1d518a02845b,NonDemented,oasis1_comp_636c24f3b435,5,same_session+same_source_volume+same_subject
OAS1_0309,OAS1_0309_MR1,vol_1d518a02845b,NonDemented,oasis1_comp_636c24f3b435,5,same_session+same_source_volume+same_subject
OAS1_0310,OAS1_0310_MR1,vol_b2c5dd733660,label_missing,oasis1_comp_843fbfb66bed,5,same_session+same_source_volume+same_subject
OAS1_0310,OAS1_0310_MR1,vol_b2c5dd733660,label_missing,oasis1_comp_843fbfb66bed,5,same_session+same_source_volume+same_subject
OAS1_0310,OAS1_0310_MR1,vol_b2c5dd733660,label_missing,oasis1_comp_843fbfb66bed,5,same_session+same_source_volume+same_subject
OAS1_0310,OAS1_0310_MR1,vol_b2c5dd733660,label_missing,oasis1_comp_843fbfb66bed,5,same_session+same_source_volume+same_subject
OAS1_0310,OAS1_0310_MR1,vol_b2c5dd733660,label_missing,oasis1_comp_843fbfb66bed,5,same_session+same_source_volume+same_subject
OAS1_0417,OAS1_0417_MR1,vol_2522ba00d769,label_missing,oasis1_comp_3254d4d2dd62,5,same_session+same_source_volume+same_subject
OAS1_0417,OAS1_0417_MR1,vol_2522ba00d769,label_missing,oasis1_comp_3254d4d2dd62,5,same_session+same_source_volume+same_subject
OAS1_0417,OAS1_0417_MR1,vol_2522ba00d769,label_missing,oasis1_comp_3254d4d2dd62,5,same_session+same_source_volume+same_subject
OAS1_0417,OAS1_0417_MR1,vol_2522ba00d769,label_missing,oasis1_comp_3254d4d2dd62,5,same_session+same_source_volume+same_subject
OAS1_0417,OAS1_0417_MR1,vol_2522ba00d769,label_missing,oasis1_comp_3254d4d2dd62,5,same_session+same_source_volume+same_subject
OAS1_0321,OAS1_0321_MR1,vol_cfe13e19e7bd,label_missing,oasis1_comp_a0001a1020ca,5,same_session+same_source_volume+same_subject
OAS1_0321,OAS1_0321_MR1,vol_cfe13e19e7bd,label_missing,oasis1_comp_a0001a1020ca,5,same_session+same_source_volume+same_subject
OAS1_0321,OAS1_0321_MR1,vol_cfe13e19e7bd,label_missing,oasis1_comp_a0001a1020ca,5,same_session+same_source_volume+same_subject
OAS1_0321,OAS1_0321_MR1,vol_cfe13e19e7bd,label_missing,oasis1_comp_a0001a1020ca,5,same_session+same_source_volume+same_subject
OAS1_0321,OAS1_0321_MR1,vol_cfe13e19e7bd,label_missing,oasis1_comp_a0001a1020ca,5,same_session+same_source_volume+same_subject
OAS1_0301,OAS1_0301_MR1,vol_b0d04a41b3b6,NonDemented,oasis1_comp_30a173854140,5,same_session+same_source_volume+same_subject
OAS1_0301,OAS1_0301_MR1,vol_b0d04a41b3b6,NonDemented,oasis1_comp_30a173854140,5,same_session+same_source_volume+same_subject
OAS1_0301,OAS1_0301_MR1,vol_b0d04a41b3b6,NonDemented,oasis1_comp_30a173854140,5,same_session+same_source_volume+same_subject
OAS1_0301,OAS1_0301_MR1,vol_b0d04a41b3b6,NonDemented,oasis1_comp_30a173854140,5,same_session+same_source_volume+same_subject
OAS1_0301,OAS1_0301_MR1,vol_b0d04a41b3b6,NonDemented,oasis1_comp_30a173854140,5,same_session+same_source_volume+same_subject
OAS1_0372,OAS1_0372_MR1,vol_2c7a8605b822,NonDemented,oasis1_comp_1b8e3acef0a2,5,same_session+same_source_volume+same_subject
OAS1_0372,OAS1_0372_MR1,vol_2c7a8605b822,NonDemented,oasis1_comp_1b8e3acef0a2,5,same_session+same_source_volume+same_subject
OAS1_0372,OAS1_0372_MR1,vol_2c7a8605b822,NonDemented,oasis1_comp_1b8e3acef0a2,5,same_session+same_source_volume+same_subject
OAS1_0372,OAS1_0372_MR1,vol_2c7a8605b822,NonDemented,oasis1_comp_1b8e3acef0a2,5,same_session+same_source_volume+same_subject
OAS1_0372,OAS1_0372_MR1,vol_2c7a8605b822,NonDemented,oasis1_comp_1b8e3acef0a2,5,same_session+same_source_volume+same_subject
OAS1_0390,OAS1_0390_MR1,vol_2fd38e219825,Demented,oasis1_comp_605fd3045fa1,5,same_session+same_source_volume+same_subject
OAS1_0390,OAS1_0390_MR1,vol_2fd38e219825,Demented,oasis1_comp_605fd3045fa1,5,same_session+same_source_volume+same_subject
OAS1_0390,OAS1_0390_MR1,vol_2fd38e219825,Demented,oasis1_comp_605fd3045fa1,5,same_session+same_source_volume+same_subject
OAS1_0390,OAS1_0390_MR1,vol_2fd38e219825,Demented,oasis1_comp_605fd3045fa1,5,same_session+same_source_volume+same_subject
OAS1_0390,OAS1_0390_MR1,vol_2fd38e219825,Demented,oasis1_comp_605fd3045fa1,5,same_session+same_source_volume+same_subject
OAS1_0300,OAS1_0300_MR1,vol_f86b6194feca,Demented,oasis1_comp_e9a3ca66ecde,5,same_session+same_source_volume+same_subject
OAS1_0300,OAS1_0300_MR1,vol_f86b6194feca,Demented,oasis1_comp_e9a3ca66ecde,5,same_session+same_source_volume+same_subject
OAS1_0300,OAS1_0300_MR1,vol_f86b6194feca,Demented,oasis1_comp_e9a3ca66ecde,5,same_session+same_source_volume+same_subject
OAS1_0300,OAS1_0300_MR1,vol_f86b6194feca,Demented,oasis1_comp_e9a3ca66ecde,5,same_session+same_source_volume+same_subject
OAS1_0300,OAS1_0300_MR1,vol_f86b6194feca,Demented,oasis1_comp_e9a3ca66ecde,5,same_session+same_source_volume+same_subject
OAS1_0001,OAS1_0001_MR1,vol_64955d117710,NonDemented,oasis1_comp_d45af7887006,5,same_session+same_source_volume+same_subject
OAS1_0001,OAS1_0001_MR1,vol_64955d117710,NonDemented,oasis1_comp_d45af7887006,5,same_session+same_source_volume+same_subject
OAS1_0001,OAS1_0001_MR1,vol_64955d117710,NonDemented,oasis1_comp_d45af7887006,5,same_session+same_source_volume+same_subject
OAS1_0001,OAS1_0001_MR1,vol_64955d117710,NonDemented,oasis1_comp_d45af7887006,5,same_session+same_source_volume+same_subject
OAS1_0001,OAS1_0001_MR1,vol_64955d117710,NonDemented,oasis1_comp_d45af7887006,5,same_session+same_source_volume+same_subject
OAS1_0365,OAS1_0365_MR1,vol_4416b945053e,NonDemented,oasis1_comp_73a4c0885c0e,5,same_session+same_source_volume+same_subject
OAS1_0365,OAS1_0365_MR1,vol_4416b945053e,NonDemented,oasis1_comp_73a4c0885c0e,5,same_session+same_source_volume+same_subject
OAS1_0365,OAS1_0365_MR1,vol_4416b945053e,NonDemented,oasis1_comp_73a4c0885c0e,5,same_session+same_source_volume+same_subject
OAS1_0365,OAS1_0365_MR1,vol_4416b945053e,NonDemented,oasis1_comp_73a4c0885c0e,5,same_session+same_source_volume+same_subject
OAS1_0365,OAS1_0365_MR1,vol_4416b945053e,NonDemented,oasis1_comp_73a4c0885c0e,5,same_session+same_source_volume+same_subject
OAS1_0274,OAS1_0274_MR1,vol_ba25a701cc91,NonDemented,oasis1_comp_006189147cd8,5,same_session+same_source_volume+same_subject
OAS1_0274,OAS1_0274_MR1,vol_ba25a701cc91,NonDemented,oasis1_comp_006189147cd8,5,same_session+same_source_volume+same_subject
OAS1_0274,OAS1_0274_MR1,vol_ba25a701cc91,NonDemented,oasis1_comp_006189147cd8,5,same_session+same_source_volume+same_subject
OAS1_0274,OAS1_0274_MR1,vol_ba25a701cc91,NonDemented,oasis1_comp_006189147cd8,5,same_session+same_source_volume+same_subject
OAS1_0274,OAS1_0274_MR1,vol_ba25a701cc91,NonDemented,oasis1_comp_006189147cd8,5,same_session+same_source_volume+same_subject
OAS1_0167,OAS1_0167_MR1,vol_c897e3a9caf6,label_missing,oasis1_comp_d7ab9af36d9e,5,same_session+same_source_volume+same_subject
OAS1_0167,OAS1_0167_MR1,vol_c897e3a9caf6,label_missing,oasis1_comp_d7ab9af36d9e,5,same_session+same_source_volume+same_subject
OAS1_0167,OAS1_0167_MR1,vol_c897e3a9caf6,label_missing,oasis1_comp_d7ab9af36d9e,5,same_session+same_source_volume+same_subject
OAS1_0167,OAS1_0167_MR1,vol_c897e3a9caf6,label_missing,oasis1_comp_d7ab9af36d9e,5,same_session+same_source_volume+same_subject
OAS1_0167,OAS1_0167_MR1,vol_c897e3a9caf6,label_missing,oasis1_comp_d7ab9af36d9e,5,same_session+same_source_volume+same_subject
OAS1_0186,OAS1_0186_MR1,vol_41607a1d88de,NonDemented,oasis1_comp_634f48ef84b0,5,same_session+same_source_volume+same_subject
OAS1_0186,OAS1_0186_MR1,vol_41607a1d88de,NonDemented,oasis1_comp_634f48ef84b0,5,same_session+same_source_volume+same_subject
OAS1_0186,OAS1_0186_MR1,vol_41607a1d88de,NonDemented,oasis1_comp_634f48ef84b0,5,same_session+same_source_volume+same_subject
OAS1_0186,OAS1_0186_MR1,vol_41607a1d88de,NonDemented,oasis1_comp_634f48ef84b0,5,same_session+same_source_volume+same_subject
OAS1_0186,OAS1_0186_MR1,vol_41607a1d88de,NonDemented,oasis1_comp_634f48ef84b0,5,same_session+same_source_volume+same_subject
OAS1_0298,OAS1_0298_MR1,vol_03532911df22,Demented,oasis1_comp_67726f0d7382,5,same_session+same_source_volume+same_subject
OAS1_0298,OAS1_0298_MR1,vol_03532911df22,Demented,oasis1_comp_67726f0d7382,5,same_session+same_source_volume+same_subject
OAS1_0298,OAS1_0298_MR1,vol_03532911df22,Demented,oasis1_comp_67726f0d7382,5,same_session+same_source_volume+same_subject
OAS1_0298,OAS1_0298_MR1,vol_03532911df22,Demented,oasis1_comp_67726f0d7382,5,same_session+same_source_volume+same_subject
OAS1_0298,OAS1_0298_MR1,vol_03532911df22,Demented,oasis1_comp_67726f0d7382,5,same_session+same_source_volume+same_subject
OAS1_0339,OAS1_0339_MR1,vol_7c2c205dca90,Demented,oasis1_comp_4e2c8d2e04b0,5,same_session+same_source_volume+same_subject
OAS1_0339,OAS1_0339_MR1,vol_7c2c205dca90,Demented,oasis1_comp_4e2c8d2e04b0,5,same_session+same_source_volume+same_subject
OAS1_0339,OAS1_0339_MR1,vol_7c2c205dca90,Demented,oasis1_comp_4e2c8d2e04b0,5,same_session+same_source_volume+same_subject
OAS1_0339,OAS1_0339_MR1,vol_7c2c205dca90,Demented,oasis1_comp_4e2c8d2e04b0,5,same_session+same_source_volume+same_subject
OAS1_0339,OAS1_0339_MR1,vol_7c2c205dca90,Demented,oasis1_comp_4e2c8d2e04b0,5,same_session+same_source_volume+same_subject
OAS1_0116,OAS1_0116_MR1,vol_0ea11fa45d13,NonDemented,oasis1_comp_0a0f86cf9ecb,5,same_session+same_source_volume+same_subject
OAS1_0116,OAS1_0116_MR1,vol_0ea11fa45d13,NonDemented,oasis1_comp_0a0f86cf9ecb,5,same_session+same_source_volume+same_subject
OAS1_0116,OAS1_0116_MR1,vol_0ea11fa45d13,NonDemented,oasis1_comp_0a0f86cf9ecb,5,same_session+same_source_volume+same_subject
OAS1_0116,OAS1_0116_MR1,vol_0ea11fa45d13,NonDemented,oasis1_comp_0a0f86cf9ecb,5,same_session+same_source_volume+same_subject
OAS1_0116,OAS1_0116_MR1,vol_0ea11fa45d13,NonDemented,oasis1_comp_0a0f86cf9ecb,5,same_session+same_source_volume+same_subject
OAS1_0262,OAS1_0262_MR1,vol_103c04e0dcf1,NonDemented,oasis1_comp_e83a90acfbe1,5,same_session+same_source_volume+same_subject
OAS1_0262,OAS1_0262_MR1,vol_103c04e0dcf1,NonDemented,oasis1_comp_e83a90acfbe1,5,same_session+same_source_volume+same_subject
OAS1_0262,OAS1_0262_MR1,vol_103c04e0dcf1,NonDemented,oasis1_comp_e83a90acfbe1,5,same_session+same_source_volume+same_subject
OAS1_0262,OAS1_0262_MR1,vol_103c04e0dcf1,NonDemented,oasis1_comp_e83a90acfbe1,5,same_session+same_source_volume+same_subject
OAS1_0262,OAS1_0262_MR1,vol_103c04e0dcf1,NonDemented,oasis1_comp_e83a90acfbe1,5,same_session+same_source_volume+same_subject
OAS1_0396,OAS1_0396_MR1,vol_319ddf4de8d4,label_missing,oasis1_comp_bb1fa037a9a8,5,same_session+same_source_volume+same_subject
OAS1_0396,OAS1_0396_MR1,vol_319ddf4de8d4,label_missing,oasis1_comp_bb1fa037a9a8,5,same_session+same_source_volume+same_subject
OAS1_0396,OAS1_0396_MR1,vol_319ddf4de8d4,label_missing,oasis1_comp_bb1fa037a9a8,5,same_session+same_source_volume+same_subject
OAS1_0396,OAS1_0396_MR1,vol_319ddf4de8d4,label_missing,oasis1_comp_bb1fa037a9a8,5,same_session+same_source_volume+same_subject
OAS1_0396,OAS1_0396_MR1,vol_319ddf4de8d4,label_missing,oasis1_comp_bb1fa037a9a8,5,same_session+same_source_volume+same_subject
OAS1_0326,OAS1_0326_MR1,vol_8ff561570671,NonDemented,oasis1_comp_2431bb5ff49d,5,same_session+same_source_volume+same_subject
OAS1_0326,OAS1_0326_MR1,vol_8ff561570671,NonDemented,oasis1_comp_2431bb5ff49d,5,same_session+same_source_volume+same_subject
OAS1_0326,OAS1_0326_MR1,vol_8ff561570671,NonDemented,oasis1_comp_2431bb5ff49d,5,same_session+same_source_volume+same_subject
OAS1_0326,OAS1_0326_MR1,vol_8ff561570671,NonDemented,oasis1_comp_2431bb5ff49d,5,same_session+same_source_volume+same_subject
OAS1_0326,OAS1_0326_MR1,vol_8ff561570671,NonDemented,oasis1_comp_2431bb5ff49d,5,same_session+same_source_volume+same_subject
OAS1_0101,OAS1_0101_MR1,vol_3a96dea8a22c,label_missing,oasis1_comp_eabcfad39437,10,same_session+same_source_volume+same_subject
OAS1_0101,OAS1_0101_MR1,vol_3a96dea8a22c,label_missing,oasis1_comp_eabcfad39437,10,same_session+same_source_volume+same_subject
OAS1_0101,OAS1_0101_MR1,vol_3a96dea8a22c,label_missing,oasis1_comp_eabcfad39437,10,same_session+same_source_volume+same_subject
OAS1_0101,OAS1_0101_MR1,vol_3a96dea8a22c,label_missing,oasis1_comp_eabcfad39437,10,same_session+same_source_volume+same_subject
OAS1_0101,OAS1_0101_MR1,vol_3a96dea8a22c,label_missing,oasis1_comp_eabcfad39437,10,same_session+same_source_volume+same_subject
OAS1_0101,OAS1_0101_MR2,vol_5a288763aaf0,label_missing,oasis1_comp_eabcfad39437,10,same_session+same_source_volume+same_subject
OAS1_0101,OAS1_0101_MR2,vol_5a288763aaf0,label_missing,oasis1_comp_eabcfad39437,10,same_session+same_source_volume+same_subject
OAS1_0101,OAS1_0101_MR2,vol_5a288763aaf0,label_missing,oasis1_comp_eabcfad39437,10,same_session+same_source_volume+same_subject
OAS1_0101,OAS1_0101_MR2,vol_5a288763aaf0,label_missing,oasis1_comp_eabcfad39437,10,same_session+same_source_volume+same_subject
OAS1_0101,OAS1_0101_MR2,vol_5a288763aaf0,label_missing,oasis1_comp_eabcfad39437,10,same_session+same_source_volume+same_subject
OAS1_0322,OAS1_0322_MR1,vol_2c9082713fa6,NonDemented,oasis1_comp_34de08ce3a7a,5,same_session+same_source_volume+same_subject
OAS1_0322,OAS1_0322_MR1,vol_2c9082713fa6,NonDemented,oasis1_comp_34de08ce3a7a,5,same_session+same_source_volume+same_subject
OAS1_0322,OAS1_0322_MR1,vol_2c9082713fa6,NonDemented,oasis1_comp_34de08ce3a7a,5,same_session+same_source_volume+same_subject
OAS1_0322,OAS1_0322_MR1,vol_2c9082713fa6,NonDemented,oasis1_comp_34de08ce3a7a,5,same_session+same_source_volume+same_subject
OAS1_0322,OAS1_0322_MR1,vol_2c9082713fa6,NonDemented,oasis1_comp_34de08ce3a7a,5,same_session+same_source_volume+same_subject
OAS1_0291,OAS1_0291_MR1,vol_afa003c5008f,Demented,oasis1_comp_2304f906c681,5,same_session+same_source_volume+same_subject
OAS1_0291,OAS1_0291_MR1,vol_afa003c5008f,Demented,oasis1_comp_2304f906c681,5,same_session+same_source_volume+same_subject
OAS1_0291,OAS1_0291_MR1,vol_afa003c5008f,Demented,oasis1_comp_2304f906c681,5,same_session+same_source_volume+same_subject
OAS1_0291,OAS1_0291_MR1,vol_afa003c5008f,Demented,oasis1_comp_2304f906c681,5,same_session+same_source_volume+same_subject
OAS1_0291,OAS1_0291_MR1,vol_afa003c5008f,Demented,oasis1_comp_2304f906c681,5,same_session+same_source_volume+same_subject
OAS1_0094,OAS1_0094_MR1,vol_941c66e374e7,Demented,oasis1_comp_ceb3f860d4f4,5,same_session+same_source_volume+same_subject
OAS1_0094,OAS1_0094_MR1,vol_941c66e374e7,Demented,oasis1_comp_ceb3f860d4f4,5,same_session+same_source_volume+same_subject
OAS1_0094,OAS1_0094_MR1,vol_941c66e374e7,Demented,oasis1_comp_ceb3f860d4f4,5,same_session+same_source_volume+same_subject
OAS1_0094,OAS1_0094_MR1,vol_941c66e374e7,Demented,oasis1_comp_ceb3f860d4f4,5,same_session+same_source_volume+same_subject
OAS1_0094,OAS1_0094_MR1,vol_941c66e374e7,Demented,oasis1_comp_ceb3f860d4f4,5,same_session+same_source_volume+same_subject
OAS1_0120,OAS1_0120_MR1,vol_4b1ea8331c4c,Demented,oasis1_comp_4b8a493ef2ab,5,same_session+same_source_volume+same_subject
OAS1_0120,OAS1_0120_MR1,vol_4b1ea8331c4c,Demented,oasis1_comp_4b8a493ef2ab,5,same_session+same_source_volume+same_subject
OAS1_0120,OAS1_0120_MR1,vol_4b1ea8331c4c,Demented,oasis1_comp_4b8a493ef2ab,5,same_session+same_source_volume+same_subject
OAS1_0120,OAS1_0120_MR1,vol_4b1ea8331c4c,Demented,oasis1_comp_4b8a493ef2ab,5,same_session+same_source_volume+same_subject
OAS1_0120,OAS1_0120_MR1,vol_4b1ea8331c4c,Demented,oasis1_comp_4b8a493ef2ab,5,same_session+same_source_volume+same_subject
OAS1_0426,OAS1_0426_MR1,vol_30b2b4a6e807,NonDemented,oasis1_comp_14e68d23afbc,5,same_session+same_source_volume+same_subject
OAS1_0426,OAS1_0426_MR1,vol_30b2b4a6e807,NonDemented,oasis1_comp_14e68d23afbc,5,same_session+same_source_volume+same_subject
OAS1_0426,OAS1_0426_MR1,vol_30b2b4a6e807,NonDemented,oasis1_comp_14e68d23afbc,5,same_session+same_source_volume+same_subject
OAS1_0426,OAS1_0426_MR1,vol_30b2b4a6e807,NonDemented,oasis1_comp_14e68d23afbc,5,same_session+same_source_volume+same_subject
OAS1_0426,OAS1_0426_MR1,vol_30b2b4a6e807,NonDemented,oasis1_comp_14e68d23afbc,5,same_session+same_source_volume+same_subject
OAS1_0234,OAS1_0234_MR1,vol_1e57a7a68d50,NonDemented,oasis1_comp_58803a66a840,5,same_session+same_source_volume+same_subject
OAS1_0234,OAS1_0234_MR1,vol_1e57a7a68d50,NonDemented,oasis1_comp_58803a66a840,5,same_session+same_source_volume+same_subject
OAS1_0234,OAS1_0234_MR1,vol_1e57a7a68d50,NonDemented,oasis1_comp_58803a66a840,5,same_session+same_source_volume+same_subject
OAS1_0234,OAS1_0234_MR1,vol_1e57a7a68d50,NonDemented,oasis1_comp_58803a66a840,5,same_session+same_source_volume+same_subject
OAS1_0234,OAS1_0234_MR1,vol_1e57a7a68d50,NonDemented,oasis1_comp_58803a66a840,5,same_session+same_source_volume+same_subject
OAS1_0286,OAS1_0286_MR1,vol_b08b2dff2dff,Demented,oasis1_comp_0fdc54ebcd32,5,same_session+same_source_volume+same_subject
OAS1_0286,OAS1_0286_MR1,vol_b08b2dff2dff,Demented,oasis1_comp_0fdc54ebcd32,5,same_session+same_source_volume+same_subject
OAS1_0286,OAS1_0286_MR1,vol_b08b2dff2dff,Demented,oasis1_comp_0fdc54ebcd32,5,same_session+same_source_volume+same_subject
OAS1_0286,OAS1_0286_MR1,vol_b08b2dff2dff,Demented,oasis1_comp_0fdc54ebcd32,5,same_session+same_source_volume+same_subject
OAS1_0286,OAS1_0286_MR1,vol_b08b2dff2dff,Demented,oasis1_comp_0fdc54ebcd32,5,same_session+same_source_volume+same_subject
OAS1_0032,OAS1_0032_MR1,vol_35197b7fedf9,NonDemented,oasis1_comp_2220ff1ef87f,5,same_session+same_source_volume+same_subject
OAS1_0032,OAS1_0032_MR1,vol_35197b7fedf9,NonDemented,oasis1_comp_2220ff1ef87f,5,same_session+same_source_volume+same_subject
OAS1_0032,OAS1_0032_MR1,vol_35197b7fedf9,NonDemented,oasis1_comp_2220ff1ef87f,5,same_session+same_source_volume+same_subject
OAS1_0032,OAS1_0032_MR1,vol_35197b7fedf9,NonDemented,oasis1_comp_2220ff1ef87f,5,same_session+same_source_volume+same_subject
OAS1_0032,OAS1_0032_MR1,vol_35197b7fedf9,NonDemented,oasis1_comp_2220ff1ef87f,5,same_session+same_source_volume+same_subject
OAS1_0263,OAS1_0263_MR1,vol_b8df25d2b86a,Demented,oasis1_comp_f762a3b4054c,5,same_session+same_source_volume+same_subject
OAS1_0263,OAS1_0263_MR1,vol_b8df25d2b86a,Demented,oasis1_comp_f762a3b4054c,5,same_session+same_source_volume+same_subject
OAS1_0263,OAS1_0263_MR1,vol_b8df25d2b86a,Demented,oasis1_comp_f762a3b4054c,5,same_session+same_source_volume+same_subject
OAS1_0263,OAS1_0263_MR1,vol_b8df25d2b86a,Demented,oasis1_comp_f762a3b4054c,5,same_session+same_source_volume+same_subject
OAS1_0263,OAS1_0263_MR1,vol_b8df25d2b86a,Demented,oasis1_comp_f762a3b4054c,5,same_session+same_source_volume+same_subject
OAS1_0350,OAS1_0350_MR1,vol_48c88db1c5ce,label_missing,oasis1_comp_3c0b82e67ea6,5,same_session+same_source_volume+same_subject
OAS1_0350,OAS1_0350_MR1,vol_48c88db1c5ce,label_missing,oasis1_comp_3c0b82e67ea6,5,same_session+same_source_volume+same_subject
OAS1_0350,OAS1_0350_MR1,vol_48c88db1c5ce,label_missing,oasis1_comp_3c0b82e67ea6,5,same_session+same_source_volume+same_subject
OAS1_0350,OAS1_0350_MR1,vol_48c88db1c5ce,label_missing,oasis1_comp_3c0b82e67ea6,5,same_session+same_source_volume+same_subject
OAS1_0350,OAS1_0350_MR1,vol_48c88db1c5ce,label_missing,oasis1_comp_3c0b82e67ea6,5,same_session+same_source_volume+same_subject
OAS1_0455,OAS1_0455_MR1,vol_16d72259b3e3,NonDemented,oasis1_comp_7399134e2879,5,same_session+same_source_volume+same_subject
OAS1_0455,OAS1_0455_MR1,vol_16d72259b3e3,NonDemented,oasis1_comp_7399134e2879,5,same_session+same_source_volume+same_subject
OAS1_0455,OAS1_0455_MR1,vol_16d72259b3e3,NonDemented,oasis1_comp_7399134e2879,5,same_session+same_source_volume+same_subject
OAS1_0455,OAS1_0455_MR1,vol_16d72259b3e3,NonDemented,oasis1_comp_7399134e2879,5,same_session+same_source_volume+same_subject
OAS1_0455,OAS1_0455_MR1,vol_16d72259b3e3,NonDemented,oasis1_comp_7399134e2879,5,same_session+same_source_volume+same_subject
OAS1_0398,OAS1_0398_MR1,vol_1306629b2f31,NonDemented,oasis1_comp_c65ff7dd0f0d,5,same_session+same_source_volume+same_subject
OAS1_0398,OAS1_0398_MR1,vol_1306629b2f31,NonDemented,oasis1_comp_c65ff7dd0f0d,5,same_session+same_source_volume+same_subject
OAS1_0398,OAS1_0398_MR1,vol_1306629b2f31,NonDemented,oasis1_comp_c65ff7dd0f0d,5,same_session+same_source_volume+same_subject
OAS1_0398,OAS1_0398_MR1,vol_1306629b2f31,NonDemented,oasis1_comp_c65ff7dd0f0d,5,same_session+same_source_volume+same_subject
OAS1_0398,OAS1_0398_MR1,vol_1306629b2f31,NonDemented,oasis1_comp_c65ff7dd0f0d,5,same_session+same_source_volume+same_subject
OAS1_0040,OAS1_0040_MR1,vol_591a7657a747,label_missing,oasis1_comp_f81fcc626ad1,5,same_session+same_source_volume+same_subject
OAS1_0040,OAS1_0040_MR1,vol_591a7657a747,label_missing,oasis1_comp_f81fcc626ad1,5,same_session+same_source_volume+same_subject
OAS1_0040,OAS1_0040_MR1,vol_591a7657a747,label_missing,oasis1_comp_f81fcc626ad1,5,same_session+same_source_volume+same_subject
OAS1_0040,OAS1_0040_MR1,vol_591a7657a747,label_missing,oasis1_comp_f81fcc626ad1,5,same_session+same_source_volume+same_subject
OAS1_0040,OAS1_0040_MR1,vol_591a7657a747,label_missing,oasis1_comp_f81fcc626ad1,5,same_session+same_source_volume+same_subject
OAS1_0260,OAS1_0260_MR1,vol_8b85f86b04da,NonDemented,oasis1_comp_f41d200df6cf,5,same_session+same_source_volume+same_subject
OAS1_0260,OAS1_0260_MR1,vol_8b85f86b04da,NonDemented,oasis1_comp_f41d200df6cf,5,same_session+same_source_volume+same_subject
OAS1_0260,OAS1_0260_MR1,vol_8b85f86b04da,NonDemented,oasis1_comp_f41d200df6cf,5,same_session+same_source_volume+same_subject
OAS1_0260,OAS1_0260_MR1,vol_8b85f86b04da,NonDemented,oasis1_comp_f41d200df6cf,5,same_session+same_source_volume+same_subject
OAS1_0260,OAS1_0260_MR1,vol_8b85f86b04da,NonDemented,oasis1_comp_f41d200df6cf,5,same_session+same_source_volume+same_subject
OAS1_0190,OAS1_0190_MR1,vol_f2df88d94a3c,label_missing,oasis1_comp_a83abc64c950,5,same_session+same_source_volume+same_subject
OAS1_0190,OAS1_0190_MR1,vol_f2df88d94a3c,label_missing,oasis1_comp_a83abc64c950,5,same_session+same_source_volume+same_subject
OAS1_0190,OAS1_0190_MR1,vol_f2df88d94a3c,label_missing,oasis1_comp_a83abc64c950,5,same_session+same_source_volume+same_subject
OAS1_0190,OAS1_0190_MR1,vol_f2df88d94a3c,label_missing,oasis1_comp_a83abc64c950,5,same_session+same_source_volume+same_subject
OAS1_0190,OAS1_0190_MR1,vol_f2df88d94a3c,label_missing,oasis1_comp_a83abc64c950,5,same_session+same_source_volume+same_subject
OAS1_0250,OAS1_0250_MR1,vol_659a75b0db50,label_missing,oasis1_comp_219db09c48bf,5,same_session+same_source_volume+same_subject
OAS1_0250,OAS1_0250_MR1,vol_659a75b0db50,label_missing,oasis1_comp_219db09c48bf,5,same_session+same_source_volume+same_subject
OAS1_0250,OAS1_0250_MR1,vol_659a75b0db50,label_missing,oasis1_comp_219db09c48bf,5,same_session+same_source_volume+same_subject
OAS1_0250,OAS1_0250_MR1,vol_659a75b0db50,label_missing,oasis1_comp_219db09c48bf,5,same_session+same_source_volume+same_subject
OAS1_0250,OAS1_0250_MR1,vol_659a75b0db50,label_missing,oasis1_comp_219db09c48bf,5,same_session+same_source_volume+same_subject
OAS1_0133,OAS1_0133_MR1,vol_7c775afd60eb,NonDemented,oasis1_comp_fc909ea8301d,5,same_session+same_source_volume+same_subject
OAS1_0133,OAS1_0133_MR1,vol_7c775afd60eb,NonDemented,oasis1_comp_fc909ea8301d,5,same_session+same_source_volume+same_subject
OAS1_0133,OAS1_0133_MR1,vol_7c775afd60eb,NonDemented,oasis1_comp_fc909ea8301d,5,same_session+same_source_volume+same_subject
OAS1_0133,OAS1_0133_MR1,vol_7c775afd60eb,NonDemented,oasis1_comp_fc909ea8301d,5,same_session+same_source_volume+same_subject
OAS1_0133,OAS1_0133_MR1,vol_7c775afd60eb,NonDemented,oasis1_comp_fc909ea8301d,5,same_session+same_source_volume+same_subject
OAS1_0044,OAS1_0044_MR1,vol_2b196be21d54,NonDemented,oasis1_comp_e9e10e73c03b,5,same_session+same_source_volume+same_subject
OAS1_0044,OAS1_0044_MR1,vol_2b196be21d54,NonDemented,oasis1_comp_e9e10e73c03b,5,same_session+same_source_volume+same_subject
OAS1_0044,OAS1_0044_MR1,vol_2b196be21d54,NonDemented,oasis1_comp_e9e10e73c03b,5,same_session+same_source_volume+same_subject
OAS1_0044,OAS1_0044_MR1,vol_2b196be21d54,NonDemented,oasis1_comp_e9e10e73c03b,5,same_session+same_source_volume+same_subject
OAS1_0044,OAS1_0044_MR1,vol_2b196be21d54,NonDemented,oasis1_comp_e9e10e73c03b,5,same_session+same_source_volume+same_subject
OAS1_0258,OAS1_0258_MR1,vol_912a69583982,label_missing,oasis1_comp_67f4ef0dee5a,5,same_session+same_source_volume+same_subject
OAS1_0258,OAS1_0258_MR1,vol_912a69583982,label_missing,oasis1_comp_67f4ef0dee5a,5,same_session+same_source_volume+same_subject
OAS1_0258,OAS1_0258_MR1,vol_912a69583982,label_missing,oasis1_comp_67f4ef0dee5a,5,same_session+same_source_volume+same_subject
OAS1_0258,OAS1_0258_MR1,vol_912a69583982,label_missing,oasis1_comp_67f4ef0dee5a,5,same_session+same_source_volume+same_subject
OAS1_0258,OAS1_0258_MR1,vol_912a69583982,label_missing,oasis1_comp_67f4ef0dee5a,5,same_session+same_source_volume+same_subject
OAS1_0012,OAS1_0012_MR1,vol_e1e957152046,label_missing,oasis1_comp_ab46135ebb18,5,same_session+same_source_volume+same_subject
OAS1_0012,OAS1_0012_MR1,vol_e1e957152046,label_missing,oasis1_comp_ab46135ebb18,5,same_session+same_source_volume+same_subject
OAS1_0012,OAS1_0012_MR1,vol_e1e957152046,label_missing,oasis1_comp_ab46135ebb18,5,same_session+same_source_volume+same_subject
OAS1_0012,OAS1_0012_MR1,vol_e1e957152046,label_missing,oasis1_comp_ab46135ebb18,5,same_session+same_source_volume+same_subject
OAS1_0012,OAS1_0012_MR1,vol_e1e957152046,label_missing,oasis1_comp_ab46135ebb18,5,same_session+same_source_volume+same_subject
OAS1_0098,OAS1_0098_MR1,vol_b781d5181496,Demented,oasis1_comp_697ff9acb9f6,5,same_session+same_source_volume+same_subject
OAS1_0098,OAS1_0098_MR1,vol_b781d5181496,Demented,oasis1_comp_697ff9acb9f6,5,same_session+same_source_volume+same_subject
OAS1_0098,OAS1_0098_MR1,vol_b781d5181496,Demented,oasis1_comp_697ff9acb9f6,5,same_session+same_source_volume+same_subject
OAS1_0098,OAS1_0098_MR1,vol_b781d5181496,Demented,oasis1_comp_697ff9acb9f6,5,same_session+same_source_volume+same_subject
OAS1_0098,OAS1_0098_MR1,vol_b781d5181496,Demented,oasis1_comp_697ff9acb9f6,5,same_session+same_source_volume+same_subject
OAS1_0003,OAS1_0003_MR1,vol_36f6c6d04236,Demented,oasis1_comp_8620c083cb4c,5,same_session+same_source_volume+same_subject
OAS1_0003,OAS1_0003_MR1,vol_36f6c6d04236,Demented,oasis1_comp_8620c083cb4c,5,same_session+same_source_volume+same_subject
OAS1_0003,OAS1_0003_MR1,vol_36f6c6d04236,Demented,oasis1_comp_8620c083cb4c,5,same_session+same_source_volume+same_subject
OAS1_0003,OAS1_0003_MR1,vol_36f6c6d04236,Demented,oasis1_comp_8620c083cb4c,5,same_session+same_source_volume+same_subject
OAS1_0003,OAS1_0003_MR1,vol_36f6c6d04236,Demented,oasis1_comp_8620c083cb4c,5,same_session+same_source_volume+same_subject
OAS1_0380,OAS1_0380_MR1,vol_088a8c94b60b,Demented,oasis1_comp_bb5616da2163,5,same_session+same_source_volume+same_subject
OAS1_0380,OAS1_0380_MR1,vol_088a8c94b60b,Demented,oasis1_comp_bb5616da2163,5,same_session+same_source_volume+same_subject
OAS1_0380,OAS1_0380_MR1,vol_088a8c94b60b,Demented,oasis1_comp_bb5616da2163,5,same_session+same_source_volume+same_subject
OAS1_0380,OAS1_0380_MR1,vol_088a8c94b60b,Demented,oasis1_comp_bb5616da2163,5,same_session+same_source_volume+same_subject
OAS1_0380,OAS1_0380_MR1,vol_088a8c94b60b,Demented,oasis1_comp_bb5616da2163,5,same_session+same_source_volume+same_subject
OAS1_0071,OAS1_0071_MR1,vol_7a8373d8c035,NonDemented,oasis1_comp_3fce60dbcb69,5,same_session+same_source_volume+same_subject
OAS1_0071,OAS1_0071_MR1,vol_7a8373d8c035,NonDemented,oasis1_comp_3fce60dbcb69,5,same_session+same_source_volume+same_subject
OAS1_0071,OAS1_0071_MR1,vol_7a8373d8c035,NonDemented,oasis1_comp_3fce60dbcb69,5,same_session+same_source_volume+same_subject
OAS1_0071,OAS1_0071_MR1,vol_7a8373d8c035,NonDemented,oasis1_comp_3fce60dbcb69,5,same_session+same_source_volume+same_subject
OAS1_0071,OAS1_0071_MR1,vol_7a8373d8c035,NonDemented,oasis1_comp_3fce60dbcb69,5,same_session+same_source_volume+same_subject
OAS1_0344,OAS1_0344_MR1,vol_ff5da63f838a,label_missing,oasis1_comp_5806628df11d,5,same_session+same_source_volume+same_subject
OAS1_0344,OAS1_0344_MR1,vol_ff5da63f838a,label_missing,oasis1_comp_5806628df11d,5,same_session+same_source_volume+same_subject
OAS1_0344,OAS1_0344_MR1,vol_ff5da63f838a,label_missing,oasis1_comp_5806628df11d,5,same_session+same_source_volume+same_subject
OAS1_0344,OAS1_0344_MR1,vol_ff5da63f838a,label_missing,oasis1_comp_5806628df11d,5,same_session+same_source_volume+same_subject
OAS1_0344,OAS1_0344_MR1,vol_ff5da63f838a,label_missing,oasis1_comp_5806628df11d,5,same_session+same_source_volume+same_subject
OAS1_0079,OAS1_0079_MR1,vol_b183355984d8,label_missing,oasis1_comp_65d138b94f30,5,same_session+same_source_volume+same_subject
OAS1_0079,OAS1_0079_MR1,vol_b183355984d8,label_missing,oasis1_comp_65d138b94f30,5,same_session+same_source_volume+same_subject
OAS1_0079,OAS1_0079_MR1,vol_b183355984d8,label_missing,oasis1_comp_65d138b94f30,5,same_session+same_source_volume+same_subject
OAS1_0079,OAS1_0079_MR1,vol_b183355984d8,label_missing,oasis1_comp_65d138b94f30,5,same_session+same_source_volume+same_subject
OAS1_0079,OAS1_0079_MR1,vol_b183355984d8,label_missing,oasis1_comp_65d138b94f30,5,same_session+same_source_volume+same_subject
OAS1_0078,OAS1_0078_MR1,vol_26f9d71745e7,NonDemented,oasis1_comp_87c869a9f159,5,same_session+same_source_volume+same_subject
OAS1_0078,OAS1_0078_MR1,vol_26f9d71745e7,NonDemented,oasis1_comp_87c869a9f159,5,same_session+same_source_volume+same_subject
OAS1_0078,OAS1_0078_MR1,vol_26f9d71745e7,NonDemented,oasis1_comp_87c869a9f159,5,same_session+same_source_volume+same_subject
OAS1_0078,OAS1_0078_MR1,vol_26f9d71745e7,NonDemented,oasis1_comp_87c869a9f159,5,same_session+same_source_volume+same_subject
OAS1_0078,OAS1_0078_MR1,vol_26f9d71745e7,NonDemented,oasis1_comp_87c869a9f159,5,same_session+same_source_volume+same_subject
OAS1_0144,OAS1_0144_MR1,vol_62eb024511f1,label_missing,oasis1_comp_db3b90253f82,5,same_session+same_source_volume+same_subject
OAS1_0144,OAS1_0144_MR1,vol_62eb024511f1,label_missing,oasis1_comp_db3b90253f82,5,same_session+same_source_volume+same_subject
OAS1_0144,OAS1_0144_MR1,vol_62eb024511f1,label_missing,oasis1_comp_db3b90253f82,5,same_session+same_source_volume+same_subject
OAS1_0144,OAS1_0144_MR1,vol_62eb024511f1,label_missing,oasis1_comp_db3b90253f82,5,same_session+same_source_volume+same_subject
OAS1_0144,OAS1_0144_MR1,vol_62eb024511f1,label_missing,oasis1_comp_db3b90253f82,5,same_session+same_source_volume+same_subject
OAS1_0189,OAS1_0189_MR1,vol_4c5accc4ebe0,label_missing,oasis1_comp_723d43b0a1e0,5,same_session+same_source_volume+same_subject
OAS1_0189,OAS1_0189_MR1,vol_4c5accc4ebe0,label_missing,oasis1_comp_723d43b0a1e0,5,same_session+same_source_volume+same_subject
OAS1_0189,OAS1_0189_MR1,vol_4c5accc4ebe0,label_missing,oasis1_comp_723d43b0a1e0,5,same_session+same_source_volume+same_subject
OAS1_0189,OAS1_0189_MR1,vol_4c5accc4ebe0,label_missing,oasis1_comp_723d43b0a1e0,5,same_session+same_source_volume+same_subject
OAS1_0189,OAS1_0189_MR1,vol_4c5accc4ebe0,label_missing,oasis1_comp_723d43b0a1e0,5,same_session+same_source_volume+same_subject
OAS1_0437,OAS1_0437_MR1,vol_441f72f95b79,label_missing,oasis1_comp_ab5c67ffead3,5,same_session+same_source_volume+same_subject
OAS1_0437,OAS1_0437_MR1,vol_441f72f95b79,label_missing,oasis1_comp_ab5c67ffead3,5,same_session+same_source_volume+same_subject
OAS1_0437,OAS1_0437_MR1,vol_441f72f95b79,label_missing,oasis1_comp_ab5c67ffead3,5,same_session+same_source_volume+same_subject
OAS1_0437,OAS1_0437_MR1,vol_441f72f95b79,label_missing,oasis1_comp_ab5c67ffead3,5,same_session+same_source_volume+same_subject
OAS1_0437,OAS1_0437_MR1,vol_441f72f95b79,label_missing,oasis1_comp_ab5c67ffead3,5,same_session+same_source_volume+same_subject
OAS1_0016,OAS1_0016_MR1,vol_1d4328fede12,Demented,oasis1_comp_32a6171affc5,5,same_session+same_source_volume+same_subject
OAS1_0016,OAS1_0016_MR1,vol_1d4328fede12,Demented,oasis1_comp_32a6171affc5,5,same_session+same_source_volume+same_subject
OAS1_0016,OAS1_0016_MR1,vol_1d4328fede12,Demented,oasis1_comp_32a6171affc5,5,same_session+same_source_volume+same_subject
OAS1_0016,OAS1_0016_MR1,vol_1d4328fede12,Demented,oasis1_comp_32a6171affc5,5,same_session+same_source_volume+same_subject
OAS1_0016,OAS1_0016_MR1,vol_1d4328fede12,Demented,oasis1_comp_32a6171affc5,5,same_session+same_source_volume+same_subject
OAS1_0204,OAS1_0204_MR1,vol_e4be5fa8589b,NonDemented,oasis1_comp_5db6f5f47fe3,5,same_session+same_source_volume+same_subject
OAS1_0204,OAS1_0204_MR1,vol_e4be5fa8589b,NonDemented,oasis1_comp_5db6f5f47fe3,5,same_session+same_source_volume+same_subject
OAS1_0204,OAS1_0204_MR1,vol_e4be5fa8589b,NonDemented,oasis1_comp_5db6f5f47fe3,5,same_session+same_source_volume+same_subject
OAS1_0204,OAS1_0204_MR1,vol_e4be5fa8589b,NonDemented,oasis1_comp_5db6f5f47fe3,5,same_session+same_source_volume+same_subject
OAS1_0204,OAS1_0204_MR1,vol_e4be5fa8589b,NonDemented,oasis1_comp_5db6f5f47fe3,5,same_session+same_source_volume+same_subject
OAS1_0289,OAS1_0289_MR1,vol_9b88735461f5,NonDemented,oasis1_comp_45acf2c6f175,5,same_session+same_source_volume+same_subject
OAS1_0289,OAS1_0289_MR1,vol_9b88735461f5,NonDemented,oasis1_comp_45acf2c6f175,5,same_session+same_source_volume+same_subject
OAS1_0289,OAS1_0289_MR1,vol_9b88735461f5,NonDemented,oasis1_comp_45acf2c6f175,5,same_session+same_source_volume+same_subject
OAS1_0289,OAS1_0289_MR1,vol_9b88735461f5,NonDemented,oasis1_comp_45acf2c6f175,5,same_session+same_source_volume+same_subject
OAS1_0289,OAS1_0289_MR1,vol_9b88735461f5,NonDemented,oasis1_comp_45acf2c6f175,5,same_session+same_source_volume+same_subject
OAS1_0004,OAS1_0004_MR1,vol_739ed5481a70,label_missing,oasis1_comp_2b92dc3efe53,5,same_session+same_source_volume+same_subject
OAS1_0004,OAS1_0004_MR1,vol_739ed5481a70,label_missing,oasis1_comp_2b92dc3efe53,5,same_session+same_source_volume+same_subject
OAS1_0004,OAS1_0004_MR1,vol_739ed5481a70,label_missing,oasis1_comp_2b92dc3efe53,5,same_session+same_source_volume+same_subject
OAS1_0004,OAS1_0004_MR1,vol_739ed5481a70,label_missing,oasis1_comp_2b92dc3efe53,5,same_session+same_source_volume+same_subject
OAS1_0004,OAS1_0004_MR1,vol_739ed5481a70,label_missing,oasis1_comp_2b92dc3efe53,5,same_session+same_source_volume+same_subject
OAS1_0435,OAS1_0435_MR1,vol_022c731b95d7,label_missing,oasis1_comp_c251646c6e0e,5,same_session+same_source_volume+same_subject
OAS1_0435,OAS1_0435_MR1,vol_022c731b95d7,label_missing,oasis1_comp_c251646c6e0e,5,same_session+same_source_volume+same_subject
OAS1_0435,OAS1_0435_MR1,vol_022c731b95d7,label_missing,oasis1_comp_c251646c6e0e,5,same_session+same_source_volume+same_subject
OAS1_0435,OAS1_0435_MR1,vol_022c731b95d7,label_missing,oasis1_comp_c251646c6e0e,5,same_session+same_source_volume+same_subject
OAS1_0435,OAS1_0435_MR1,vol_022c731b95d7,label_missing,oasis1_comp_c251646c6e0e,5,same_session+same_source_volume+same_subject
OAS1_0065,OAS1_0065_MR1,vol_1dc083bf49e9,NonDemented,oasis1_comp_93d520389146,5,same_session+same_source_volume+same_subject
OAS1_0065,OAS1_0065_MR1,vol_1dc083bf49e9,NonDemented,oasis1_comp_93d520389146,5,same_session+same_source_volume+same_subject
OAS1_0065,OAS1_0065_MR1,vol_1dc083bf49e9,NonDemented,oasis1_comp_93d520389146,5,same_session+same_source_volume+same_subject
OAS1_0065,OAS1_0065_MR1,vol_1dc083bf49e9,NonDemented,oasis1_comp_93d520389146,5,same_session+same_source_volume+same_subject
OAS1_0065,OAS1_0065_MR1,vol_1dc083bf49e9,NonDemented,oasis1_comp_93d520389146,5,same_session+same_source_volume+same_subject
OAS1_0054,OAS1_0054_MR1,vol_19b88687935e,label_missing,oasis1_comp_ccf898af03ac,5,same_session+same_source_volume+same_subject
OAS1_0054,OAS1_0054_MR1,vol_19b88687935e,label_missing,oasis1_comp_ccf898af03ac,5,same_session+same_source_volume+same_subject
OAS1_0054,OAS1_0054_MR1,vol_19b88687935e,label_missing,oasis1_comp_ccf898af03ac,5,same_session+same_source_volume+same_subject
OAS1_0054,OAS1_0054_MR1,vol_19b88687935e,label_missing,oasis1_comp_ccf898af03ac,5,same_session+same_source_volume+same_subject
OAS1_0054,OAS1_0054_MR1,vol_19b88687935e,label_missing,oasis1_comp_ccf898af03ac,5,same_session+same_source_volume+same_subject
OAS1_0384,OAS1_0384_MR1,vol_fcea69a69f0b,label_missing,oasis1_comp_72f43666a590,5,same_session+same_source_volume+same_subject
OAS1_0384,OAS1_0384_MR1,vol_fcea69a69f0b,label_missing,oasis1_comp_72f43666a590,5,same_session+same_source_volume+same_subject
OAS1_0384,OAS1_0384_MR1,vol_fcea69a69f0b,label_missing,oasis1_comp_72f43666a590,5,same_session+same_source_volume+same_subject
OAS1_0384,OAS1_0384_MR1,vol_fcea69a69f0b,label_missing,oasis1_comp_72f43666a590,5,same_session+same_source_volume+same_subject
OAS1_0384,OAS1_0384_MR1,vol_fcea69a69f0b,label_missing,oasis1_comp_72f43666a590,5,same_session+same_source_volume+same_subject
OAS1_0107,OAS1_0107_MR1,vol_7b329b018d5c,label_missing,oasis1_comp_b22dd77fbfe8,5,same_session+same_source_volume+same_subject
OAS1_0107,OAS1_0107_MR1,vol_7b329b018d5c,label_missing,oasis1_comp_b22dd77fbfe8,5,same_session+same_source_volume+same_subject
OAS1_0107,OAS1_0107_MR1,vol_7b329b018d5c,label_missing,oasis1_comp_b22dd77fbfe8,5,same_session+same_source_volume+same_subject
OAS1_0107,OAS1_0107_MR1,vol_7b329b018d5c,label_missing,oasis1_comp_b22dd77fbfe8,5,same_session+same_source_volume+same_subject
OAS1_0107,OAS1_0107_MR1,vol_7b329b018d5c,label_missing,oasis1_comp_b22dd77fbfe8,5,same_session+same_source_volume+same_subject
OAS1_0126,OAS1_0126_MR1,vol_844135916aa8,label_missing,oasis1_comp_7dee60c1c92a,5,same_session+same_source_volume+same_subject
OAS1_0126,OAS1_0126_MR1,vol_844135916aa8,label_missing,oasis1_comp_7dee60c1c92a,5,same_session+same_source_volume+same_subject
OAS1_0126,OAS1_0126_MR1,vol_844135916aa8,label_missing,oasis1_comp_7dee60c1c92a,5,same_session+same_source_volume+same_subject
OAS1_0126,OAS1_0126_MR1,vol_844135916aa8,label_missing,oasis1_comp_7dee60c1c92a,5,same_session+same_source_volume+same_subject
OAS1_0126,OAS1_0126_MR1,vol_844135916aa8,label_missing,oasis1_comp_7dee60c1c92a,5,same_session+same_source_volume+same_subject
OAS1_0125,OAS1_0125_MR1,vol_fdd15d761006,label_missing,oasis1_comp_d9543e6d2eb8,5,same_session+same_source_volume+same_subject
OAS1_0125,OAS1_0125_MR1,vol_fdd15d761006,label_missing,oasis1_comp_d9543e6d2eb8,5,same_session+same_source_volume+same_subject
OAS1_0125,OAS1_0125_MR1,vol_fdd15d761006,label_missing,oasis1_comp_d9543e6d2eb8,5,same_session+same_source_volume+same_subject
OAS1_0125,OAS1_0125_MR1,vol_fdd15d761006,label_missing,oasis1_comp_d9543e6d2eb8,5,same_session+same_source_volume+same_subject
OAS1_0125,OAS1_0125_MR1,vol_fdd15d761006,label_missing,oasis1_comp_d9543e6d2eb8,5,same_session+same_source_volume+same_subject
OAS1_0039,OAS1_0039_MR1,vol_1e10e429dfa8,Demented,oasis1_comp_f230b49efb6a,5,same_session+same_source_volume+same_subject
OAS1_0039,OAS1_0039_MR1,vol_1e10e429dfa8,Demented,oasis1_comp_f230b49efb6a,5,same_session+same_source_volume+same_subject
OAS1_0039,OAS1_0039_MR1,vol_1e10e429dfa8,Demented,oasis1_comp_f230b49efb6a,5,same_session+same_source_volume+same_subject
OAS1_0039,OAS1_0039_MR1,vol_1e10e429dfa8,Demented,oasis1_comp_f230b49efb6a,5,same_session+same_source_volume+same_subject
OAS1_0039,OAS1_0039_MR1,vol_1e10e429dfa8,Demented,oasis1_comp_f230b49efb6a,5,same_session+same_source_volume+same_subject
OAS1_0075,OAS1_0075_MR1,vol_8d54c7a18fe5,NonDemented,oasis1_comp_900b99530445,5,same_session+same_source_volume+same_subject
OAS1_0075,OAS1_0075_MR1,vol_8d54c7a18fe5,NonDemented,oasis1_comp_900b99530445,5,same_session+same_source_volume+same_subject
OAS1_0075,OAS1_0075_MR1,vol_8d54c7a18fe5,NonDemented,oasis1_comp_900b99530445,5,same_session+same_source_volume+same_subject
OAS1_0075,OAS1_0075_MR1,vol_8d54c7a18fe5,NonDemented,oasis1_comp_900b99530445,5,same_session+same_source_volume+same_subject
OAS1_0075,OAS1_0075_MR1,vol_8d54c7a18fe5,NonDemented,oasis1_comp_900b99530445,5,same_session+same_source_volume+same_subject
OAS1_0434,OAS1_0434_MR1,vol_c77d0ecd4d52,label_missing,oasis1_comp_9795e3b9d5b9,5,same_session+same_source_volume+same_subject
OAS1_0434,OAS1_0434_MR1,vol_c77d0ecd4d52,label_missing,oasis1_comp_9795e3b9d5b9,5,same_session+same_source_volume+same_subject
OAS1_0434,OAS1_0434_MR1,vol_c77d0ecd4d52,label_missing,oasis1_comp_9795e3b9d5b9,5,same_session+same_source_volume+same_subject
OAS1_0434,OAS1_0434_MR1,vol_c77d0ecd4d52,label_missing,oasis1_comp_9795e3b9d5b9,5,same_session+same_source_volume+same_subject
OAS1_0434,OAS1_0434_MR1,vol_c77d0ecd4d52,label_missing,oasis1_comp_9795e3b9d5b9,5,same_session+same_source_volume+same_subject
OAS1_0013,OAS1_0013_MR1,vol_f86e4955e49d,NonDemented,oasis1_comp_208690a3a08a,5,same_session+same_source_volume+same_subject
OAS1_0013,OAS1_0013_MR1,vol_f86e4955e49d,NonDemented,oasis1_comp_208690a3a08a,5,same_session+same_source_volume+same_subject
OAS1_0013,OAS1_0013_MR1,vol_f86e4955e49d,NonDemented,oasis1_comp_208690a3a08a,5,same_session+same_source_volume+same_subject
OAS1_0013,OAS1_0013_MR1,vol_f86e4955e49d,NonDemented,oasis1_comp_208690a3a08a,5,same_session+same_source_volume+same_subject
OAS1_0013,OAS1_0013_MR1,vol_f86e4955e49d,NonDemented,oasis1_comp_208690a3a08a,5,same_session+same_source_volume+same_subject
OAS1_0452,OAS1_0452_MR1,vol_d53ee2d7904d,Demented,oasis1_comp_dbeefef09a6d,5,same_session+same_source_volume+same_subject
OAS1_0452,OAS1_0452_MR1,vol_d53ee2d7904d,Demented,oasis1_comp_dbeefef09a6d,5,same_session+same_source_volume+same_subject
OAS1_0452,OAS1_0452_MR1,vol_d53ee2d7904d,Demented,oasis1_comp_dbeefef09a6d,5,same_session+same_source_volume+same_subject
OAS1_0452,OAS1_0452_MR1,vol_d53ee2d7904d,Demented,oasis1_comp_dbeefef09a6d,5,same_session+same_source_volume+same_subject
OAS1_0452,OAS1_0452_MR1,vol_d53ee2d7904d,Demented,oasis1_comp_dbeefef09a6d,5,same_session+same_source_volume+same_subject
OAS1_0454,OAS1_0454_MR1,vol_4fa819e2873b,Demented,oasis1_comp_6c7cee1a782f,5,same_session+same_source_volume+same_subject
OAS1_0454,OAS1_0454_MR1,vol_4fa819e2873b,Demented,oasis1_comp_6c7cee1a782f,5,same_session+same_source_volume+same_subject
OAS1_0454,OAS1_0454_MR1,vol_4fa819e2873b,Demented,oasis1_comp_6c7cee1a782f,5,same_session+same_source_volume+same_subject
OAS1_0454,OAS1_0454_MR1,vol_4fa819e2873b,Demented,oasis1_comp_6c7cee1a782f,5,same_session+same_source_volume+same_subject
OAS1_0454,OAS1_0454_MR1,vol_4fa819e2873b,Demented,oasis1_comp_6c7cee1a782f,5,same_session+same_source_volume+same_subject
OAS1_0383,OAS1_0383_MR1,vol_ee1d89ce12c5,label_missing,oasis1_comp_da6ffbe28f13,5,same_session+same_source_volume+same_subject
OAS1_0383,OAS1_0383_MR1,vol_ee1d89ce12c5,label_missing,oasis1_comp_da6ffbe28f13,5,same_session+same_source_volume+same_subject
OAS1_0383,OAS1_0383_MR1,vol_ee1d89ce12c5,label_missing,oasis1_comp_da6ffbe28f13,5,same_session+same_source_volume+same_subject
OAS1_0383,OAS1_0383_MR1,vol_ee1d89ce12c5,label_missing,oasis1_comp_da6ffbe28f13,5,same_session+same_source_volume+same_subject
OAS1_0383,OAS1_0383_MR1,vol_ee1d89ce12c5,label_missing,oasis1_comp_da6ffbe28f13,5,same_session+same_source_volume+same_subject
OAS1_0168,OAS1_0168_MR1,vol_06db2b38ba57,label_missing,oasis1_comp_55a1ec6558cb,5,same_session+same_source_volume+same_subject
OAS1_0168,OAS1_0168_MR1,vol_06db2b38ba57,label_missing,oasis1_comp_55a1ec6558cb,5,same_session+same_source_volume+same_subject
OAS1_0168,OAS1_0168_MR1,vol_06db2b38ba57,label_missing,oasis1_comp_55a1ec6558cb,5,same_session+same_source_volume+same_subject
OAS1_0168,OAS1_0168_MR1,vol_06db2b38ba57,label_missing,oasis1_comp_55a1ec6558cb,5,same_session+same_source_volume+same_subject
OAS1_0168,OAS1_0168_MR1,vol_06db2b38ba57,label_missing,oasis1_comp_55a1ec6558cb,5,same_session+same_source_volume+same_subject
OAS1_0104,OAS1_0104_MR1,vol_82ed1adae38e,label_missing,oasis1_comp_475c01b4aac3,5,same_session+same_source_volume+same_subject
OAS1_0104,OAS1_0104_MR1,vol_82ed1adae38e,label_missing,oasis1_comp_475c01b4aac3,5,same_session+same_source_volume+same_subject
OAS1_0104,OAS1_0104_MR1,vol_82ed1adae38e,label_missing,oasis1_comp_475c01b4aac3,5,same_session+same_source_volume+same_subject
OAS1_0104,OAS1_0104_MR1,vol_82ed1adae38e,label_missing,oasis1_comp_475c01b4aac3,5,same_session+same_source_volume+same_subject
OAS1_0104,OAS1_0104_MR1,vol_82ed1adae38e,label_missing,oasis1_comp_475c01b4aac3,5,same_session+same_source_volume+same_subject
OAS1_0164,OAS1_0164_MR1,vol_4b0a7630ac84,Demented,oasis1_comp_a85091bb95ad,5,same_session+same_source_volume+same_subject
OAS1_0164,OAS1_0164_MR1,vol_4b0a7630ac84,Demented,oasis1_comp_a85091bb95ad,5,same_session+same_source_volume+same_subject
OAS1_0164,OAS1_0164_MR1,vol_4b0a7630ac84,Demented,oasis1_comp_a85091bb95ad,5,same_session+same_source_volume+same_subject
OAS1_0164,OAS1_0164_MR1,vol_4b0a7630ac84,Demented,oasis1_comp_a85091bb95ad,5,same_session+same_source_volume+same_subject
OAS1_0164,OAS1_0164_MR1,vol_4b0a7630ac84,Demented,oasis1_comp_a85091bb95ad,5,same_session+same_source_volume+same_subject
OAS1_0092,OAS1_0092_MR1,vol_04281b65a206,label_missing,oasis1_comp_027092182448,10,same_session+same_source_volume+same_subject
OAS1_0092,OAS1_0092_MR1,vol_04281b65a206,label_missing,oasis1_comp_027092182448,10,same_session+same_source_volume+same_subject
OAS1_0092,OAS1_0092_MR1,vol_04281b65a206,label_missing,oasis1_comp_027092182448,10,same_session+same_source_volume+same_subject
OAS1_0092,OAS1_0092_MR1,vol_04281b65a206,label_missing,oasis1_comp_027092182448,10,same_session+same_source_volume+same_subject
OAS1_0092,OAS1_0092_MR1,vol_04281b65a206,label_missing,oasis1_comp_027092182448,10,same_session+same_source_volume+same_subject
OAS1_0092,OAS1_0092_MR2,vol_4abf588942a2,label_missing,oasis1_comp_027092182448,10,same_session+same_source_volume+same_subject
OAS1_0092,OAS1_0092_MR2,vol_4abf588942a2,label_missing,oasis1_comp_027092182448,10,same_session+same_source_volume+same_subject
OAS1_0092,OAS1_0092_MR2,vol_4abf588942a2,label_missing,oasis1_comp_027092182448,10,same_session+same_source_volume+same_subject
OAS1_0092,OAS1_0092_MR2,vol_4abf588942a2,label_missing,oasis1_comp_027092182448,10,same_session+same_source_volume+same_subject
OAS1_0092,OAS1_0092_MR2,vol_4abf588942a2,label_missing,oasis1_comp_027092182448,10,same_session+same_source_volume+same_subject
OAS1_0311,OAS1_0311_MR1,vol_b051b29bf8bb,label_missing,oasis1_comp_48113d8f870c,5,same_session+same_source_volume+same_subject
OAS1_0311,OAS1_0311_MR1,vol_b051b29bf8bb,label_missing,oasis1_comp_48113d8f870c,5,same_session+same_source_volume+same_subject
OAS1_0311,OAS1_0311_MR1,vol_b051b29bf8bb,label_missing,oasis1_comp_48113d8f870c,5,same_session+same_source_volume+same_subject
OAS1_0311,OAS1_0311_MR1,vol_b051b29bf8bb,label_missing,oasis1_comp_48113d8f870c,5,same_session+same_source_volume+same_subject
OAS1_0311,OAS1_0311_MR1,vol_b051b29bf8bb,label_missing,oasis1_comp_48113d8f870c,5,same_session+same_source_volume+same_subject
OAS1_0207,OAS1_0207_MR1,vol_db12127e3181,NonDemented,oasis1_comp_97d95b2bee73,5,same_session+same_source_volume+same_subject
OAS1_0207,OAS1_0207_MR1,vol_db12127e3181,NonDemented,oasis1_comp_97d95b2bee73,5,same_session+same_source_volume+same_subject
OAS1_0207,OAS1_0207_MR1,vol_db12127e3181,NonDemented,oasis1_comp_97d95b2bee73,5,same_session+same_source_volume+same_subject
OAS1_0207,OAS1_0207_MR1,vol_db12127e3181,NonDemented,oasis1_comp_97d95b2bee73,5,same_session+same_source_volume+same_subject
OAS1_0207,OAS1_0207_MR1,vol_db12127e3181,NonDemented,oasis1_comp_97d95b2bee73,5,same_session+same_source_volume+same_subject
OAS1_0027,OAS1_0027_MR1,vol_c228419ad693,label_missing,oasis1_comp_5a20bae77c6f,5,same_session+same_source_volume+same_subject
OAS1_0027,OAS1_0027_MR1,vol_c228419ad693,label_missing,oasis1_comp_5a20bae77c6f,5,same_session+same_source_volume+same_subject
OAS1_0027,OAS1_0027_MR1,vol_c228419ad693,label_missing,oasis1_comp_5a20bae77c6f,5,same_session+same_source_volume+same_subject
OAS1_0027,OAS1_0027_MR1,vol_c228419ad693,label_missing,oasis1_comp_5a20bae77c6f,5,same_session+same_source_volume+same_subject
OAS1_0027,OAS1_0027_MR1,vol_c228419ad693,label_missing,oasis1_comp_5a20bae77c6f,5,same_session+same_source_volume+same_subject
OAS1_0139,OAS1_0139_MR1,vol_d3874b2be95d,NonDemented,oasis1_comp_8a23279cd0cd,5,same_session+same_source_volume+same_subject
OAS1_0139,OAS1_0139_MR1,vol_d3874b2be95d,NonDemented,oasis1_comp_8a23279cd0cd,5,same_session+same_source_volume+same_subject
OAS1_0139,OAS1_0139_MR1,vol_d3874b2be95d,NonDemented,oasis1_comp_8a23279cd0cd,5,same_session+same_source_volume+same_subject
OAS1_0139,OAS1_0139_MR1,vol_d3874b2be95d,NonDemented,oasis1_comp_8a23279cd0cd,5,same_session+same_source_volume+same_subject
OAS1_0139,OAS1_0139_MR1,vol_d3874b2be95d,NonDemented,oasis1_comp_8a23279cd0cd,5,same_session+same_source_volume+same_subject
OAS1_0177,OAS1_0177_MR1,vol_0dfc27c5be54,NonDemented,oasis1_comp_46e17c678a83,5,same_session+same_source_volume+same_subject
OAS1_0177,OAS1_0177_MR1,vol_0dfc27c5be54,NonDemented,oasis1_comp_46e17c678a83,5,same_session+same_source_volume+same_subject
OAS1_0177,OAS1_0177_MR1,vol_0dfc27c5be54,NonDemented,oasis1_comp_46e17c678a83,5,same_session+same_source_volume+same_subject
OAS1_0177,OAS1_0177_MR1,vol_0dfc27c5be54,NonDemented,oasis1_comp_46e17c678a83,5,same_session+same_source_volume+same_subject
OAS1_0177,OAS1_0177_MR1,vol_0dfc27c5be54,NonDemented,oasis1_comp_46e17c678a83,5,same_session+same_source_volume+same_subject
OAS1_0255,OAS1_0255_MR1,vol_ea19723f61d4,NonDemented,oasis1_comp_f3a88a8883f0,5,same_session+same_source_volume+same_subject
OAS1_0255,OAS1_0255_MR1,vol_ea19723f61d4,NonDemented,oasis1_comp_f3a88a8883f0,5,same_session+same_source_volume+same_subject
OAS1_0255,OAS1_0255_MR1,vol_ea19723f61d4,NonDemented,oasis1_comp_f3a88a8883f0,5,same_session+same_source_volume+same_subject
OAS1_0255,OAS1_0255_MR1,vol_ea19723f61d4,NonDemented,oasis1_comp_f3a88a8883f0,5,same_session+same_source_volume+same_subject
OAS1_0255,OAS1_0255_MR1,vol_ea19723f61d4,NonDemented,oasis1_comp_f3a88a8883f0,5,same_session+same_source_volume+same_subject
OAS1_0217,OAS1_0217_MR1,vol_fbdd9e88e6a5,Demented,oasis1_comp_463f0327f0bc,5,same_session+same_source_volume+same_subject
OAS1_0217,OAS1_0217_MR1,vol_fbdd9e88e6a5,Demented,oasis1_comp_463f0327f0bc,5,same_session+same_source_volume+same_subject
OAS1_0217,OAS1_0217_MR1,vol_fbdd9e88e6a5,Demented,oasis1_comp_463f0327f0bc,5,same_session+same_source_volume+same_subject
OAS1_0217,OAS1_0217_MR1,vol_fbdd9e88e6a5,Demented,oasis1_comp_463f0327f0bc,5,same_session+same_source_volume+same_subject
OAS1_0217,OAS1_0217_MR1,vol_fbdd9e88e6a5,Demented,oasis1_comp_463f0327f0bc,5,same_session+same_source_volume+same_subject
OAS1_0369,OAS1_0369_MR1,vol_faf2bea118db,NonDemented,oasis1_comp_f0f8b61f083d,5,same_session+same_source_volume+same_subject
OAS1_0369,OAS1_0369_MR1,vol_faf2bea118db,NonDemented,oasis1_comp_f0f8b61f083d,5,same_session+same_source_volume+same_subject
OAS1_0369,OAS1_0369_MR1,vol_faf2bea118db,NonDemented,oasis1_comp_f0f8b61f083d,5,same_session+same_source_volume+same_subject
OAS1_0369,OAS1_0369_MR1,vol_faf2bea118db,NonDemented,oasis1_comp_f0f8b61f083d,5,same_session+same_source_volume+same_subject
OAS1_0369,OAS1_0369_MR1,vol_faf2bea118db,NonDemented,oasis1_comp_f0f8b61f083d,5,same_session+same_source_volume+same_subject
OAS1_0122,OAS1_0122_MR1,vol_fe6284233c9e,Demented,oasis1_comp_4f2a8b6bf35d,5,same_session+same_source_volume+same_subject
OAS1_0122,OAS1_0122_MR1,vol_fe6284233c9e,Demented,oasis1_comp_4f2a8b6bf35d,5,same_session+same_source_volume+same_subject
OAS1_0122,OAS1_0122_MR1,vol_fe6284233c9e,Demented,oasis1_comp_4f2a8b6bf35d,5,same_session+same_source_volume+same_subject
OAS1_0122,OAS1_0122_MR1,vol_fe6284233c9e,Demented,oasis1_comp_4f2a8b6bf35d,5,same_session+same_source_volume+same_subject
OAS1_0122,OAS1_0122_MR1,vol_fe6284233c9e,Demented,oasis1_comp_4f2a8b6bf35d,5,same_session+same_source_volume+same_subject
OAS1_0088,OAS1_0088_MR1,vol_6a6fc8ae5d48,label_missing,oasis1_comp_38278a3b9193,5,same_session+same_source_volume+same_subject
OAS1_0088,OAS1_0088_MR1,vol_6a6fc8ae5d48,label_missing,oasis1_comp_38278a3b9193,5,same_session+same_source_volume+same_subject
OAS1_0088,OAS1_0088_MR1,vol_6a6fc8ae5d48,label_missing,oasis1_comp_38278a3b9193,5,same_session+same_source_volume+same_subject
OAS1_0088,OAS1_0088_MR1,vol_6a6fc8ae5d48,label_missing,oasis1_comp_38278a3b9193,5,same_session+same_source_volume+same_subject
OAS1_0088,OAS1_0088_MR1,vol_6a6fc8ae5d48,label_missing,oasis1_comp_38278a3b9193,5,same_session+same_source_volume+same_subject
OAS1_0009,OAS1_0009_MR1,vol_2aaa2ea227de,label_missing,oasis1_comp_d4311d548ede,5,same_session+same_source_volume+same_subject
OAS1_0009,OAS1_0009_MR1,vol_2aaa2ea227de,label_missing,oasis1_comp_d4311d548ede,5,same_session+same_source_volume+same_subject
OAS1_0009,OAS1_0009_MR1,vol_2aaa2ea227de,label_missing,oasis1_comp_d4311d548ede,5,same_session+same_source_volume+same_subject
OAS1_0009,OAS1_0009_MR1,vol_2aaa2ea227de,label_missing,oasis1_comp_d4311d548ede,5,same_session+same_source_volume+same_subject
OAS1_0009,OAS1_0009_MR1,vol_2aaa2ea227de,label_missing,oasis1_comp_d4311d548ede,5,same_session+same_source_volume+same_subject
OAS1_0318,OAS1_0318_MR1,vol_bbdcd008d0da,label_missing,oasis1_comp_9b913708492d,5,same_session+same_source_volume+same_subject
OAS1_0318,OAS1_0318_MR1,vol_bbdcd008d0da,label_missing,oasis1_comp_9b913708492d,5,same_session+same_source_volume+same_subject
OAS1_0318,OAS1_0318_MR1,vol_bbdcd008d0da,label_missing,oasis1_comp_9b913708492d,5,same_session+same_source_volume+same_subject
OAS1_0318,OAS1_0318_MR1,vol_bbdcd008d0da,label_missing,oasis1_comp_9b913708492d,5,same_session+same_source_volume+same_subject
OAS1_0318,OAS1_0318_MR1,vol_bbdcd008d0da,label_missing,oasis1_comp_9b913708492d,5,same_session+same_source_volume+same_subject
OAS1_0351,OAS1_0351_MR1,vol_51e1876e676e,Demented,oasis1_comp_9c8de6f2847a,5,same_session+same_source_volume+same_subject
OAS1_0351,OAS1_0351_MR1,vol_51e1876e676e,Demented,oasis1_comp_9c8de6f2847a,5,same_session+same_source_volume+same_subject
OAS1_0351,OAS1_0351_MR1,vol_51e1876e676e,Demented,oasis1_comp_9c8de6f2847a,5,same_session+same_source_volume+same_subject
OAS1_0351,OAS1_0351_MR1,vol_51e1876e676e,Demented,oasis1_comp_9c8de6f2847a,5,same_session+same_source_volume+same_subject
OAS1_0351,OAS1_0351_MR1,vol_51e1876e676e,Demented,oasis1_comp_9c8de6f2847a,5,same_session+same_source_volume+same_subject
OAS1_0097,OAS1_0097_MR1,vol_6d8c0eea393d,label_missing,oasis1_comp_4e3bac022c89,5,same_session+same_source_volume+same_subject
OAS1_0097,OAS1_0097_MR1,vol_6d8c0eea393d,label_missing,oasis1_comp_4e3bac022c89,5,same_session+same_source_volume+same_subject
OAS1_0097,OAS1_0097_MR1,vol_6d8c0eea393d,label_missing,oasis1_comp_4e3bac022c89,5,same_session+same_source_volume+same_subject
OAS1_0097,OAS1_0097_MR1,vol_6d8c0eea393d,label_missing,oasis1_comp_4e3bac022c89,5,same_session+same_source_volume+same_subject
OAS1_0097,OAS1_0097_MR1,vol_6d8c0eea393d,label_missing,oasis1_comp_4e3bac022c89,5,same_session+same_source_volume+same_subject
OAS1_0388,OAS1_0388_MR1,vol_3371ffc93407,Demented,oasis1_comp_82f97499216e,5,same_session+same_source_volume+same_subject
OAS1_0388,OAS1_0388_MR1,vol_3371ffc93407,Demented,oasis1_comp_82f97499216e,5,same_session+same_source_volume+same_subject
OAS1_0388,OAS1_0388_MR1,vol_3371ffc93407,Demented,oasis1_comp_82f97499216e,5,same_session+same_source_volume+same_subject
OAS1_0388,OAS1_0388_MR1,vol_3371ffc93407,Demented,oasis1_comp_82f97499216e,5,same_session+same_source_volume+same_subject
OAS1_0388,OAS1_0388_MR1,vol_3371ffc93407,Demented,oasis1_comp_82f97499216e,5,same_session+same_source_volume+same_subject
OAS1_0293,OAS1_0293_MR1,vol_0fbfb974933e,NonDemented,oasis1_comp_4f24e646ffdc,5,same_session+same_source_volume+same_subject
OAS1_0293,OAS1_0293_MR1,vol_0fbfb974933e,NonDemented,oasis1_comp_4f24e646ffdc,5,same_session+same_source_volume+same_subject
OAS1_0293,OAS1_0293_MR1,vol_0fbfb974933e,NonDemented,oasis1_comp_4f24e646ffdc,5,same_session+same_source_volume+same_subject
OAS1_0293,OAS1_0293_MR1,vol_0fbfb974933e,NonDemented,oasis1_comp_4f24e646ffdc,5,same_session+same_source_volume+same_subject
OAS1_0293,OAS1_0293_MR1,vol_0fbfb974933e,NonDemented,oasis1_comp_4f24e646ffdc,5,same_session+same_source_volume+same_subject
OAS1_0453,OAS1_0453_MR1,vol_8730f1837c92,Demented,oasis1_comp_7d42ca013108,5,same_session+same_source_volume+same_subject
OAS1_0453,OAS1_0453_MR1,vol_8730f1837c92,Demented,oasis1_comp_7d42ca013108,5,same_session+same_source_volume+same_subject
OAS1_0453,OAS1_0453_MR1,vol_8730f1837c92,Demented,oasis1_comp_7d42ca013108,5,same_session+same_source_volume+same_subject
OAS1_0453,OAS1_0453_MR1,vol_8730f1837c92,Demented,oasis1_comp_7d42ca013108,5,same_session+same_source_volume+same_subject
OAS1_0453,OAS1_0453_MR1,vol_8730f1837c92,Demented,oasis1_comp_7d42ca013108,5,same_session+same_source_volume+same_subject
OAS1_0271,OAS1_0271_MR1,vol_b82dfc2faebc,NonDemented,oasis1_comp_8093b77baeb1,5,same_session+same_source_volume+same_subject
OAS1_0271,OAS1_0271_MR1,vol_b82dfc2faebc,NonDemented,oasis1_comp_8093b77baeb1,5,same_session+same_source_volume+same_subject
OAS1_0271,OAS1_0271_MR1,vol_b82dfc2faebc,NonDemented,oasis1_comp_8093b77baeb1,5,same_session+same_source_volume+same_subject
OAS1_0271,OAS1_0271_MR1,vol_b82dfc2faebc,NonDemented,oasis1_comp_8093b77baeb1,5,same_session+same_source_volume+same_subject
OAS1_0271,OAS1_0271_MR1,vol_b82dfc2faebc,NonDemented,oasis1_comp_8093b77baeb1,5,same_session+same_source_volume+same_subject
OAS1_0213,OAS1_0213_MR1,vol_bfe0721ea2bc,label_missing,oasis1_comp_d1bdaacaf27d,5,same_session+same_source_volume+same_subject
OAS1_0213,OAS1_0213_MR1,vol_bfe0721ea2bc,label_missing,oasis1_comp_d1bdaacaf27d,5,same_session+same_source_volume+same_subject
OAS1_0213,OAS1_0213_MR1,vol_bfe0721ea2bc,label_missing,oasis1_comp_d1bdaacaf27d,5,same_session+same_source_volume+same_subject
OAS1_0213,OAS1_0213_MR1,vol_bfe0721ea2bc,label_missing,oasis1_comp_d1bdaacaf27d,5,same_session+same_source_volume+same_subject
OAS1_0213,OAS1_0213_MR1,vol_bfe0721ea2bc,label_missing,oasis1_comp_d1bdaacaf27d,5,same_session+same_source_volume+same_subject
OAS1_0114,OAS1_0114_MR1,vol_97309df8c524,NonDemented,oasis1_comp_b7d96dc0b142,5,same_session+same_source_volume+same_subject
OAS1_0114,OAS1_0114_MR1,vol_97309df8c524,NonDemented,oasis1_comp_b7d96dc0b142,5,same_session+same_source_volume+same_subject
OAS1_0114,OAS1_0114_MR1,vol_97309df8c524,NonDemented,oasis1_comp_b7d96dc0b142,5,same_session+same_source_volume+same_subject
OAS1_0114,OAS1_0114_MR1,vol_97309df8c524,NonDemented,oasis1_comp_b7d96dc0b142,5,same_session+same_source_volume+same_subject
OAS1_0114,OAS1_0114_MR1,vol_97309df8c524,NonDemented,oasis1_comp_b7d96dc0b142,5,same_session+same_source_volume+same_subject
OAS1_0315,OAS1_0315_MR1,vol_9dbbfd682af8,Demented,oasis1_comp_32a70d3b040a,5,same_session+same_source_volume+same_subject
OAS1_0315,OAS1_0315_MR1,vol_9dbbfd682af8,Demented,oasis1_comp_32a70d3b040a,5,same_session+same_source_volume+same_subject
OAS1_0315,OAS1_0315_MR1,vol_9dbbfd682af8,Demented,oasis1_comp_32a70d3b040a,5,same_session+same_source_volume+same_subject
OAS1_0315,OAS1_0315_MR1,vol_9dbbfd682af8,Demented,oasis1_comp_32a70d3b040a,5,same_session+same_source_volume+same_subject
OAS1_0315,OAS1_0315_MR1,vol_9dbbfd682af8,Demented,oasis1_comp_32a70d3b040a,5,same_session+same_source_volume+same_subject
OAS1_0316,OAS1_0316_MR1,vol_49a2b5466dce,Demented,oasis1_comp_d9990942cba4,5,same_session+same_source_volume+same_subject
OAS1_0316,OAS1_0316_MR1,vol_49a2b5466dce,Demented,oasis1_comp_d9990942cba4,5,same_session+same_source_volume+same_subject
OAS1_0316,OAS1_0316_MR1,vol_49a2b5466dce,Demented,oasis1_comp_d9990942cba4,5,same_session+same_source_volume+same_subject
OAS1_0316,OAS1_0316_MR1,vol_49a2b5466dce,Demented,oasis1_comp_d9990942cba4,5,same_session+same_source_volume+same_subject
OAS1_0316,OAS1_0316_MR1,vol_49a2b5466dce,Demented,oasis1_comp_d9990942cba4,5,same_session+same_source_volume+same_subject
OAS1_0419,OAS1_0419_MR1,vol_943fb4346172,label_missing,oasis1_comp_f3505651e3ab,5,same_session+same_source_volume+same_subject
OAS1_0419,OAS1_0419_MR1,vol_943fb4346172,label_missing,oasis1_comp_f3505651e3ab,5,same_session+same_source_volume+same_subject
OAS1_0419,OAS1_0419_MR1,vol_943fb4346172,label_missing,oasis1_comp_f3505651e3ab,5,same_session+same_source_volume+same_subject
OAS1_0419,OAS1_0419_MR1,vol_943fb4346172,label_missing,oasis1_comp_f3505651e3ab,5,same_session+same_source_volume+same_subject
OAS1_0419,OAS1_0419_MR1,vol_943fb4346172,label_missing,oasis1_comp_f3505651e3ab,5,same_session+same_source_volume+same_subject
OAS1_0143,OAS1_0143_MR1,vol_b95ae8d2d826,Demented,oasis1_comp_ead988b013bd,5,same_session+same_source_volume+same_subject
OAS1_0143,OAS1_0143_MR1,vol_b95ae8d2d826,Demented,oasis1_comp_ead988b013bd,5,same_session+same_source_volume+same_subject
OAS1_0143,OAS1_0143_MR1,vol_b95ae8d2d826,Demented,oasis1_comp_ead988b013bd,5,same_session+same_source_volume+same_subject
OAS1_0143,OAS1_0143_MR1,vol_b95ae8d2d826,Demented,oasis1_comp_ead988b013bd,5,same_session+same_source_volume+same_subject
OAS1_0143,OAS1_0143_MR1,vol_b95ae8d2d826,Demented,oasis1_comp_ead988b013bd,5,same_session+same_source_volume+same_subject
OAS1_0319,OAS1_0319_MR1,vol_c03ca17e42c6,label_missing,oasis1_comp_742e263552a6,5,same_session+same_source_volume+same_subject
OAS1_0319,OAS1_0319_MR1,vol_c03ca17e42c6,label_missing,oasis1_comp_742e263552a6,5,same_session+same_source_volume+same_subject
OAS1_0319,OAS1_0319_MR1,vol_c03ca17e42c6,label_missing,oasis1_comp_742e263552a6,5,same_session+same_source_volume+same_subject
OAS1_0319,OAS1_0319_MR1,vol_c03ca17e42c6,label_missing,oasis1_comp_742e263552a6,5,same_session+same_source_volume+same_subject
OAS1_0319,OAS1_0319_MR1,vol_c03ca17e42c6,label_missing,oasis1_comp_742e263552a6,5,same_session+same_source_volume+same_subject
OAS1_0135,OAS1_0135_MR1,vol_c4fdf02165ad,NonDemented,oasis1_comp_80a27ac0c994,5,same_session+same_source_volume+same_subject
OAS1_0135,OAS1_0135_MR1,vol_c4fdf02165ad,NonDemented,oasis1_comp_80a27ac0c994,5,same_session+same_source_volume+same_subject
OAS1_0135,OAS1_0135_MR1,vol_c4fdf02165ad,NonDemented,oasis1_comp_80a27ac0c994,5,same_session+same_source_volume+same_subject
OAS1_0135,OAS1_0135_MR1,vol_c4fdf02165ad,NonDemented,oasis1_comp_80a27ac0c994,5,same_session+same_source_volume+same_subject
OAS1_0135,OAS1_0135_MR1,vol_c4fdf02165ad,NonDemented,oasis1_comp_80a27ac0c994,5,same_session+same_source_volume+same_subject
OAS1_0134,OAS1_0134_MR1,vol_905a3d750668,Demented,oasis1_comp_4791e507bcae,5,same_session+same_source_volume+same_subject
OAS1_0134,OAS1_0134_MR1,vol_905a3d750668,Demented,oasis1_comp_4791e507bcae,5,same_session+same_source_volume+same_subject
OAS1_0134,OAS1_0134_MR1,vol_905a3d750668,Demented,oasis1_comp_4791e507bcae,5,same_session+same_source_volume+same_subject
OAS1_0134,OAS1_0134_MR1,vol_905a3d750668,Demented,oasis1_comp_4791e507bcae,5,same_session+same_source_volume+same_subject
OAS1_0134,OAS1_0134_MR1,vol_905a3d750668,Demented,oasis1_comp_4791e507bcae,5,same_session+same_source_volume+same_subject
OAS1_0083,OAS1_0083_MR1,vol_d354e8ef054c,NonDemented,oasis1_comp_8eb341d8f950,5,same_session+same_source_volume+same_subject
OAS1_0083,OAS1_0083_MR1,vol_d354e8ef054c,NonDemented,oasis1_comp_8eb341d8f950,5,same_session+same_source_volume+same_subject
OAS1_0083,OAS1_0083_MR1,vol_d354e8ef054c,NonDemented,oasis1_comp_8eb341d8f950,5,same_session+same_source_volume+same_subject
OAS1_0083,OAS1_0083_MR1,vol_d354e8ef054c,NonDemented,oasis1_comp_8eb341d8f950,5,same_session+same_source_volume+same_subject
OAS1_0083,OAS1_0083_MR1,vol_d354e8ef054c,NonDemented,oasis1_comp_8eb341d8f950,5,same_session+same_source_volume+same_subject
OAS1_0413,OAS1_0413_MR1,vol_029ecdacf616,label_missing,oasis1_comp_ad933de57803,5,same_session+same_source_volume+same_subject
OAS1_0413,OAS1_0413_MR1,vol_029ecdacf616,label_missing,oasis1_comp_ad933de57803,5,same_session+same_source_volume+same_subject
OAS1_0413,OAS1_0413_MR1,vol_029ecdacf616,label_missing,oasis1_comp_ad933de57803,5,same_session+same_source_volume+same_subject
OAS1_0413,OAS1_0413_MR1,vol_029ecdacf616,label_missing,oasis1_comp_ad933de57803,5,same_session+same_source_volume+same_subject
OAS1_0413,OAS1_0413_MR1,vol_029ecdacf616,label_missing,oasis1_comp_ad933de57803,5,same_session+same_source_volume+same_subject
OAS1_0142,OAS1_0142_MR1,vol_5c4616ee6a75,Demented,oasis1_comp_70377e0b6cd9,5,same_session+same_source_volume+same_subject
OAS1_0142,OAS1_0142_MR1,vol_5c4616ee6a75,Demented,oasis1_comp_70377e0b6cd9,5,same_session+same_source_volume+same_subject
OAS1_0142,OAS1_0142_MR1,vol_5c4616ee6a75,Demented,oasis1_comp_70377e0b6cd9,5,same_session+same_source_volume+same_subject
OAS1_0142,OAS1_0142_MR1,vol_5c4616ee6a75,Demented,oasis1_comp_70377e0b6cd9,5,same_session+same_source_volume+same_subject
OAS1_0142,OAS1_0142_MR1,vol_5c4616ee6a75,Demented,oasis1_comp_70377e0b6cd9,5,same_session+same_source_volume+same_subject
OAS1_0197,OAS1_0197_MR1,vol_c8a171b93114,NonDemented,oasis1_comp_1890c43be39c,5,same_session+same_source_volume+same_subject
OAS1_0197,OAS1_0197_MR1,vol_c8a171b93114,NonDemented,oasis1_comp_1890c43be39c,5,same_session+same_source_volume+same_subject
OAS1_0197,OAS1_0197_MR1,vol_c8a171b93114,NonDemented,oasis1_comp_1890c43be39c,5,same_session+same_source_volume+same_subject
OAS1_0197,OAS1_0197_MR1,vol_c8a171b93114,NonDemented,oasis1_comp_1890c43be39c,5,same_session+same_source_volume+same_subject
OAS1_0197,OAS1_0197_MR1,vol_c8a171b93114,NonDemented,oasis1_comp_1890c43be39c,5,same_session+same_source_volume+same_subject
OAS1_0030,OAS1_0030_MR1,vol_49c9c3b1a4a3,NonDemented,oasis1_comp_8c861988426c,5,same_session+same_source_volume+same_subject
OAS1_0030,OAS1_0030_MR1,vol_49c9c3b1a4a3,NonDemented,oasis1_comp_8c861988426c,5,same_session+same_source_volume+same_subject
OAS1_0030,OAS1_0030_MR1,vol_49c9c3b1a4a3,NonDemented,oasis1_comp_8c861988426c,5,same_session+same_source_volume+same_subject
OAS1_0030,OAS1_0030_MR1,vol_49c9c3b1a4a3,NonDemented,oasis1_comp_8c861988426c,5,same_session+same_source_volume+same_subject
OAS1_0030,OAS1_0030_MR1,vol_49c9c3b1a4a3,NonDemented,oasis1_comp_8c861988426c,5,same_session+same_source_volume+same_subject
OAS1_0150,OAS1_0150_MR1,vol_ea20c22f48d1,label_missing,oasis1_comp_c187b4669f7b,10,same_session+same_source_volume+same_subject
OAS1_0150,OAS1_0150_MR1,vol_ea20c22f48d1,label_missing,oasis1_comp_c187b4669f7b,10,same_session+same_source_volume+same_subject
OAS1_0150,OAS1_0150_MR1,vol_ea20c22f48d1,label_missing,oasis1_comp_c187b4669f7b,10,same_session+same_source_volume+same_subject
OAS1_0150,OAS1_0150_MR1,vol_ea20c22f48d1,label_missing,oasis1_comp_c187b4669f7b,10,same_session+same_source_volume+same_subject
OAS1_0150,OAS1_0150_MR1,vol_ea20c22f48d1,label_missing,oasis1_comp_c187b4669f7b,10,same_session+same_source_volume+same_subject
OAS1_0150,OAS1_0150_MR2,vol_1867f31a77dd,label_missing,oasis1_comp_c187b4669f7b,10,same_session+same_source_volume+same_subject
OAS1_0150,OAS1_0150_MR2,vol_1867f31a77dd,label_missing,oasis1_comp_c187b4669f7b,10,same_session+same_source_volume+same_subject
OAS1_0150,OAS1_0150_MR2,vol_1867f31a77dd,label_missing,oasis1_comp_c187b4669f7b,10,same_session+same_source_volume+same_subject
OAS1_0150,OAS1_0150_MR2,vol_1867f31a77dd,label_missing,oasis1_comp_c187b4669f7b,10,same_session+same_source_volume+same_subject
OAS1_0150,OAS1_0150_MR2,vol_1867f31a77dd,label_missing,oasis1_comp_c187b4669f7b,10,same_session+same_source_volume+same_subject
OAS1_0053,OAS1_0053_MR1,vol_25ceda81b688,Demented,oasis1_comp_372fb9a676ef,5,same_session+same_source_volume+same_subject
OAS1_0053,OAS1_0053_MR1,vol_25ceda81b688,Demented,oasis1_comp_372fb9a676ef,5,same_session+same_source_volume+same_subject
OAS1_0053,OAS1_0053_MR1,vol_25ceda81b688,Demented,oasis1_comp_372fb9a676ef,5,same_session+same_source_volume+same_subject
OAS1_0053,OAS1_0053_MR1,vol_25ceda81b688,Demented,oasis1_comp_372fb9a676ef,5,same_session+same_source_volume+same_subject
OAS1_0053,OAS1_0053_MR1,vol_25ceda81b688,Demented,oasis1_comp_372fb9a676ef,5,same_session+same_source_volume+same_subject
OAS1_0042,OAS1_0042_MR1,vol_c409047554e1,Demented,oasis1_comp_975e5f598efa,5,same_session+same_source_volume+same_subject
OAS1_0042,OAS1_0042_MR1,vol_c409047554e1,Demented,oasis1_comp_975e5f598efa,5,same_session+same_source_volume+same_subject
OAS1_0042,OAS1_0042_MR1,vol_c409047554e1,Demented,oasis1_comp_975e5f598efa,5,same_session+same_source_volume+same_subject
OAS1_0042,OAS1_0042_MR1,vol_c409047554e1,Demented,oasis1_comp_975e5f598efa,5,same_session+same_source_volume+same_subject
OAS1_0042,OAS1_0042_MR1,vol_c409047554e1,Demented,oasis1_comp_975e5f598efa,5,same_session+same_source_volume+same_subject
OAS1_0006,OAS1_0006_MR1,vol_e519916c3add,label_missing,oasis1_comp_043cd2167ad7,5,same_session+same_source_volume+same_subject
OAS1_0006,OAS1_0006_MR1,vol_e519916c3add,label_missing,oasis1_comp_043cd2167ad7,5,same_session+same_source_volume+same_subject
OAS1_0006,OAS1_0006_MR1,vol_e519916c3add,label_missing,oasis1_comp_043cd2167ad7,5,same_session+same_source_volume+same_subject
OAS1_0006,OAS1_0006_MR1,vol_e519916c3add,label_missing,oasis1_comp_043cd2167ad7,5,same_session+same_source_volume+same_subject
OAS1_0006,OAS1_0006_MR1,vol_e519916c3add,label_missing,oasis1_comp_043cd2167ad7,5,same_session+same_source_volume+same_subject
OAS1_0247,OAS1_0247_MR1,vol_7d05b1caf0e5,Demented,oasis1_comp_08571beeb3ac,5,same_session+same_source_volume+same_subject
OAS1_0247,OAS1_0247_MR1,vol_7d05b1caf0e5,Demented,oasis1_comp_08571beeb3ac,5,same_session+same_source_volume+same_subject
OAS1_0247,OAS1_0247_MR1,vol_7d05b1caf0e5,Demented,oasis1_comp_08571beeb3ac,5,same_session+same_source_volume+same_subject
OAS1_0247,OAS1_0247_MR1,vol_7d05b1caf0e5,Demented,oasis1_comp_08571beeb3ac,5,same_session+same_source_volume+same_subject
OAS1_0247,OAS1_0247_MR1,vol_7d05b1caf0e5,Demented,oasis1_comp_08571beeb3ac,5,same_session+same_source_volume+same_subject
OAS1_0425,OAS1_0425_MR1,vol_26d3556508b7,Demented,oasis1_comp_3ce5b1b400fb,5,same_session+same_source_volume+same_subject
OAS1_0425,OAS1_0425_MR1,vol_26d3556508b7,Demented,oasis1_comp_3ce5b1b400fb,5,same_session+same_source_volume+same_subject
OAS1_0425,OAS1_0425_MR1,vol_26d3556508b7,Demented,oasis1_comp_3ce5b1b400fb,5,same_session+same_source_volume+same_subject
OAS1_0425,OAS1_0425_MR1,vol_26d3556508b7,Demented,oasis1_comp_3ce5b1b400fb,5,same_session+same_source_volume+same_subject
OAS1_0425,OAS1_0425_MR1,vol_26d3556508b7,Demented,oasis1_comp_3ce5b1b400fb,5,same_session+same_source_volume+same_subject
OAS1_0264,OAS1_0264_MR1,vol_8048f36fce1e,label_missing,oasis1_comp_e5114dda392f,5,same_session+same_source_volume+same_subject
OAS1_0264,OAS1_0264_MR1,vol_8048f36fce1e,label_missing,oasis1_comp_e5114dda392f,5,same_session+same_source_volume+same_subject
OAS1_0264,OAS1_0264_MR1,vol_8048f36fce1e,label_missing,oasis1_comp_e5114dda392f,5,same_session+same_source_volume+same_subject
OAS1_0264,OAS1_0264_MR1,vol_8048f36fce1e,label_missing,oasis1_comp_e5114dda392f,5,same_session+same_source_volume+same_subject
OAS1_0264,OAS1_0264_MR1,vol_8048f36fce1e,label_missing,oasis1_comp_e5114dda392f,5,same_session+same_source_volume+same_subject
OAS1_0169,OAS1_0169_MR1,vol_f7c97382aa0b,NonDemented,oasis1_comp_6d20a7795768,5,same_session+same_source_volume+same_subject
OAS1_0169,OAS1_0169_MR1,vol_f7c97382aa0b,NonDemented,oasis1_comp_6d20a7795768,5,same_session+same_source_volume+same_subject
OAS1_0169,OAS1_0169_MR1,vol_f7c97382aa0b,NonDemented,oasis1_comp_6d20a7795768,5,same_session+same_source_volume+same_subject
OAS1_0169,OAS1_0169_MR1,vol_f7c97382aa0b,NonDemented,oasis1_comp_6d20a7795768,5,same_session+same_source_volume+same_subject
OAS1_0169,OAS1_0169_MR1,vol_f7c97382aa0b,NonDemented,oasis1_comp_6d20a7795768,5,same_session+same_source_volume+same_subject
OAS1_0375,OAS1_0375_MR1,vol_9ac633a24081,label_missing,oasis1_comp_7a9018a845cb,5,same_session+same_source_volume+same_subject
OAS1_0375,OAS1_0375_MR1,vol_9ac633a24081,label_missing,oasis1_comp_7a9018a845cb,5,same_session+same_source_volume+same_subject
OAS1_0375,OAS1_0375_MR1,vol_9ac633a24081,label_missing,oasis1_comp_7a9018a845cb,5,same_session+same_source_volume+same_subject
OAS1_0375,OAS1_0375_MR1,vol_9ac633a24081,label_missing,oasis1_comp_7a9018a845cb,5,same_session+same_source_volume+same_subject
OAS1_0375,OAS1_0375_MR1,vol_9ac633a24081,label_missing,oasis1_comp_7a9018a845cb,5,same_session+same_source_volume+same_subject
OAS1_0363,OAS1_0363_MR1,vol_90d2d9b5dea2,NonDemented,oasis1_comp_69bd2ab58a8a,5,same_session+same_source_volume+same_subject
OAS1_0363,OAS1_0363_MR1,vol_90d2d9b5dea2,NonDemented,oasis1_comp_69bd2ab58a8a,5,same_session+same_source_volume+same_subject
OAS1_0363,OAS1_0363_MR1,vol_90d2d9b5dea2,NonDemented,oasis1_comp_69bd2ab58a8a,5,same_session+same_source_volume+same_subject
OAS1_0363,OAS1_0363_MR1,vol_90d2d9b5dea2,NonDemented,oasis1_comp_69bd2ab58a8a,5,same_session+same_source_volume+same_subject
OAS1_0363,OAS1_0363_MR1,vol_90d2d9b5dea2,NonDemented,oasis1_comp_69bd2ab58a8a,5,same_session+same_source_volume+same_subject
OAS1_0023,OAS1_0023_MR1,vol_e067f8a992af,Demented,oasis1_comp_4216d3970b74,5,same_session+same_source_volume+same_subject
OAS1_0023,OAS1_0023_MR1,vol_e067f8a992af,Demented,oasis1_comp_4216d3970b74,5,same_session+same_source_volume+same_subject
OAS1_0023,OAS1_0023_MR1,vol_e067f8a992af,Demented,oasis1_comp_4216d3970b74,5,same_session+same_source_volume+same_subject
OAS1_0023,OAS1_0023_MR1,vol_e067f8a992af,Demented,oasis1_comp_4216d3970b74,5,same_session+same_source_volume+same_subject
OAS1_0023,OAS1_0023_MR1,vol_e067f8a992af,Demented,oasis1_comp_4216d3970b74,5,same_session+same_source_volume+same_subject
OAS1_0354,OAS1_0354_MR1,vol_4bdd15ce38a1,NonDemented,oasis1_comp_f5ff20128481,5,same_session+same_source_volume+same_subject
OAS1_0354,OAS1_0354_MR1,vol_4bdd15ce38a1,NonDemented,oasis1_comp_f5ff20128481,5,same_session+same_source_volume+same_subject
OAS1_0354,OAS1_0354_MR1,vol_4bdd15ce38a1,NonDemented,oasis1_comp_f5ff20128481,5,same_session+same_source_volume+same_subject
OAS1_0354,OAS1_0354_MR1,vol_4bdd15ce38a1,NonDemented,oasis1_comp_f5ff20128481,5,same_session+same_source_volume+same_subject
OAS1_0354,OAS1_0354_MR1,vol_4bdd15ce38a1,NonDemented,oasis1_comp_f5ff20128481,5,same_session+same_source_volume+same_subject
OAS1_0307,OAS1_0307_MR1,vol_4247b4e138bf,Demented,oasis1_comp_f29d9b996c10,5,same_session+same_source_volume+same_subject
OAS1_0307,OAS1_0307_MR1,vol_4247b4e138bf,Demented,oasis1_comp_f29d9b996c10,5,same_session+same_source_volume+same_subject
OAS1_0307,OAS1_0307_MR1,vol_4247b4e138bf,Demented,oasis1_comp_f29d9b996c10,5,same_session+same_source_volume+same_subject
OAS1_0307,OAS1_0307_MR1,vol_4247b4e138bf,Demented,oasis1_comp_f29d9b996c10,5,same_session+same_source_volume+same_subject
OAS1_0307,OAS1_0307_MR1,vol_4247b4e138bf,Demented,oasis1_comp_f29d9b996c10,5,same_session+same_source_volume+same_subject
OAS1_0236,OAS1_0236_MR1,vol_cba9fcb4cf65,label_missing,oasis1_comp_bda4a080c4a8,10,same_session+same_source_volume+same_subject
OAS1_0236,OAS1_0236_MR1,vol_cba9fcb4cf65,label_missing,oasis1_comp_bda4a080c4a8,10,same_session+same_source_volume+same_subject
OAS1_0236,OAS1_0236_MR1,vol_cba9fcb4cf65,label_missing,oasis1_comp_bda4a080c4a8,10,same_session+same_source_volume+same_subject
OAS1_0236,OAS1_0236_MR1,vol_cba9fcb4cf65,label_missing,oasis1_comp_bda4a080c4a8,10,same_session+same_source_volume+same_subject
OAS1_0236,OAS1_0236_MR1,vol_cba9fcb4cf65,label_missing,oasis1_comp_bda4a080c4a8,10,same_session+same_source_volume+same_subject
OAS1_0236,OAS1_0236_MR2,vol_85ed0b82cbf1,label_missing,oasis1_comp_bda4a080c4a8,10,same_session+same_source_volume+same_subject
OAS1_0236,OAS1_0236_MR2,vol_85ed0b82cbf1,label_missing,oasis1_comp_bda4a080c4a8,10,same_session+same_source_volume+same_subject
OAS1_0236,OAS1_0236_MR2,vol_85ed0b82cbf1,label_missing,oasis1_comp_bda4a080c4a8,10,same_session+same_source_volume+same_subject
OAS1_0236,OAS1_0236_MR2,vol_85ed0b82cbf1,label_missing,oasis1_comp_bda4a080c4a8,10,same_session+same_source_volume+same_subject
OAS1_0236,OAS1_0236_MR2,vol_85ed0b82cbf1,label_missing,oasis1_comp_bda4a080c4a8,10,same_session+same_source_volume+same_subject
OAS1_0373,OAS1_0373_MR1,vol_2ab9bbb47307,Demented,oasis1_comp_d3f3cdb72911,5,same_session+same_source_volume+same_subject
OAS1_0373,OAS1_0373_MR1,vol_2ab9bbb47307,Demented,oasis1_comp_d3f3cdb72911,5,same_session+same_source_volume+same_subject
OAS1_0373,OAS1_0373_MR1,vol_2ab9bbb47307,Demented,oasis1_comp_d3f3cdb72911,5,same_session+same_source_volume+same_subject
OAS1_0373,OAS1_0373_MR1,vol_2ab9bbb47307,Demented,oasis1_comp_d3f3cdb72911,5,same_session+same_source_volume+same_subject
OAS1_0373,OAS1_0373_MR1,vol_2ab9bbb47307,Demented,oasis1_comp_d3f3cdb72911,5,same_session+same_source_volume+same_subject
OAS1_0205,OAS1_0205_MR1,vol_adfffb786997,Demented,oasis1_comp_15b1a947ddb1,5,same_session+same_source_volume+same_subject
OAS1_0205,OAS1_0205_MR1,vol_adfffb786997,Demented,oasis1_comp_15b1a947ddb1,5,same_session+same_source_volume+same_subject
OAS1_0205,OAS1_0205_MR1,vol_adfffb786997,Demented,oasis1_comp_15b1a947ddb1,5,same_session+same_source_volume+same_subject
OAS1_0205,OAS1_0205_MR1,vol_adfffb786997,Demented,oasis1_comp_15b1a947ddb1,5,same_session+same_source_volume+same_subject
OAS1_0205,OAS1_0205_MR1,vol_adfffb786997,Demented,oasis1_comp_15b1a947ddb1,5,same_session+same_source_volume+same_subject
OAS1_0277,OAS1_0277_MR1,vol_baba260cc504,label_missing,oasis1_comp_1fb8c2b03f6a,5,same_session+same_source_volume+same_subject
OAS1_0277,OAS1_0277_MR1,vol_baba260cc504,label_missing,oasis1_comp_1fb8c2b03f6a,5,same_session+same_source_volume+same_subject
OAS1_0277,OAS1_0277_MR1,vol_baba260cc504,label_missing,oasis1_comp_1fb8c2b03f6a,5,same_session+same_source_volume+same_subject
OAS1_0277,OAS1_0277_MR1,vol_baba260cc504,label_missing,oasis1_comp_1fb8c2b03f6a,5,same_session+same_source_volume+same_subject
OAS1_0277,OAS1_0277_MR1,vol_baba260cc504,label_missing,oasis1_comp_1fb8c2b03f6a,5,same_session+same_source_volume+same_subject
OAS1_0131,OAS1_0131_MR1,vol_ec3537b44581,label_missing,oasis1_comp_a6ccc9f169bd,5,same_session+same_source_volume+same_subject
OAS1_0131,OAS1_0131_MR1,vol_ec3537b44581,label_missing,oasis1_comp_a6ccc9f169bd,5,same_session+same_source_volume+same_subject
OAS1_0131,OAS1_0131_MR1,vol_ec3537b44581,label_missing,oasis1_comp_a6ccc9f169bd,5,same_session+same_source_volume+same_subject
OAS1_0131,OAS1_0131_MR1,vol_ec3537b44581,label_missing,oasis1_comp_a6ccc9f169bd,5,same_session+same_source_volume+same_subject
OAS1_0131,OAS1_0131_MR1,vol_ec3537b44581,label_missing,oasis1_comp_a6ccc9f169bd,5,same_session+same_source_volume+same_subject
OAS1_0035,OAS1_0035_MR1,vol_5371652e0db1,Demented,oasis1_comp_b4f99dee1d3c,5,same_session+same_source_volume+same_subject
OAS1_0035,OAS1_0035_MR1,vol_5371652e0db1,Demented,oasis1_comp_b4f99dee1d3c,5,same_session+same_source_volume+same_subject
OAS1_0035,OAS1_0035_MR1,vol_5371652e0db1,Demented,oasis1_comp_b4f99dee1d3c,5,same_session+same_source_volume+same_subject
OAS1_0035,OAS1_0035_MR1,vol_5371652e0db1,Demented,oasis1_comp_b4f99dee1d3c,5,same_session+same_source_volume+same_subject
OAS1_0035,OAS1_0035_MR1,vol_5371652e0db1,Demented,oasis1_comp_b4f99dee1d3c,5,same_session+same_source_volume+same_subject
OAS1_0451,OAS1_0451_MR1,vol_773365d9d49a,Demented,oasis1_comp_ecc72a31e82d,5,same_session+same_source_volume+same_subject
OAS1_0451,OAS1_0451_MR1,vol_773365d9d49a,Demented,oasis1_comp_ecc72a31e82d,5,same_session+same_source_volume+same_subject
OAS1_0451,OAS1_0451_MR1,vol_773365d9d49a,Demented,oasis1_comp_ecc72a31e82d,5,same_session+same_source_volume+same_subject
OAS1_0451,OAS1_0451_MR1,vol_773365d9d49a,Demented,oasis1_comp_ecc72a31e82d,5,same_session+same_source_volume+same_subject
OAS1_0451,OAS1_0451_MR1,vol_773365d9d49a,Demented,oasis1_comp_ecc72a31e82d,5,same_session+same_source_volume+same_subject
OAS1_0051,OAS1_0051_MR1,vol_3fa4583ea1f7,label_missing,oasis1_comp_d9dafcd890cb,5,same_session+same_source_volume+same_subject
OAS1_0051,OAS1_0051_MR1,vol_3fa4583ea1f7,label_missing,oasis1_comp_d9dafcd890cb,5,same_session+same_source_volume+same_subject
OAS1_0051,OAS1_0051_MR1,vol_3fa4583ea1f7,label_missing,oasis1_comp_d9dafcd890cb,5,same_session+same_source_volume+same_subject
OAS1_0051,OAS1_0051_MR1,vol_3fa4583ea1f7,label_missing,oasis1_comp_d9dafcd890cb,5,same_session+same_source_volume+same_subject
OAS1_0051,OAS1_0051_MR1,vol_3fa4583ea1f7,label_missing,oasis1_comp_d9dafcd890cb,5,same_session+same_source_volume+same_subject
OAS1_0314,OAS1_0314_MR1,vol_baac1a0042b0,label_missing,oasis1_comp_74b85f41ae21,5,same_session+same_source_volume+same_subject
OAS1_0314,OAS1_0314_MR1,vol_baac1a0042b0,label_missing,oasis1_comp_74b85f41ae21,5,same_session+same_source_volume+same_subject
OAS1_0314,OAS1_0314_MR1,vol_baac1a0042b0,label_missing,oasis1_comp_74b85f41ae21,5,same_session+same_source_volume+same_subject
OAS1_0314,OAS1_0314_MR1,vol_baac1a0042b0,label_missing,oasis1_comp_74b85f41ae21,5,same_session+same_source_volume+same_subject
OAS1_0314,OAS1_0314_MR1,vol_baac1a0042b0,label_missing,oasis1_comp_74b85f41ae21,5,same_session+same_source_volume+same_subject
OAS1_0232,OAS1_0232_MR1,vol_5a399ada78a0,label_missing,oasis1_comp_fe5d945b6023,5,same_session+same_source_volume+same_subject
OAS1_0232,OAS1_0232_MR1,vol_5a399ada78a0,label_missing,oasis1_comp_fe5d945b6023,5,same_session+same_source_volume+same_subject
OAS1_0232,OAS1_0232_MR1,vol_5a399ada78a0,label_missing,oasis1_comp_fe5d945b6023,5,same_session+same_source_volume+same_subject
OAS1_0232,OAS1_0232_MR1,vol_5a399ada78a0,label_missing,oasis1_comp_fe5d945b6023,5,same_session+same_source_volume+same_subject
OAS1_0232,OAS1_0232_MR1,vol_5a399ada78a0,label_missing,oasis1_comp_fe5d945b6023,5,same_session+same_source_volume+same_subject
OAS1_0117,OAS1_0117_MR1,vol_a5a1466b44f4,label_missing,oasis1_comp_752d57c980f3,10,same_session+same_source_volume+same_subject
OAS1_0117,OAS1_0117_MR1,vol_a5a1466b44f4,label_missing,oasis1_comp_752d57c980f3,10,same_session+same_source_volume+same_subject
OAS1_0117,OAS1_0117_MR1,vol_a5a1466b44f4,label_missing,oasis1_comp_752d57c980f3,10,same_session+same_source_volume+same_subject
OAS1_0117,OAS1_0117_MR1,vol_a5a1466b44f4,label_missing,oasis1_comp_752d57c980f3,10,same_session+same_source_volume+same_subject
OAS1_0117,OAS1_0117_MR1,vol_a5a1466b44f4,label_missing,oasis1_comp_752d57c980f3,10,same_session+same_source_volume+same_subject
OAS1_0117,OAS1_0117_MR2,vol_813ba6af92f7,label_missing,oasis1_comp_752d57c980f3,10,same_session+same_source_volume+same_subject
OAS1_0117,OAS1_0117_MR2,vol_813ba6af92f7,label_missing,oasis1_comp_752d57c980f3,10,same_session+same_source_volume+same_subject
OAS1_0117,OAS1_0117_MR2,vol_813ba6af92f7,label_missing,oasis1_comp_752d57c980f3,10,same_session+same_source_volume+same_subject
OAS1_0117,OAS1_0117_MR2,vol_813ba6af92f7,label_missing,oasis1_comp_752d57c980f3,10,same_session+same_source_volume+same_subject
OAS1_0117,OAS1_0117_MR2,vol_813ba6af92f7,label_missing,oasis1_comp_752d57c980f3,10,same_session+same_source_volume+same_subject
OAS1_0418,OAS1_0418_MR1,vol_66c3f47d23bb,Demented,oasis1_comp_ce40ce418209,5,same_session+same_source_volume+same_subject
OAS1_0418,OAS1_0418_MR1,vol_66c3f47d23bb,Demented,oasis1_comp_ce40ce418209,5,same_session+same_source_volume+same_subject
OAS1_0418,OAS1_0418_MR1,vol_66c3f47d23bb,Demented,oasis1_comp_ce40ce418209,5,same_session+same_source_volume+same_subject
OAS1_0418,OAS1_0418_MR1,vol_66c3f47d23bb,Demented,oasis1_comp_ce40ce418209,5,same_session+same_source_volume+same_subject
OAS1_0418,OAS1_0418_MR1,vol_66c3f47d23bb,Demented,oasis1_comp_ce40ce418209,5,same_session+same_source_volume+same_subject
OAS1_0082,OAS1_0082_MR1,vol_5043bb1c012d,Demented,oasis1_comp_d665b3cc7ebd,5,same_session+same_source_volume+same_subject
OAS1_0082,OAS1_0082_MR1,vol_5043bb1c012d,Demented,oasis1_comp_d665b3cc7ebd,5,same_session+same_source_volume+same_subject
OAS1_0082,OAS1_0082_MR1,vol_5043bb1c012d,Demented,oasis1_comp_d665b3cc7ebd,5,same_session+same_source_volume+same_subject
OAS1_0082,OAS1_0082_MR1,vol_5043bb1c012d,Demented,oasis1_comp_d665b3cc7ebd,5,same_session+same_source_volume+same_subject
OAS1_0082,OAS1_0082_MR1,vol_5043bb1c012d,Demented,oasis1_comp_d665b3cc7ebd,5,same_session+same_source_volume+same_subject
OAS1_0017,OAS1_0017_MR1,vol_01fe023c5f33,label_missing,oasis1_comp_af552f12035d,5,same_session+same_source_volume+same_subject
OAS1_0017,OAS1_0017_MR1,vol_01fe023c5f33,label_missing,oasis1_comp_af552f12035d,5,same_session+same_source_volume+same_subject
OAS1_0017,OAS1_0017_MR1,vol_01fe023c5f33,label_missing,oasis1_comp_af552f12035d,5,same_session+same_source_volume+same_subject
OAS1_0017,OAS1_0017_MR1,vol_01fe023c5f33,label_missing,oasis1_comp_af552f12035d,5,same_session+same_source_volume+same_subject
OAS1_0017,OAS1_0017_MR1,vol_01fe023c5f33,label_missing,oasis1_comp_af552f12035d,5,same_session+same_source_volume+same_subject
OAS1_0124,OAS1_0124_MR1,vol_85edd0c97c57,Demented,oasis1_comp_60686d7f50fd,5,same_session+same_source_volume+same_subject
OAS1_0124,OAS1_0124_MR1,vol_85edd0c97c57,Demented,oasis1_comp_60686d7f50fd,5,same_session+same_source_volume+same_subject
OAS1_0124,OAS1_0124_MR1,vol_85edd0c97c57,Demented,oasis1_comp_60686d7f50fd,5,same_session+same_source_volume+same_subject
OAS1_0124,OAS1_0124_MR1,vol_85edd0c97c57,Demented,oasis1_comp_60686d7f50fd,5,same_session+same_source_volume+same_subject
OAS1_0124,OAS1_0124_MR1,vol_85edd0c97c57,Demented,oasis1_comp_60686d7f50fd,5,same_session+same_source_volume+same_subject
OAS1_0429,OAS1_0429_MR1,vol_4e7e3c152884,label_missing,oasis1_comp_14e6f900bb80,5,same_session+same_source_volume+same_subject
OAS1_0429,OAS1_0429_MR1,vol_4e7e3c152884,label_missing,oasis1_comp_14e6f900bb80,5,same_session+same_source_volume+same_subject
OAS1_0429,OAS1_0429_MR1,vol_4e7e3c152884,label_missing,oasis1_comp_14e6f900bb80,5,same_session+same_source_volume+same_subject
OAS1_0429,OAS1_0429_MR1,vol_4e7e3c152884,label_missing,oasis1_comp_14e6f900bb80,5,same_session+same_source_volume+same_subject
OAS1_0429,OAS1_0429_MR1,vol_4e7e3c152884,label_missing,oasis1_comp_14e6f900bb80,5,same_session+same_source_volume+same_subject
OAS1_0330,OAS1_0330_MR1,vol_0f7ba2ef2cc6,NonDemented,oasis1_comp_c1d9986a50db,5,same_session+same_source_volume+same_subject
OAS1_0330,OAS1_0330_MR1,vol_0f7ba2ef2cc6,NonDemented,oasis1_comp_c1d9986a50db,5,same_session+same_source_volume+same_subject
OAS1_0330,OAS1_0330_MR1,vol_0f7ba2ef2cc6,NonDemented,oasis1_comp_c1d9986a50db,5,same_session+same_source_volume+same_subject
OAS1_0330,OAS1_0330_MR1,vol_0f7ba2ef2cc6,NonDemented,oasis1_comp_c1d9986a50db,5,same_session+same_source_volume+same_subject
OAS1_0330,OAS1_0330_MR1,vol_0f7ba2ef2cc6,NonDemented,oasis1_comp_c1d9986a50db,5,same_session+same_source_volume+same_subject
OAS1_0113,OAS1_0113_MR1,vol_056fe8b1f03e,NonDemented,oasis1_comp_0fbe97b37c4a,5,same_session+same_source_volume+same_subject
OAS1_0113,OAS1_0113_MR1,vol_056fe8b1f03e,NonDemented,oasis1_comp_0fbe97b37c4a,5,same_session+same_source_volume+same_subject
OAS1_0113,OAS1_0113_MR1,vol_056fe8b1f03e,NonDemented,oasis1_comp_0fbe97b37c4a,5,same_session+same_source_volume+same_subject
OAS1_0113,OAS1_0113_MR1,vol_056fe8b1f03e,NonDemented,oasis1_comp_0fbe97b37c4a,5,same_session+same_source_volume+same_subject
OAS1_0113,OAS1_0113_MR1,vol_056fe8b1f03e,NonDemented,oasis1_comp_0fbe97b37c4a,5,same_session+same_source_volume+same_subject
OAS1_0295,OAS1_0295_MR1,vol_b435b41613c2,label_missing,oasis1_comp_bf3268c4e005,5,same_session+same_source_volume+same_subject
OAS1_0295,OAS1_0295_MR1,vol_b435b41613c2,label_missing,oasis1_comp_bf3268c4e005,5,same_session+same_source_volume+same_subject
OAS1_0295,OAS1_0295_MR1,vol_b435b41613c2,label_missing,oasis1_comp_bf3268c4e005,5,same_session+same_source_volume+same_subject
OAS1_0295,OAS1_0295_MR1,vol_b435b41613c2,label_missing,oasis1_comp_bf3268c4e005,5,same_session+same_source_volume+same_subject
OAS1_0295,OAS1_0295_MR1,vol_b435b41613c2,label_missing,oasis1_comp_bf3268c4e005,5,same_session+same_source_volume+same_subject
OAS1_0397,OAS1_0397_MR1,vol_1080d4346658,label_missing,oasis1_comp_27cffd7b45b3,5,same_session+same_source_volume+same_subject
OAS1_0397,OAS1_0397_MR1,vol_1080d4346658,label_missing,oasis1_comp_27cffd7b45b3,5,same_session+same_source_volume+same_subject
OAS1_0397,OAS1_0397_MR1,vol_1080d4346658,label_missing,oasis1_comp_27cffd7b45b3,5,same_session+same_source_volume+same_subject
OAS1_0397,OAS1_0397_MR1,vol_1080d4346658,label_missing,oasis1_comp_27cffd7b45b3,5,same_session+same_source_volume+same_subject
OAS1_0397,OAS1_0397_MR1,vol_1080d4346658,label_missing,oasis1_comp_27cffd7b45b3,5,same_session+same_source_volume+same_subject
OAS1_0090,OAS1_0090_MR1,vol_d9e42958c552,label_missing,oasis1_comp_d518def4ca60,5,same_session+same_source_volume+same_subject
OAS1_0090,OAS1_0090_MR1,vol_d9e42958c552,label_missing,oasis1_comp_d518def4ca60,5,same_session+same_source_volume+same_subject
OAS1_0090,OAS1_0090_MR1,vol_d9e42958c552,label_missing,oasis1_comp_d518def4ca60,5,same_session+same_source_volume+same_subject
OAS1_0090,OAS1_0090_MR1,vol_d9e42958c552,label_missing,oasis1_comp_d518def4ca60,5,same_session+same_source_volume+same_subject
OAS1_0090,OAS1_0090_MR1,vol_d9e42958c552,label_missing,oasis1_comp_d518def4ca60,5,same_session+same_source_volume+same_subject
OAS1_0002,OAS1_0002_MR1,vol_a6f37b054c95,NonDemented,oasis1_comp_848d89af6699,5,same_session+same_source_volume+same_subject
OAS1_0002,OAS1_0002_MR1,vol_a6f37b054c95,NonDemented,oasis1_comp_848d89af6699,5,same_session+same_source_volume+same_subject
OAS1_0002,OAS1_0002_MR1,vol_a6f37b054c95,NonDemented,oasis1_comp_848d89af6699,5,same_session+same_source_volume+same_subject
OAS1_0002,OAS1_0002_MR1,vol_a6f37b054c95,NonDemented,oasis1_comp_848d89af6699,5,same_session+same_source_volume+same_subject
OAS1_0002,OAS1_0002_MR1,vol_a6f37b054c95,NonDemented,oasis1_comp_848d89af6699,5,same_session+same_source_volume+same_subject
OAS1_0170,OAS1_0170_MR1,vol_1c87233f601d,NonDemented,oasis1_comp_b05ffdfeee80,5,same_session+same_source_volume+same_subject
OAS1_0170,OAS1_0170_MR1,vol_1c87233f601d,NonDemented,oasis1_comp_b05ffdfeee80,5,same_session+same_source_volume+same_subject
OAS1_0170,OAS1_0170_MR1,vol_1c87233f601d,NonDemented,oasis1_comp_b05ffdfeee80,5,same_session+same_source_volume+same_subject
OAS1_0170,OAS1_0170_MR1,vol_1c87233f601d,NonDemented,oasis1_comp_b05ffdfeee80,5,same_session+same_source_volume+same_subject
OAS1_0170,OAS1_0170_MR1,vol_1c87233f601d,NonDemented,oasis1_comp_b05ffdfeee80,5,same_session+same_source_volume+same_subject
OAS1_0379,OAS1_0379_MR1,vol_0cd3187d644d,label_missing,oasis1_comp_91c3233f5287,10,same_session+same_source_volume+same_subject
OAS1_0379,OAS1_0379_MR1,vol_0cd3187d644d,label_missing,oasis1_comp_91c3233f5287,10,same_session+same_source_volume+same_subject
OAS1_0379,OAS1_0379_MR1,vol_0cd3187d644d,label_missing,oasis1_comp_91c3233f5287,10,same_session+same_source_volume+same_subject
OAS1_0379,OAS1_0379_MR1,vol_0cd3187d644d,label_missing,oasis1_comp_91c3233f5287,10,same_session+same_source_volume+same_subject
OAS1_0379,OAS1_0379_MR1,vol_0cd3187d644d,label_missing,oasis1_comp_91c3233f5287,10,same_session+same_source_volume+same_subject
OAS1_0379,OAS1_0379_MR2,vol_0a3d19dd194f,label_missing,oasis1_comp_91c3233f5287,10,same_session+same_source_volume+same_subject
OAS1_0379,OAS1_0379_MR2,vol_0a3d19dd194f,label_missing,oasis1_comp_91c3233f5287,10,same_session+same_source_volume+same_subject
OAS1_0379,OAS1_0379_MR2,vol_0a3d19dd194f,label_missing,oasis1_comp_91c3233f5287,10,same_session+same_source_volume+same_subject
OAS1_0379,OAS1_0379_MR2,vol_0a3d19dd194f,label_missing,oasis1_comp_91c3233f5287,10,same_session+same_source_volume+same_subject
OAS1_0379,OAS1_0379_MR2,vol_0a3d19dd194f,label_missing,oasis1_comp_91c3233f5287,10,same_session+same_source_volume+same_subject
OAS1_0449,OAS1_0449_MR1,vol_63aa37bf60dc,NonDemented,oasis1_comp_49bb2dde22f7,5,same_session+same_source_volume+same_subject
OAS1_0449,OAS1_0449_MR1,vol_63aa37bf60dc,NonDemented,oasis1_comp_49bb2dde22f7,5,same_session+same_source_volume+same_subject
OAS1_0449,OAS1_0449_MR1,vol_63aa37bf60dc,NonDemented,oasis1_comp_49bb2dde22f7,5,same_session+same_source_volume+same_subject
OAS1_0449,OAS1_0449_MR1,vol_63aa37bf60dc,NonDemented,oasis1_comp_49bb2dde22f7,5,same_session+same_source_volume+same_subject
OAS1_0449,OAS1_0449_MR1,vol_63aa37bf60dc,NonDemented,oasis1_comp_49bb2dde22f7,5,same_session+same_source_volume+same_subject
OAS1_0229,OAS1_0229_MR1,vol_a9edb737a925,NonDemented,oasis1_comp_0bcb7c1388bb,5,same_session+same_source_volume+same_subject
OAS1_0229,OAS1_0229_MR1,vol_a9edb737a925,NonDemented,oasis1_comp_0bcb7c1388bb,5,same_session+same_source_volume+same_subject
OAS1_0229,OAS1_0229_MR1,vol_a9edb737a925,NonDemented,oasis1_comp_0bcb7c1388bb,5,same_session+same_source_volume+same_subject
OAS1_0229,OAS1_0229_MR1,vol_a9edb737a925,NonDemented,oasis1_comp_0bcb7c1388bb,5,same_session+same_source_volume+same_subject
OAS1_0229,OAS1_0229_MR1,vol_a9edb737a925,NonDemented,oasis1_comp_0bcb7c1388bb,5,same_session+same_source_volume+same_subject
OAS1_0346,OAS1_0346_MR1,vol_90c652a71faa,label_missing,oasis1_comp_3dbd5756a000,5,same_session+same_source_volume+same_subject
OAS1_0346,OAS1_0346_MR1,vol_90c652a71faa,label_missing,oasis1_comp_3dbd5756a000,5,same_session+same_source_volume+same_subject
OAS1_0346,OAS1_0346_MR1,vol_90c652a71faa,label_missing,oasis1_comp_3dbd5756a000,5,same_session+same_source_volume+same_subject
OAS1_0346,OAS1_0346_MR1,vol_90c652a71faa,label_missing,oasis1_comp_3dbd5756a000,5,same_session+same_source_volume+same_subject
OAS1_0346,OAS1_0346_MR1,vol_90c652a71faa,label_missing,oasis1_comp_3dbd5756a000,5,same_session+same_source_volume+same_subject
OAS1_0108,OAS1_0108_MR1,vol_cdd29e72d6e7,label_missing,oasis1_comp_37befadef355,5,same_session+same_source_volume+same_subject
OAS1_0108,OAS1_0108_MR1,vol_cdd29e72d6e7,label_missing,oasis1_comp_37befadef355,5,same_session+same_source_volume+same_subject
OAS1_0108,OAS1_0108_MR1,vol_cdd29e72d6e7,label_missing,oasis1_comp_37befadef355,5,same_session+same_source_volume+same_subject
OAS1_0108,OAS1_0108_MR1,vol_cdd29e72d6e7,label_missing,oasis1_comp_37befadef355,5,same_session+same_source_volume+same_subject
OAS1_0108,OAS1_0108_MR1,vol_cdd29e72d6e7,label_missing,oasis1_comp_37befadef355,5,same_session+same_source_volume+same_subject
OAS1_0438,OAS1_0438_MR1,vol_ccaafa660083,NonDemented,oasis1_comp_7a0c819bfe28,5,same_session+same_source_volume+same_subject
OAS1_0438,OAS1_0438_MR1,vol_ccaafa660083,NonDemented,oasis1_comp_7a0c819bfe28,5,same_session+same_source_volume+same_subject
OAS1_0438,OAS1_0438_MR1,vol_ccaafa660083,NonDemented,oasis1_comp_7a0c819bfe28,5,same_session+same_source_volume+same_subject
OAS1_0438,OAS1_0438_MR1,vol_ccaafa660083,NonDemented,oasis1_comp_7a0c819bfe28,5,same_session+same_source_volume+same_subject
OAS1_0438,OAS1_0438_MR1,vol_ccaafa660083,NonDemented,oasis1_comp_7a0c819bfe28,5,same_session+same_source_volume+same_subject
OAS1_0010,OAS1_0010_MR1,vol_0197fa9bf5ab,NonDemented,oasis1_comp_4fc714f7ce54,5,same_session+same_source_volume+same_subject
OAS1_0010,OAS1_0010_MR1,vol_0197fa9bf5ab,NonDemented,oasis1_comp_4fc714f7ce54,5,same_session+same_source_volume+same_subject
OAS1_0010,OAS1_0010_MR1,vol_0197fa9bf5ab,NonDemented,oasis1_comp_4fc714f7ce54,5,same_session+same_source_volume+same_subject
OAS1_0010,OAS1_0010_MR1,vol_0197fa9bf5ab,NonDemented,oasis1_comp_4fc714f7ce54,5,same_session+same_source_volume+same_subject
OAS1_0010,OAS1_0010_MR1,vol_0197fa9bf5ab,NonDemented,oasis1_comp_4fc714f7ce54,5,same_session+same_source_volume+same_subject
OAS1_0043,OAS1_0043_MR1,vol_dd40a4b89127,label_missing,oasis1_comp_6d2282c8617b,5,same_session+same_source_volume+same_subject
OAS1_0043,OAS1_0043_MR1,vol_dd40a4b89127,label_missing,oasis1_comp_6d2282c8617b,5,same_session+same_source_volume+same_subject
OAS1_0043,OAS1_0043_MR1,vol_dd40a4b89127,label_missing,oasis1_comp_6d2282c8617b,5,same_session+same_source_volume+same_subject
OAS1_0043,OAS1_0043_MR1,vol_dd40a4b89127,label_missing,oasis1_comp_6d2282c8617b,5,same_session+same_source_volume+same_subject
OAS1_0043,OAS1_0043_MR1,vol_dd40a4b89127,label_missing,oasis1_comp_6d2282c8617b,5,same_session+same_source_volume+same_subject
OAS1_0313,OAS1_0313_MR1,vol_1b14d8f6b22d,label_missing,oasis1_comp_df65209a3a39,5,same_session+same_source_volume+same_subject
OAS1_0313,OAS1_0313_MR1,vol_1b14d8f6b22d,label_missing,oasis1_comp_df65209a3a39,5,same_session+same_source_volume+same_subject
OAS1_0313,OAS1_0313_MR1,vol_1b14d8f6b22d,label_missing,oasis1_comp_df65209a3a39,5,same_session+same_source_volume+same_subject
OAS1_0313,OAS1_0313_MR1,vol_1b14d8f6b22d,label_missing,oasis1_comp_df65209a3a39,5,same_session+same_source_volume+same_subject
OAS1_0313,OAS1_0313_MR1,vol_1b14d8f6b22d,label_missing,oasis1_comp_df65209a3a39,5,same_session+same_source_volume+same_subject
OAS1_0280,OAS1_0280_MR1,vol_a7e663b6e7b6,NonDemented,oasis1_comp_59657cd437ed,5,same_session+same_source_volume+same_subject
OAS1_0280,OAS1_0280_MR1,vol_a7e663b6e7b6,NonDemented,oasis1_comp_59657cd437ed,5,same_session+same_source_volume+same_subject
OAS1_0280,OAS1_0280_MR1,vol_a7e663b6e7b6,NonDemented,oasis1_comp_59657cd437ed,5,same_session+same_source_volume+same_subject
OAS1_0280,OAS1_0280_MR1,vol_a7e663b6e7b6,NonDemented,oasis1_comp_59657cd437ed,5,same_session+same_source_volume+same_subject
OAS1_0280,OAS1_0280_MR1,vol_a7e663b6e7b6,NonDemented,oasis1_comp_59657cd437ed,5,same_session+same_source_volume+same_subject
OAS1_0064,OAS1_0064_MR1,vol_7562a12eb8cb,NonDemented,oasis1_comp_39806d113736,5,same_session+same_source_volume+same_subject
OAS1_0064,OAS1_0064_MR1,vol_7562a12eb8cb,NonDemented,oasis1_comp_39806d113736,5,same_session+same_source_volume+same_subject
OAS1_0064,OAS1_0064_MR1,vol_7562a12eb8cb,NonDemented,oasis1_comp_39806d113736,5,same_session+same_source_volume+same_subject
OAS1_0064,OAS1_0064_MR1,vol_7562a12eb8cb,NonDemented,oasis1_comp_39806d113736,5,same_session+same_source_volume+same_subject
OAS1_0064,OAS1_0064_MR1,vol_7562a12eb8cb,NonDemented,oasis1_comp_39806d113736,5,same_session+same_source_volume+same_subject
OAS1_0111,OAS1_0111_MR1,vol_6ae126c1e607,label_missing,oasis1_comp_dd3640965e18,10,same_session+same_source_volume+same_subject
OAS1_0111,OAS1_0111_MR1,vol_6ae126c1e607,label_missing,oasis1_comp_dd3640965e18,10,same_session+same_source_volume+same_subject
OAS1_0111,OAS1_0111_MR1,vol_6ae126c1e607,label_missing,oasis1_comp_dd3640965e18,10,same_session+same_source_volume+same_subject
OAS1_0111,OAS1_0111_MR1,vol_6ae126c1e607,label_missing,oasis1_comp_dd3640965e18,10,same_session+same_source_volume+same_subject
OAS1_0111,OAS1_0111_MR1,vol_6ae126c1e607,label_missing,oasis1_comp_dd3640965e18,10,same_session+same_source_volume+same_subject
OAS1_0111,OAS1_0111_MR2,vol_6b6bce7a1313,label_missing,oasis1_comp_dd3640965e18,10,same_session+same_source_volume+same_subject
OAS1_0111,OAS1_0111_MR2,vol_6b6bce7a1313,label_missing,oasis1_comp_dd3640965e18,10,same_session+same_source_volume+same_subject
OAS1_0111,OAS1_0111_MR2,vol_6b6bce7a1313,label_missing,oasis1_comp_dd3640965e18,10,same_session+same_source_volume+same_subject
OAS1_0111,OAS1_0111_MR2,vol_6b6bce7a1313,label_missing,oasis1_comp_dd3640965e18,10,same_session+same_source_volume+same_subject
OAS1_0111,OAS1_0111_MR2,vol_6b6bce7a1313,label_missing,oasis1_comp_dd3640965e18,10,same_session+same_source_volume+same_subject
OAS1_0440,OAS1_0440_MR1,vol_3500b50142a2,Demented,oasis1_comp_0bff306c8b6b,5,same_session+same_source_volume+same_subject
OAS1_0440,OAS1_0440_MR1,vol_3500b50142a2,Demented,oasis1_comp_0bff306c8b6b,5,same_session+same_source_volume+same_subject
OAS1_0440,OAS1_0440_MR1,vol_3500b50142a2,Demented,oasis1_comp_0bff306c8b6b,5,same_session+same_source_volume+same_subject
OAS1_0440,OAS1_0440_MR1,vol_3500b50142a2,Demented,oasis1_comp_0bff306c8b6b,5,same_session+same_source_volume+same_subject
OAS1_0440,OAS1_0440_MR1,vol_3500b50142a2,Demented,oasis1_comp_0bff306c8b6b,5,same_session+same_source_volume+same_subject
OAS1_0060,OAS1_0060_MR1,vol_3fbe9c6b5378,Demented,oasis1_comp_4b1a6ea35bfd,5,same_session+same_source_volume+same_subject
OAS1_0060,OAS1_0060_MR1,vol_3fbe9c6b5378,Demented,oasis1_comp_4b1a6ea35bfd,5,same_session+same_source_volume+same_subject
OAS1_0060,OAS1_0060_MR1,vol_3fbe9c6b5378,Demented,oasis1_comp_4b1a6ea35bfd,5,same_session+same_source_volume+same_subject
OAS1_0060,OAS1_0060_MR1,vol_3fbe9c6b5378,Demented,oasis1_comp_4b1a6ea35bfd,5,same_session+same_source_volume+same_subject
OAS1_0060,OAS1_0060_MR1,vol_3fbe9c6b5378,Demented,oasis1_comp_4b1a6ea35bfd,5,same_session+same_source_volume+same_subject
OAS1_0302,OAS1_0302_MR1,vol_7486f282b983,label_missing,oasis1_comp_4a2efdd92b87,5,same_session+same_source_volume+same_subject
OAS1_0302,OAS1_0302_MR1,vol_7486f282b983,label_missing,oasis1_comp_4a2efdd92b87,5,same_session+same_source_volume+same_subject
OAS1_0302,OAS1_0302_MR1,vol_7486f282b983,label_missing,oasis1_comp_4a2efdd92b87,5,same_session+same_source_volume+same_subject
OAS1_0302,OAS1_0302_MR1,vol_7486f282b983,label_missing,oasis1_comp_4a2efdd92b87,5,same_session+same_source_volume+same_subject
OAS1_0302,OAS1_0302_MR1,vol_7486f282b983,label_missing,oasis1_comp_4a2efdd92b87,5,same_session+same_source_volume+same_subject
OAS1_0376,OAS1_0376_MR1,vol_f931f1aa289b,label_missing,oasis1_comp_7d963a429e29,5,same_session+same_source_volume+same_subject
OAS1_0376,OAS1_0376_MR1,vol_f931f1aa289b,label_missing,oasis1_comp_7d963a429e29,5,same_session+same_source_volume+same_subject
OAS1_0376,OAS1_0376_MR1,vol_f931f1aa289b,label_missing,oasis1_comp_7d963a429e29,5,same_session+same_source_volume+same_subject
OAS1_0376,OAS1_0376_MR1,vol_f931f1aa289b,label_missing,oasis1_comp_7d963a429e29,5,same_session+same_source_volume+same_subject
OAS1_0376,OAS1_0376_MR1,vol_f931f1aa289b,label_missing,oasis1_comp_7d963a429e29,5,same_session+same_source_volume+same_subject
OAS1_0165,OAS1_0165_MR1,vol_80be02cadcb1,NonDemented,oasis1_comp_d6d16b048ce4,5,same_session+same_source_volume+same_subject
OAS1_0165,OAS1_0165_MR1,vol_80be02cadcb1,NonDemented,oasis1_comp_d6d16b048ce4,5,same_session+same_source_volume+same_subject
OAS1_0165,OAS1_0165_MR1,vol_80be02cadcb1,NonDemented,oasis1_comp_d6d16b048ce4,5,same_session+same_source_volume+same_subject
OAS1_0165,OAS1_0165_MR1,vol_80be02cadcb1,NonDemented,oasis1_comp_d6d16b048ce4,5,same_session+same_source_volume+same_subject
OAS1_0165,OAS1_0165_MR1,vol_80be02cadcb1,NonDemented,oasis1_comp_d6d16b048ce4,5,same_session+same_source_volume+same_subject
OAS1_0325,OAS1_0325_MR1,vol_e1a677578be9,label_missing,oasis1_comp_f05ce8a9d20c,5,same_session+same_source_volume+same_subject
OAS1_0325,OAS1_0325_MR1,vol_e1a677578be9,label_missing,oasis1_comp_f05ce8a9d20c,5,same_session+same_source_volume+same_subject
OAS1_0325,OAS1_0325_MR1,vol_e1a677578be9,label_missing,oasis1_comp_f05ce8a9d20c,5,same_session+same_source_volume+same_subject
OAS1_0325,OAS1_0325_MR1,vol_e1a677578be9,label_missing,oasis1_comp_f05ce8a9d20c,5,same_session+same_source_volume+same_subject
OAS1_0325,OAS1_0325_MR1,vol_e1a677578be9,label_missing,oasis1_comp_f05ce8a9d20c,5,same_session+same_source_volume+same_subject
OAS1_0180,OAS1_0180_MR1,vol_eaffec2ce06a,NonDemented,oasis1_comp_699fe45640bc,5,same_session+same_source_volume+same_subject
OAS1_0180,OAS1_0180_MR1,vol_eaffec2ce06a,NonDemented,oasis1_comp_699fe45640bc,5,same_session+same_source_volume+same_subject
OAS1_0180,OAS1_0180_MR1,vol_eaffec2ce06a,NonDemented,oasis1_comp_699fe45640bc,5,same_session+same_source_volume+same_subject
OAS1_0180,OAS1_0180_MR1,vol_eaffec2ce06a,NonDemented,oasis1_comp_699fe45640bc,5,same_session+same_source_volume+same_subject
OAS1_0180,OAS1_0180_MR1,vol_eaffec2ce06a,NonDemented,oasis1_comp_699fe45640bc,5,same_session+same_source_volume+same_subject
OAS1_0210,OAS1_0210_MR1,vol_802086ca1b71,Demented,oasis1_comp_9b5c7563fa1c,5,same_session+same_source_volume+same_subject
OAS1_0210,OAS1_0210_MR1,vol_802086ca1b71,Demented,oasis1_comp_9b5c7563fa1c,5,same_session+same_source_volume+same_subject
OAS1_0210,OAS1_0210_MR1,vol_802086ca1b71,Demented,oasis1_comp_9b5c7563fa1c,5,same_session+same_source_volume+same_subject
OAS1_0210,OAS1_0210_MR1,vol_802086ca1b71,Demented,oasis1_comp_9b5c7563fa1c,5,same_session+same_source_volume+same_subject
OAS1_0210,OAS1_0210_MR1,vol_802086ca1b71,Demented,oasis1_comp_9b5c7563fa1c,5,same_session+same_source_volume+same_subject
OAS1_0112,OAS1_0112_MR1,vol_51d82ea03687,NonDemented,oasis1_comp_d2922cab801a,5,same_session+same_source_volume+same_subject
OAS1_0112,OAS1_0112_MR1,vol_51d82ea03687,NonDemented,oasis1_comp_d2922cab801a,5,same_session+same_source_volume+same_subject
OAS1_0112,OAS1_0112_MR1,vol_51d82ea03687,NonDemented,oasis1_comp_d2922cab801a,5,same_session+same_source_volume+same_subject
OAS1_0112,OAS1_0112_MR1,vol_51d82ea03687,NonDemented,oasis1_comp_d2922cab801a,5,same_session+same_source_volume+same_subject
OAS1_0112,OAS1_0112_MR1,vol_51d82ea03687,NonDemented,oasis1_comp_d2922cab801a,5,same_session+same_source_volume+same_subject
OAS1_0176,OAS1_0176_MR1,vol_f2eabfd225e2,NonDemented,oasis1_comp_e283176b863c,5,same_session+same_source_volume+same_subject
OAS1_0176,OAS1_0176_MR1,vol_f2eabfd225e2,NonDemented,oasis1_comp_e283176b863c,5,same_session+same_source_volume+same_subject
OAS1_0176,OAS1_0176_MR1,vol_f2eabfd225e2,NonDemented,oasis1_comp_e283176b863c,5,same_session+same_source_volume+same_subject
OAS1_0176,OAS1_0176_MR1,vol_f2eabfd225e2,NonDemented,oasis1_comp_e283176b863c,5,same_session+same_source_volume+same_subject
OAS1_0176,OAS1_0176_MR1,vol_f2eabfd225e2,NonDemented,oasis1_comp_e283176b863c,5,same_session+same_source_volume+same_subject
OAS1_0423,OAS1_0423_MR1,vol_7f03d78a983b,NonDemented,oasis1_comp_ab856aaf3e66,5,same_session+same_source_volume+same_subject
OAS1_0423,OAS1_0423_MR1,vol_7f03d78a983b,NonDemented,oasis1_comp_ab856aaf3e66,5,same_session+same_source_volume+same_subject
OAS1_0423,OAS1_0423_MR1,vol_7f03d78a983b,NonDemented,oasis1_comp_ab856aaf3e66,5,same_session+same_source_volume+same_subject
OAS1_0423,OAS1_0423_MR1,vol_7f03d78a983b,NonDemented,oasis1_comp_ab856aaf3e66,5,same_session+same_source_volume+same_subject
OAS1_0423,OAS1_0423_MR1,vol_7f03d78a983b,NonDemented,oasis1_comp_ab856aaf3e66,5,same_session+same_source_volume+same_subject
OAS1_0273,OAS1_0273_MR1,vol_f5569afdc420,Demented,oasis1_comp_bdd1afee9f30,5,same_session+same_source_volume+same_subject
OAS1_0273,OAS1_0273_MR1,vol_f5569afdc420,Demented,oasis1_comp_bdd1afee9f30,5,same_session+same_source_volume+same_subject
OAS1_0273,OAS1_0273_MR1,vol_f5569afdc420,Demented,oasis1_comp_bdd1afee9f30,5,same_session+same_source_volume+same_subject
OAS1_0273,OAS1_0273_MR1,vol_f5569afdc420,Demented,oasis1_comp_bdd1afee9f30,5,same_session+same_source_volume+same_subject
OAS1_0273,OAS1_0273_MR1,vol_f5569afdc420,Demented,oasis1_comp_bdd1afee9f30,5,same_session+same_source_volume+same_subject
OAS1_0272,OAS1_0272_MR1,vol_da5f3b55fef1,Demented,oasis1_comp_2381cfc86783,5,same_session+same_source_volume+same_subject
OAS1_0272,OAS1_0272_MR1,vol_da5f3b55fef1,Demented,oasis1_comp_2381cfc86783,5,same_session+same_source_volume+same_subject
OAS1_0272,OAS1_0272_MR1,vol_da5f3b55fef1,Demented,oasis1_comp_2381cfc86783,5,same_session+same_source_volume+same_subject
OAS1_0272,OAS1_0272_MR1,vol_da5f3b55fef1,Demented,oasis1_comp_2381cfc86783,5,same_session+same_source_volume+same_subject
OAS1_0272,OAS1_0272_MR1,vol_da5f3b55fef1,Demented,oasis1_comp_2381cfc86783,5,same_session+same_source_volume+same_subject
OAS1_0146,OAS1_0146_MR1,vol_bce275f616cd,NonDemented,oasis1_comp_a806a73460ee,5,same_session+same_source_volume+same_subject
OAS1_0146,OAS1_0146_MR1,vol_bce275f616cd,NonDemented,oasis1_comp_a806a73460ee,5,same_session+same_source_volume+same_subject
OAS1_0146,OAS1_0146_MR1,vol_bce275f616cd,NonDemented,oasis1_comp_a806a73460ee,5,same_session+same_source_volume+same_subject
OAS1_0146,OAS1_0146_MR1,vol_bce275f616cd,NonDemented,oasis1_comp_a806a73460ee,5,same_session+same_source_volume+same_subject
OAS1_0146,OAS1_0146_MR1,vol_bce275f616cd,NonDemented,oasis1_comp_a806a73460ee,5,same_session+same_source_volume+same_subject
OAS1_0096,OAS1_0096_MR1,vol_d7cc072437de,NonDemented,oasis1_comp_b8533f439c4d,5,same_session+same_source_volume+same_subject
OAS1_0096,OAS1_0096_MR1,vol_d7cc072437de,NonDemented,oasis1_comp_b8533f439c4d,5,same_session+same_source_volume+same_subject
OAS1_0096,OAS1_0096_MR1,vol_d7cc072437de,NonDemented,oasis1_comp_b8533f439c4d,5,same_session+same_source_volume+same_subject
OAS1_0096,OAS1_0096_MR1,vol_d7cc072437de,NonDemented,oasis1_comp_b8533f439c4d,5,same_session+same_source_volume+same_subject
OAS1_0096,OAS1_0096_MR1,vol_d7cc072437de,NonDemented,oasis1_comp_b8533f439c4d,5,same_session+same_source_volume+same_subject
OAS1_0267,OAS1_0267_MR1,vol_76766f8eb991,Demented,oasis1_comp_1c3121ec1f32,5,same_session+same_source_volume+same_subject
OAS1_0267,OAS1_0267_MR1,vol_76766f8eb991,Demented,oasis1_comp_1c3121ec1f32,5,same_session+same_source_volume+same_subject
OAS1_0267,OAS1_0267_MR1,vol_76766f8eb991,Demented,oasis1_comp_1c3121ec1f32,5,same_session+same_source_volume+same_subject
OAS1_0267,OAS1_0267_MR1,vol_76766f8eb991,Demented,oasis1_comp_1c3121ec1f32,5,same_session+same_source_volume+same_subject
OAS1_0267,OAS1_0267_MR1,vol_76766f8eb991,Demented,oasis1_comp_1c3121ec1f32,5,same_session+same_source_volume+same_subject
OAS1_0068,OAS1_0068_MR1,vol_78ff6ae4ea13,NonDemented,oasis1_comp_7cdf9765eb02,5,same_session+same_source_volume+same_subject
OAS1_0068,OAS1_0068_MR1,vol_78ff6ae4ea13,NonDemented,oasis1_comp_7cdf9765eb02,5,same_session+same_source_volume+same_subject
OAS1_0068,OAS1_0068_MR1,vol_78ff6ae4ea13,NonDemented,oasis1_comp_7cdf9765eb02,5,same_session+same_source_volume+same_subject
OAS1_0068,OAS1_0068_MR1,vol_78ff6ae4ea13,NonDemented,oasis1_comp_7cdf9765eb02,5,same_session+same_source_volume+same_subject
OAS1_0068,OAS1_0068_MR1,vol_78ff6ae4ea13,NonDemented,oasis1_comp_7cdf9765eb02,5,same_session+same_source_volume+same_subject
OAS1_0138,OAS1_0138_MR1,vol_3e25bb1361d9,NonDemented,oasis1_comp_b1bbad2cd8f8,5,same_session+same_source_volume+same_subject
OAS1_0138,OAS1_0138_MR1,vol_3e25bb1361d9,NonDemented,oasis1_comp_b1bbad2cd8f8,5,same_session+same_source_volume+same_subject
OAS1_0138,OAS1_0138_MR1,vol_3e25bb1361d9,NonDemented,oasis1_comp_b1bbad2cd8f8,5,same_session+same_source_volume+same_subject
OAS1_0138,OAS1_0138_MR1,vol_3e25bb1361d9,NonDemented,oasis1_comp_b1bbad2cd8f8,5,same_session+same_source_volume+same_subject
OAS1_0138,OAS1_0138_MR1,vol_3e25bb1361d9,NonDemented,oasis1_comp_b1bbad2cd8f8,5,same_session+same_source_volume+same_subject
OAS1_0106,OAS1_0106_MR1,vol_69b814bcb2be,NonDemented,oasis1_comp_aa471e94807a,5,same_session+same_source_volume+same_subject
OAS1_0106,OAS1_0106_MR1,vol_69b814bcb2be,NonDemented,oasis1_comp_aa471e94807a,5,same_session+same_source_volume+same_subject
OAS1_0106,OAS1_0106_MR1,vol_69b814bcb2be,NonDemented,oasis1_comp_aa471e94807a,5,same_session+same_source_volume+same_subject
OAS1_0106,OAS1_0106_MR1,vol_69b814bcb2be,NonDemented,oasis1_comp_aa471e94807a,5,same_session+same_source_volume+same_subject
OAS1_0106,OAS1_0106_MR1,vol_69b814bcb2be,NonDemented,oasis1_comp_aa471e94807a,5,same_session+same_source_volume+same_subject
OAS1_0358,OAS1_0358_MR1,vol_6e4efafb7c75,NonDemented,oasis1_comp_13991fbedd3f,5,same_session+same_source_volume+same_subject
OAS1_0358,OAS1_0358_MR1,vol_6e4efafb7c75,NonDemented,oasis1_comp_13991fbedd3f,5,same_session+same_source_volume+same_subject
OAS1_0358,OAS1_0358_MR1,vol_6e4efafb7c75,NonDemented,oasis1_comp_13991fbedd3f,5,same_session+same_source_volume+same_subject
OAS1_0358,OAS1_0358_MR1,vol_6e4efafb7c75,NonDemented,oasis1_comp_13991fbedd3f,5,same_session+same_source_volume+same_subject
OAS1_0358,OAS1_0358_MR1,vol_6e4efafb7c75,NonDemented,oasis1_comp_13991fbedd3f,5,same_session+same_source_volume+same_subject
OAS1_0337,OAS1_0337_MR1,vol_855d4b210623,NonDemented,oasis1_comp_d565dc880105,5,same_session+same_source_volume+same_subject
OAS1_0337,OAS1_0337_MR1,vol_855d4b210623,NonDemented,oasis1_comp_d565dc880105,5,same_session+same_source_volume+same_subject
OAS1_0337,OAS1_0337_MR1,vol_855d4b210623,NonDemented,oasis1_comp_d565dc880105,5,same_session+same_source_volume+same_subject
OAS1_0337,OAS1_0337_MR1,vol_855d4b210623,NonDemented,oasis1_comp_d565dc880105,5,same_session+same_source_volume+same_subject
OAS1_0337,OAS1_0337_MR1,vol_855d4b210623,NonDemented,oasis1_comp_d565dc880105,5,same_session+same_source_volume+same_subject
OAS1_0066,OAS1_0066_MR1,vol_14793f27e6e5,Demented,oasis1_comp_7201b9f32ad4,5,same_session+same_source_volume+same_subject
OAS1_0066,OAS1_0066_MR1,vol_14793f27e6e5,Demented,oasis1_comp_7201b9f32ad4,5,same_session+same_source_volume+same_subject
OAS1_0066,OAS1_0066_MR1,vol_14793f27e6e5,Demented,oasis1_comp_7201b9f32ad4,5,same_session+same_source_volume+same_subject
OAS1_0066,OAS1_0066_MR1,vol_14793f27e6e5,Demented,oasis1_comp_7201b9f32ad4,5,same_session+same_source_volume+same_subject
OAS1_0066,OAS1_0066_MR1,vol_14793f27e6e5,Demented,oasis1_comp_7201b9f32ad4,5,same_session+same_source_volume+same_subject
OAS1_0410,OAS1_0410_MR1,vol_71edb8755061,label_missing,oasis1_comp_153d9582012f,5,same_session+same_source_volume+same_subject
OAS1_0410,OAS1_0410_MR1,vol_71edb8755061,label_missing,oasis1_comp_153d9582012f,5,same_session+same_source_volume+same_subject
OAS1_0410,OAS1_0410_MR1,vol_71edb8755061,label_missing,oasis1_comp_153d9582012f,5,same_session+same_source_volume+same_subject
OAS1_0410,OAS1_0410_MR1,vol_71edb8755061,label_missing,oasis1_comp_153d9582012f,5,same_session+same_source_volume+same_subject
OAS1_0410,OAS1_0410_MR1,vol_71edb8755061,label_missing,oasis1_comp_153d9582012f,5,same_session+same_source_volume+same_subject
OAS1_0288,OAS1_0288_MR1,vol_d3d9e0943966,Demented,oasis1_comp_52095b13ff25,5,same_session+same_source_volume+same_subject
OAS1_0288,OAS1_0288_MR1,vol_d3d9e0943966,Demented,oasis1_comp_52095b13ff25,5,same_session+same_source_volume+same_subject
OAS1_0288,OAS1_0288_MR1,vol_d3d9e0943966,Demented,oasis1_comp_52095b13ff25,5,same_session+same_source_volume+same_subject
OAS1_0288,OAS1_0288_MR1,vol_d3d9e0943966,Demented,oasis1_comp_52095b13ff25,5,same_session+same_source_volume+same_subject
OAS1_0288,OAS1_0288_MR1,vol_d3d9e0943966,Demented,oasis1_comp_52095b13ff25,5,same_session+same_source_volume+same_subject
OAS1_0218,OAS1_0218_MR1,vol_5377009e6876,label_missing,oasis1_comp_07fa385ac6de,5,same_session+same_source_volume+same_subject
OAS1_0218,OAS1_0218_MR1,vol_5377009e6876,label_missing,oasis1_comp_07fa385ac6de,5,same_session+same_source_volume+same_subject
OAS1_0218,OAS1_0218_MR1,vol_5377009e6876,label_missing,oasis1_comp_07fa385ac6de,5,same_session+same_source_volume+same_subject
OAS1_0218,OAS1_0218_MR1,vol_5377009e6876,label_missing,oasis1_comp_07fa385ac6de,5,same_session+same_source_volume+same_subject
OAS1_0218,OAS1_0218_MR1,vol_5377009e6876,label_missing,oasis1_comp_07fa385ac6de,5,same_session+same_source_volume+same_subject
OAS1_0119,OAS1_0119_MR1,vol_b3f2598f9baa,label_missing,oasis1_comp_b79e4d7705e6,5,same_session+same_source_volume+same_subject
OAS1_0119,OAS1_0119_MR1,vol_b3f2598f9baa,label_missing,oasis1_comp_b79e4d7705e6,5,same_session+same_source_volume+same_subject
OAS1_0119,OAS1_0119_MR1,vol_b3f2598f9baa,label_missing,oasis1_comp_b79e4d7705e6,5,same_session+same_source_volume+same_subject
OAS1_0119,OAS1_0119_MR1,vol_b3f2598f9baa,label_missing,oasis1_comp_b79e4d7705e6,5,same_session+same_source_volume+same_subject
OAS1_0119,OAS1_0119_MR1,vol_b3f2598f9baa,label_missing,oasis1_comp_b79e4d7705e6,5,same_session+same_source_volume+same_subject
OAS1_0361,OAS1_0361_MR1,vol_4c0e53d7f91c,label_missing,oasis1_comp_3ac759869c08,5,same_session+same_source_volume+same_subject
OAS1_0361,OAS1_0361_MR1,vol_4c0e53d7f91c,label_missing,oasis1_comp_3ac759869c08,5,same_session+same_source_volume+same_subject
OAS1_0361,OAS1_0361_MR1,vol_4c0e53d7f91c,label_missing,oasis1_comp_3ac759869c08,5,same_session+same_source_volume+same_subject
OAS1_0361,OAS1_0361_MR1,vol_4c0e53d7f91c,label_missing,oasis1_comp_3ac759869c08,5,same_session+same_source_volume+same_subject
OAS1_0361,OAS1_0361_MR1,vol_4c0e53d7f91c,label_missing,oasis1_comp_3ac759869c08,5,same_session+same_source_volume+same_subject
OAS1_0275,OAS1_0275_MR1,vol_f0039b30f67f,label_missing,oasis1_comp_2578ad9ee64c,5,same_session+same_source_volume+same_subject
OAS1_0275,OAS1_0275_MR1,vol_f0039b30f67f,label_missing,oasis1_comp_2578ad9ee64c,5,same_session+same_source_volume+same_subject
OAS1_0275,OAS1_0275_MR1,vol_f0039b30f67f,label_missing,oasis1_comp_2578ad9ee64c,5,same_session+same_source_volume+same_subject
OAS1_0275,OAS1_0275_MR1,vol_f0039b30f67f,label_missing,oasis1_comp_2578ad9ee64c,5,same_session+same_source_volume+same_subject
OAS1_0275,OAS1_0275_MR1,vol_f0039b30f67f,label_missing,oasis1_comp_2578ad9ee64c,5,same_session+same_source_volume+same_subject
OAS1_0237,OAS1_0237_MR1,vol_cdc03255942d,NonDemented,oasis1_comp_ff19f1d9f373,5,same_session+same_source_volume+same_subject
OAS1_0237,OAS1_0237_MR1,vol_cdc03255942d,NonDemented,oasis1_comp_ff19f1d9f373,5,same_session+same_source_volume+same_subject
OAS1_0237,OAS1_0237_MR1,vol_cdc03255942d,NonDemented,oasis1_comp_ff19f1d9f373,5,same_session+same_source_volume+same_subject
OAS1_0237,OAS1_0237_MR1,vol_cdc03255942d,NonDemented,oasis1_comp_ff19f1d9f373,5,same_session+same_source_volume+same_subject
OAS1_0237,OAS1_0237_MR1,vol_cdc03255942d,NonDemented,oasis1_comp_ff19f1d9f373,5,same_session+same_source_volume+same_subject
OAS1_0401,OAS1_0401_MR1,vol_3f4e47777398,NonDemented,oasis1_comp_c578bae58eaa,5,same_session+same_source_volume+same_subject
OAS1_0401,OAS1_0401_MR1,vol_3f4e47777398,NonDemented,oasis1_comp_c578bae58eaa,5,same_session+same_source_volume+same_subject
OAS1_0401,OAS1_0401_MR1,vol_3f4e47777398,NonDemented,oasis1_comp_c578bae58eaa,5,same_session+same_source_volume+same_subject
OAS1_0401,OAS1_0401_MR1,vol_3f4e47777398,NonDemented,oasis1_comp_c578bae58eaa,5,same_session+same_source_volume+same_subject
OAS1_0401,OAS1_0401_MR1,vol_3f4e47777398,NonDemented,oasis1_comp_c578bae58eaa,5,same_session+same_source_volume+same_subject
OAS1_0405,OAS1_0405_MR1,vol_b8ed57b6e27f,Demented,oasis1_comp_ead0c006f2f6,5,same_session+same_source_volume+same_subject
OAS1_0405,OAS1_0405_MR1,vol_b8ed57b6e27f,Demented,oasis1_comp_ead0c006f2f6,5,same_session+same_source_volume+same_subject
OAS1_0405,OAS1_0405_MR1,vol_b8ed57b6e27f,Demented,oasis1_comp_ead0c006f2f6,5,same_session+same_source_volume+same_subject
OAS1_0405,OAS1_0405_MR1,vol_b8ed57b6e27f,Demented,oasis1_comp_ead0c006f2f6,5,same_session+same_source_volume+same_subject
OAS1_0405,OAS1_0405_MR1,vol_b8ed57b6e27f,Demented,oasis1_comp_ead0c006f2f6,5,same_session+same_source_volume+same_subject
OAS1_0179,OAS1_0179_MR1,vol_36e93b07e952,Demented,oasis1_comp_b6ec7af0781c,5,same_session+same_source_volume+same_subject
OAS1_0179,OAS1_0179_MR1,vol_36e93b07e952,Demented,oasis1_comp_b6ec7af0781c,5,same_session+same_source_volume+same_subject
OAS1_0179,OAS1_0179_MR1,vol_36e93b07e952,Demented,oasis1_comp_b6ec7af0781c,5,same_session+same_source_volume+same_subject
OAS1_0179,OAS1_0179_MR1,vol_36e93b07e952,Demented,oasis1_comp_b6ec7af0781c,5,same_session+same_source_volume+same_subject
OAS1_0179,OAS1_0179_MR1,vol_36e93b07e952,Demented,oasis1_comp_b6ec7af0781c,5,same_session+same_source_volume+same_subject
OAS1_0140,OAS1_0140_MR1,vol_ce27fd706abd,label_missing,oasis1_comp_5a009139faf7,5,same_session+same_source_volume+same_subject
OAS1_0140,OAS1_0140_MR1,vol_ce27fd706abd,label_missing,oasis1_comp_5a009139faf7,5,same_session+same_source_volume+same_subject
OAS1_0140,OAS1_0140_MR1,vol_ce27fd706abd,label_missing,oasis1_comp_5a009139faf7,5,same_session+same_source_volume+same_subject
OAS1_0140,OAS1_0140_MR1,vol_ce27fd706abd,label_missing,oasis1_comp_5a009139faf7,5,same_session+same_source_volume+same_subject
OAS1_0140,OAS1_0140_MR1,vol_ce27fd706abd,label_missing,oasis1_comp_5a009139faf7,5,same_session+same_source_volume+same_subject
OAS1_0270,OAS1_0270_MR1,vol_5e9e2f4c4f35,NonDemented,oasis1_comp_58462d8dd024,5,same_session+same_source_volume+same_subject
OAS1_0270,OAS1_0270_MR1,vol_5e9e2f4c4f35,NonDemented,oasis1_comp_58462d8dd024,5,same_session+same_source_volume+same_subject
OAS1_0270,OAS1_0270_MR1,vol_5e9e2f4c4f35,NonDemented,oasis1_comp_58462d8dd024,5,same_session+same_source_volume+same_subject
OAS1_0270,OAS1_0270_MR1,vol_5e9e2f4c4f35,NonDemented,oasis1_comp_58462d8dd024,5,same_session+same_source_volume+same_subject
OAS1_0270,OAS1_0270_MR1,vol_5e9e2f4c4f35,NonDemented,oasis1_comp_58462d8dd024,5,same_session+same_source_volume+same_subject
OAS1_0336,OAS1_0336_MR1,vol_1f2072ac4399,label_missing,oasis1_comp_a3e6eac868be,5,same_session+same_source_volume+same_subject
OAS1_0336,OAS1_0336_MR1,vol_1f2072ac4399,label_missing,oasis1_comp_a3e6eac868be,5,same_session+same_source_volume+same_subject
OAS1_0336,OAS1_0336_MR1,vol_1f2072ac4399,label_missing,oasis1_comp_a3e6eac868be,5,same_session+same_source_volume+same_subject
OAS1_0336,OAS1_0336_MR1,vol_1f2072ac4399,label_missing,oasis1_comp_a3e6eac868be,5,same_session+same_source_volume+same_subject
OAS1_0336,OAS1_0336_MR1,vol_1f2072ac4399,label_missing,oasis1_comp_a3e6eac868be,5,same_session+same_source_volume+same_subject
OAS1_0406,OAS1_0406_MR1,vol_23ddf4c2c1e2,label_missing,oasis1_comp_d09b7eefb6dd,5,same_session+same_source_volume+same_subject
OAS1_0406,OAS1_0406_MR1,vol_23ddf4c2c1e2,label_missing,oasis1_comp_d09b7eefb6dd,5,same_session+same_source_volume+same_subject
OAS1_0406,OAS1_0406_MR1,vol_23ddf4c2c1e2,label_missing,oasis1_comp_d09b7eefb6dd,5,same_session+same_source_volume+same_subject
OAS1_0406,OAS1_0406_MR1,vol_23ddf4c2c1e2,label_missing,oasis1_comp_d09b7eefb6dd,5,same_session+same_source_volume+same_subject
OAS1_0406,OAS1_0406_MR1,vol_23ddf4c2c1e2,label_missing,oasis1_comp_d09b7eefb6dd,5,same_session+same_source_volume+same_subject
OAS1_0428,OAS1_0428_MR1,vol_a366caa37dd2,NonDemented,oasis1_comp_f4ee00bc5190,5,same_session+same_source_volume+same_subject
OAS1_0428,OAS1_0428_MR1,vol_a366caa37dd2,NonDemented,oasis1_comp_f4ee00bc5190,5,same_session+same_source_volume+same_subject
OAS1_0428,OAS1_0428_MR1,vol_a366caa37dd2,NonDemented,oasis1_comp_f4ee00bc5190,5,same_session+same_source_volume+same_subject
OAS1_0428,OAS1_0428_MR1,vol_a366caa37dd2,NonDemented,oasis1_comp_f4ee00bc5190,5,same_session+same_source_volume+same_subject
OAS1_0428,OAS1_0428_MR1,vol_a366caa37dd2,NonDemented,oasis1_comp_f4ee00bc5190,5,same_session+same_source_volume+same_subject
OAS1_0158,OAS1_0158_MR1,vol_dc0e87cf5404,Demented,oasis1_comp_88ce49dfc4e7,5,same_session+same_source_volume+same_subject
OAS1_0158,OAS1_0158_MR1,vol_dc0e87cf5404,Demented,oasis1_comp_88ce49dfc4e7,5,same_session+same_source_volume+same_subject
OAS1_0158,OAS1_0158_MR1,vol_dc0e87cf5404,Demented,oasis1_comp_88ce49dfc4e7,5,same_session+same_source_volume+same_subject
OAS1_0158,OAS1_0158_MR1,vol_dc0e87cf5404,Demented,oasis1_comp_88ce49dfc4e7,5,same_session+same_source_volume+same_subject
OAS1_0158,OAS1_0158_MR1,vol_dc0e87cf5404,Demented,oasis1_comp_88ce49dfc4e7,5,same_session+same_source_volume+same_subject
OAS1_0208,OAS1_0208_MR1,vol_611068298673,NonDemented,oasis1_comp_1104339df722,5,same_session+same_source_volume+same_subject
OAS1_0208,OAS1_0208_MR1,vol_611068298673,NonDemented,oasis1_comp_1104339df722,5,same_session+same_source_volume+same_subject
OAS1_0208,OAS1_0208_MR1,vol_611068298673,NonDemented,oasis1_comp_1104339df722,5,same_session+same_source_volume+same_subject
OAS1_0208,OAS1_0208_MR1,vol_611068298673,NonDemented,oasis1_comp_1104339df722,5,same_session+same_source_volume+same_subject
OAS1_0208,OAS1_0208_MR1,vol_611068298673,NonDemented,oasis1_comp_1104339df722,5,same_session+same_source_volume+same_subject
OAS1_0072,OAS1_0072_MR1,vol_e8550816acbe,NonDemented,oasis1_comp_0fb39fa3c48d,5,same_session+same_source_volume+same_subject
OAS1_0072,OAS1_0072_MR1,vol_e8550816acbe,NonDemented,oasis1_comp_0fb39fa3c48d,5,same_session+same_source_volume+same_subject
OAS1_0072,OAS1_0072_MR1,vol_e8550816acbe,NonDemented,oasis1_comp_0fb39fa3c48d,5,same_session+same_source_volume+same_subject
OAS1_0072,OAS1_0072_MR1,vol_e8550816acbe,NonDemented,oasis1_comp_0fb39fa3c48d,5,same_session+same_source_volume+same_subject
OAS1_0072,OAS1_0072_MR1,vol_e8550816acbe,NonDemented,oasis1_comp_0fb39fa3c48d,5,same_session+same_source_volume+same_subject
OAS1_0129,OAS1_0129_MR1,vol_94ba82a1a730,label_missing,oasis1_comp_11cafdf11d47,5,same_session+same_source_volume+same_subject
OAS1_0129,OAS1_0129_MR1,vol_94ba82a1a730,label_missing,oasis1_comp_11cafdf11d47,5,same_session+same_source_volume+same_subject
OAS1_0129,OAS1_0129_MR1,vol_94ba82a1a730,label_missing,oasis1_comp_11cafdf11d47,5,same_session+same_source_volume+same_subject
OAS1_0129,OAS1_0129_MR1,vol_94ba82a1a730,label_missing,oasis1_comp_11cafdf11d47,5,same_session+same_source_volume+same_subject
OAS1_0129,OAS1_0129_MR1,vol_94ba82a1a730,label_missing,oasis1_comp_11cafdf11d47,5,same_session+same_source_volume+same_subject
OAS1_0069,OAS1_0069_MR1,vol_84aeb6ae93e7,NonDemented,oasis1_comp_e4aa4b9cdb69,5,same_session+same_source_volume+same_subject
OAS1_0069,OAS1_0069_MR1,vol_84aeb6ae93e7,NonDemented,oasis1_comp_e4aa4b9cdb69,5,same_session+same_source_volume+same_subject
OAS1_0069,OAS1_0069_MR1,vol_84aeb6ae93e7,NonDemented,oasis1_comp_e4aa4b9cdb69,5,same_session+same_source_volume+same_subject
OAS1_0069,OAS1_0069_MR1,vol_84aeb6ae93e7,NonDemented,oasis1_comp_e4aa4b9cdb69,5,same_session+same_source_volume+same_subject
OAS1_0069,OAS1_0069_MR1,vol_84aeb6ae93e7,NonDemented,oasis1_comp_e4aa4b9cdb69,5,same_session+same_source_volume+same_subject
OAS1_0450,OAS1_0450_MR1,vol_3dd62d48a74f,label_missing,oasis1_comp_3173efe9973c,5,same_session+same_source_volume+same_subject
OAS1_0450,OAS1_0450_MR1,vol_3dd62d48a74f,label_missing,oasis1_comp_3173efe9973c,5,same_session+same_source_volume+same_subject
OAS1_0450,OAS1_0450_MR1,vol_3dd62d48a74f,label_missing,oasis1_comp_3173efe9973c,5,same_session+same_source_volume+same_subject
OAS1_0450,OAS1_0450_MR1,vol_3dd62d48a74f,label_missing,oasis1_comp_3173efe9973c,5,same_session+same_source_volume+same_subject
OAS1_0450,OAS1_0450_MR1,vol_3dd62d48a74f,label_missing,oasis1_comp_3173efe9973c,5,same_session+same_source_volume+same_subject
OAS1_0359,OAS1_0359_MR1,vol_76ce1e7b125d,label_missing,oasis1_comp_3731c77cbda2,5,same_session+same_source_volume+same_subject
OAS1_0359,OAS1_0359_MR1,vol_76ce1e7b125d,label_missing,oasis1_comp_3731c77cbda2,5,same_session+same_source_volume+same_subject
OAS1_0359,OAS1_0359_MR1,vol_76ce1e7b125d,label_missing,oasis1_comp_3731c77cbda2,5,same_session+same_source_volume+same_subject
OAS1_0359,OAS1_0359_MR1,vol_76ce1e7b125d,label_missing,oasis1_comp_3731c77cbda2,5,same_session+same_source_volume+same_subject
OAS1_0359,OAS1_0359_MR1,vol_76ce1e7b125d,label_missing,oasis1_comp_3731c77cbda2,5,same_session+same_source_volume+same_subject
OAS1_0028,OAS1_0028_MR1,vol_d532a6b5aab3,Demented,oasis1_comp_0aebc8f1b222,5,same_session+same_source_volume+same_subject
OAS1_0028,OAS1_0028_MR1,vol_d532a6b5aab3,Demented,oasis1_comp_0aebc8f1b222,5,same_session+same_source_volume+same_subject
OAS1_0028,OAS1_0028_MR1,vol_d532a6b5aab3,Demented,oasis1_comp_0aebc8f1b222,5,same_session+same_source_volume+same_subject
OAS1_0028,OAS1_0028_MR1,vol_d532a6b5aab3,Demented,oasis1_comp_0aebc8f1b222,5,same_session+same_source_volume+same_subject
OAS1_0028,OAS1_0028_MR1,vol_d532a6b5aab3,Demented,oasis1_comp_0aebc8f1b222,5,same_session+same_source_volume+same_subject
OAS1_0025,OAS1_0025_MR1,vol_34fd121525b8,label_missing,oasis1_comp_2e6355f4cfd4,5,same_session+same_source_volume+same_subject
OAS1_0025,OAS1_0025_MR1,vol_34fd121525b8,label_missing,oasis1_comp_2e6355f4cfd4,5,same_session+same_source_volume+same_subject
OAS1_0025,OAS1_0025_MR1,vol_34fd121525b8,label_missing,oasis1_comp_2e6355f4cfd4,5,same_session+same_source_volume+same_subject
OAS1_0025,OAS1_0025_MR1,vol_34fd121525b8,label_missing,oasis1_comp_2e6355f4cfd4,5,same_session+same_source_volume+same_subject
OAS1_0025,OAS1_0025_MR1,vol_34fd121525b8,label_missing,oasis1_comp_2e6355f4cfd4,5,same_session+same_source_volume+same_subject
OAS1_0444,OAS1_0444_MR1,vol_e06b0529a246,label_missing,oasis1_comp_76a78bb3d9c7,5,same_session+same_source_volume+same_subject
OAS1_0444,OAS1_0444_MR1,vol_e06b0529a246,label_missing,oasis1_comp_76a78bb3d9c7,5,same_session+same_source_volume+same_subject
OAS1_0444,OAS1_0444_MR1,vol_e06b0529a246,label_missing,oasis1_comp_76a78bb3d9c7,5,same_session+same_source_volume+same_subject
OAS1_0444,OAS1_0444_MR1,vol_e06b0529a246,label_missing,oasis1_comp_76a78bb3d9c7,5,same_session+same_source_volume+same_subject
OAS1_0444,OAS1_0444_MR1,vol_e06b0529a246,label_missing,oasis1_comp_76a78bb3d9c7,5,same_session+same_source_volume+same_subject
OAS1_0294,OAS1_0294_MR1,vol_ef6b64253c4b,label_missing,oasis1_comp_d50d89223593,5,same_session+same_source_volume+same_subject
OAS1_0294,OAS1_0294_MR1,vol_ef6b64253c4b,label_missing,oasis1_comp_d50d89223593,5,same_session+same_source_volume+same_subject
OAS1_0294,OAS1_0294_MR1,vol_ef6b64253c4b,label_missing,oasis1_comp_d50d89223593,5,same_session+same_source_volume+same_subject
OAS1_0294,OAS1_0294_MR1,vol_ef6b64253c4b,label_missing,oasis1_comp_d50d89223593,5,same_session+same_source_volume+same_subject
OAS1_0294,OAS1_0294_MR1,vol_ef6b64253c4b,label_missing,oasis1_comp_d50d89223593,5,same_session+same_source_volume+same_subject
OAS1_0303,OAS1_0303_MR1,vol_1cec1003c131,NonDemented,oasis1_comp_63f830180b9e,5,same_session+same_source_volume+same_subject
OAS1_0303,OAS1_0303_MR1,vol_1cec1003c131,NonDemented,oasis1_comp_63f830180b9e,5,same_session+same_source_volume+same_subject
OAS1_0303,OAS1_0303_MR1,vol_1cec1003c131,NonDemented,oasis1_comp_63f830180b9e,5,same_session+same_source_volume+same_subject
OAS1_0303,OAS1_0303_MR1,vol_1cec1003c131,NonDemented,oasis1_comp_63f830180b9e,5,same_session+same_source_volume+same_subject
OAS1_0303,OAS1_0303_MR1,vol_1cec1003c131,NonDemented,oasis1_comp_63f830180b9e,5,same_session+same_source_volume+same_subject
OAS1_0371,OAS1_0371_MR1,vol_949a8d438319,NonDemented,oasis1_comp_5603ab77c565,5,same_session+same_source_volume+same_subject
OAS1_0371,OAS1_0371_MR1,vol_949a8d438319,NonDemented,oasis1_comp_5603ab77c565,5,same_session+same_source_volume+same_subject
OAS1_0371,OAS1_0371_MR1,vol_949a8d438319,NonDemented,oasis1_comp_5603ab77c565,5,same_session+same_source_volume+same_subject
OAS1_0371,OAS1_0371_MR1,vol_949a8d438319,NonDemented,oasis1_comp_5603ab77c565,5,same_session+same_source_volume+same_subject
OAS1_0371,OAS1_0371_MR1,vol_949a8d438319,NonDemented,oasis1_comp_5603ab77c565,5,same_session+same_source_volume+same_subject
OAS1_0063,OAS1_0063_MR1,vol_01febcbf4efd,label_missing,oasis1_comp_5042e68782a5,5,same_session+same_source_volume+same_subject
OAS1_0063,OAS1_0063_MR1,vol_01febcbf4efd,label_missing,oasis1_comp_5042e68782a5,5,same_session+same_source_volume+same_subject
OAS1_0063,OAS1_0063_MR1,vol_01febcbf4efd,label_missing,oasis1_comp_5042e68782a5,5,same_session+same_source_volume+same_subject
OAS1_0063,OAS1_0063_MR1,vol_01febcbf4efd,label_missing,oasis1_comp_5042e68782a5,5,same_session+same_source_volume+same_subject
OAS1_0063,OAS1_0063_MR1,vol_01febcbf4efd,label_missing,oasis1_comp_5042e68782a5,5,same_session+same_source_volume+same_subject
OAS1_0342,OAS1_0342_MR1,vol_eb3c56b58605,NonDemented,oasis1_comp_9fde38da1bc7,5,same_session+same_source_volume+same_subject
OAS1_0342,OAS1_0342_MR1,vol_eb3c56b58605,NonDemented,oasis1_comp_9fde38da1bc7,5,same_session+same_source_volume+same_subject
OAS1_0342,OAS1_0342_MR1,vol_eb3c56b58605,NonDemented,oasis1_comp_9fde38da1bc7,5,same_session+same_source_volume+same_subject
OAS1_0342,OAS1_0342_MR1,vol_eb3c56b58605,NonDemented,oasis1_comp_9fde38da1bc7,5,same_session+same_source_volume+same_subject
OAS1_0342,OAS1_0342_MR1,vol_eb3c56b58605,NonDemented,oasis1_comp_9fde38da1bc7,5,same_session+same_source_volume+same_subject
OAS1_0249,OAS1_0249_MR1,vol_99f8f73a71d0,label_missing,oasis1_comp_112d7544e459,10,same_session+same_source_volume+same_subject
OAS1_0249,OAS1_0249_MR1,vol_99f8f73a71d0,label_missing,oasis1_comp_112d7544e459,10,same_session+same_source_volume+same_subject
OAS1_0249,OAS1_0249_MR1,vol_99f8f73a71d0,label_missing,oasis1_comp_112d7544e459,10,same_session+same_source_volume+same_subject
OAS1_0249,OAS1_0249_MR1,vol_99f8f73a71d0,label_missing,oasis1_comp_112d7544e459,10,same_session+same_source_volume+same_subject
OAS1_0249,OAS1_0249_MR1,vol_99f8f73a71d0,label_missing,oasis1_comp_112d7544e459,10,same_session+same_source_volume+same_subject
OAS1_0249,OAS1_0249_MR2,vol_7a810ae06c50,label_missing,oasis1_comp_112d7544e459,10,same_session+same_source_volume+same_subject
OAS1_0249,OAS1_0249_MR2,vol_7a810ae06c50,label_missing,oasis1_comp_112d7544e459,10,same_session+same_source_volume+same_subject
OAS1_0249,OAS1_0249_MR2,vol_7a810ae06c50,label_missing,oasis1_comp_112d7544e459,10,same_session+same_source_volume+same_subject
OAS1_0249,OAS1_0249_MR2,vol_7a810ae06c50,label_missing,oasis1_comp_112d7544e459,10,same_session+same_source_volume+same_subject
OAS1_0249,OAS1_0249_MR2,vol_7a810ae06c50,label_missing,oasis1_comp_112d7544e459,10,same_session+same_source_volume+same_subject
OAS1_0411,OAS1_0411_MR1,vol_0293948467b9,Demented,oasis1_comp_d82edac3a11a,5,same_session+same_source_volume+same_subject
OAS1_0411,OAS1_0411_MR1,vol_0293948467b9,Demented,oasis1_comp_d82edac3a11a,5,same_session+same_source_volume+same_subject
OAS1_0411,OAS1_0411_MR1,vol_0293948467b9,Demented,oasis1_comp_d82edac3a11a,5,same_session+same_source_volume+same_subject
OAS1_0411,OAS1_0411_MR1,vol_0293948467b9,Demented,oasis1_comp_d82edac3a11a,5,same_session+same_source_volume+same_subject
OAS1_0411,OAS1_0411_MR1,vol_0293948467b9,Demented,oasis1_comp_d82edac3a11a,5,same_session+same_source_volume+same_subject
OAS1_0007,OAS1_0007_MR1,vol_4d5a26b463c6,label_missing,oasis1_comp_d04296398a1b,5,same_session+same_source_volume+same_subject
OAS1_0007,OAS1_0007_MR1,vol_4d5a26b463c6,label_missing,oasis1_comp_d04296398a1b,5,same_session+same_source_volume+same_subject
OAS1_0007,OAS1_0007_MR1,vol_4d5a26b463c6,label_missing,oasis1_comp_d04296398a1b,5,same_session+same_source_volume+same_subject
OAS1_0007,OAS1_0007_MR1,vol_4d5a26b463c6,label_missing,oasis1_comp_d04296398a1b,5,same_session+same_source_volume+same_subject
OAS1_0007,OAS1_0007_MR1,vol_4d5a26b463c6,label_missing,oasis1_comp_d04296398a1b,5,same_session+same_source_volume+same_subject
OAS1_0031,OAS1_0031_MR1,vol_012ec7a79a74,Demented,oasis1_comp_dc2564aa46e4,5,same_session+same_source_volume+same_subject
OAS1_0031,OAS1_0031_MR1,vol_012ec7a79a74,Demented,oasis1_comp_dc2564aa46e4,5,same_session+same_source_volume+same_subject
OAS1_0031,OAS1_0031_MR1,vol_012ec7a79a74,Demented,oasis1_comp_dc2564aa46e4,5,same_session+same_source_volume+same_subject
OAS1_0031,OAS1_0031_MR1,vol_012ec7a79a74,Demented,oasis1_comp_dc2564aa46e4,5,same_session+same_source_volume+same_subject
OAS1_0031,OAS1_0031_MR1,vol_012ec7a79a74,Demented,oasis1_comp_dc2564aa46e4,5,same_session+same_source_volume+same_subject
OAS1_0091,OAS1_0091_MR1,vol_cdee8c11b327,label_missing,oasis1_comp_ba7dad1b78dd,5,same_session+same_source_volume+same_subject
OAS1_0091,OAS1_0091_MR1,vol_cdee8c11b327,label_missing,oasis1_comp_ba7dad1b78dd,5,same_session+same_source_volume+same_subject
OAS1_0091,OAS1_0091_MR1,vol_cdee8c11b327,label_missing,oasis1_comp_ba7dad1b78dd,5,same_session+same_source_volume+same_subject
OAS1_0091,OAS1_0091_MR1,vol_cdee8c11b327,label_missing,oasis1_comp_ba7dad1b78dd,5,same_session+same_source_volume+same_subject
OAS1_0091,OAS1_0091_MR1,vol_cdee8c11b327,label_missing,oasis1_comp_ba7dad1b78dd,5,same_session+same_source_volume+same_subject
OAS1_0327,OAS1_0327_MR1,vol_eb0d9416abce,label_missing,oasis1_comp_e4b670a8c508,5,same_session+same_source_volume+same_subject
OAS1_0327,OAS1_0327_MR1,vol_eb0d9416abce,label_missing,oasis1_comp_e4b670a8c508,5,same_session+same_source_volume+same_subject
OAS1_0327,OAS1_0327_MR1,vol_eb0d9416abce,label_missing,oasis1_comp_e4b670a8c508,5,same_session+same_source_volume+same_subject
OAS1_0327,OAS1_0327_MR1,vol_eb0d9416abce,label_missing,oasis1_comp_e4b670a8c508,5,same_session+same_source_volume+same_subject
OAS1_0327,OAS1_0327_MR1,vol_eb0d9416abce,label_missing,oasis1_comp_e4b670a8c508,5,same_session+same_source_volume+same_subject
OAS1_0332,OAS1_0332_MR1,vol_df34852ec856,NonDemented,oasis1_comp_47efe7ca8a5f,5,same_session+same_source_volume+same_subject
OAS1_0332,OAS1_0332_MR1,vol_df34852ec856,NonDemented,oasis1_comp_47efe7ca8a5f,5,same_session+same_source_volume+same_subject
OAS1_0332,OAS1_0332_MR1,vol_df34852ec856,NonDemented,oasis1_comp_47efe7ca8a5f,5,same_session+same_source_volume+same_subject
OAS1_0332,OAS1_0332_MR1,vol_df34852ec856,NonDemented,oasis1_comp_47efe7ca8a5f,5,same_session+same_source_volume+same_subject
OAS1_0332,OAS1_0332_MR1,vol_df34852ec856,NonDemented,oasis1_comp_47efe7ca8a5f,5,same_session+same_source_volume+same_subject
OAS1_0047,OAS1_0047_MR1,vol_cc7f9d2d6c09,label_missing,oasis1_comp_ff1afe67cb8d,5,same_session+same_source_volume+same_subject
OAS1_0047,OAS1_0047_MR1,vol_cc7f9d2d6c09,label_missing,oasis1_comp_ff1afe67cb8d,5,same_session+same_source_volume+same_subject
OAS1_0047,OAS1_0047_MR1,vol_cc7f9d2d6c09,label_missing,oasis1_comp_ff1afe67cb8d,5,same_session+same_source_volume+same_subject
OAS1_0047,OAS1_0047_MR1,vol_cc7f9d2d6c09,label_missing,oasis1_comp_ff1afe67cb8d,5,same_session+same_source_volume+same_subject
OAS1_0047,OAS1_0047_MR1,vol_cc7f9d2d6c09,label_missing,oasis1_comp_ff1afe67cb8d,5,same_session+same_source_volume+same_subject
OAS1_0022,OAS1_0022_MR1,vol_94f4cbb01988,Demented,oasis1_comp_e9b3535bce1c,5,same_session+same_source_volume+same_subject
OAS1_0022,OAS1_0022_MR1,vol_94f4cbb01988,Demented,oasis1_comp_e9b3535bce1c,5,same_session+same_source_volume+same_subject
OAS1_0022,OAS1_0022_MR1,vol_94f4cbb01988,Demented,oasis1_comp_e9b3535bce1c,5,same_session+same_source_volume+same_subject
OAS1_0022,OAS1_0022_MR1,vol_94f4cbb01988,Demented,oasis1_comp_e9b3535bce1c,5,same_session+same_source_volume+same_subject
OAS1_0022,OAS1_0022_MR1,vol_94f4cbb01988,Demented,oasis1_comp_e9b3535bce1c,5,same_session+same_source_volume+same_subject
OAS1_0021,OAS1_0021_MR1,vol_3762fd8a3783,Demented,oasis1_comp_1c92bbe81a18,5,same_session+same_source_volume+same_subject
OAS1_0021,OAS1_0021_MR1,vol_3762fd8a3783,Demented,oasis1_comp_1c92bbe81a18,5,same_session+same_source_volume+same_subject
OAS1_0021,OAS1_0021_MR1,vol_3762fd8a3783,Demented,oasis1_comp_1c92bbe81a18,5,same_session+same_source_volume+same_subject
OAS1_0021,OAS1_0021_MR1,vol_3762fd8a3783,Demented,oasis1_comp_1c92bbe81a18,5,same_session+same_source_volume+same_subject
OAS1_0021,OAS1_0021_MR1,vol_3762fd8a3783,Demented,oasis1_comp_1c92bbe81a18,5,same_session+same_source_volume+same_subject
OAS1_0110,OAS1_0110_MR1,vol_bbb0a594ab46,NonDemented,oasis1_comp_e00277a5b9ee,5,same_session+same_source_volume+same_subject
OAS1_0110,OAS1_0110_MR1,vol_bbb0a594ab46,NonDemented,oasis1_comp_e00277a5b9ee,5,same_session+same_source_volume+same_subject
OAS1_0110,OAS1_0110_MR1,vol_bbb0a594ab46,NonDemented,oasis1_comp_e00277a5b9ee,5,same_session+same_source_volume+same_subject
OAS1_0110,OAS1_0110_MR1,vol_bbb0a594ab46,NonDemented,oasis1_comp_e00277a5b9ee,5,same_session+same_source_volume+same_subject
OAS1_0110,OAS1_0110_MR1,vol_bbb0a594ab46,NonDemented,oasis1_comp_e00277a5b9ee,5,same_session+same_source_volume+same_subject
OAS1_0239,OAS1_0239_MR1,vol_50b383d65ec3,label_missing,oasis1_comp_7ffcc3a71906,10,same_session+same_source_volume+same_subject
OAS1_0239,OAS1_0239_MR1,vol_50b383d65ec3,label_missing,oasis1_comp_7ffcc3a71906,10,same_session+same_source_volume+same_subject
OAS1_0239,OAS1_0239_MR1,vol_50b383d65ec3,label_missing,oasis1_comp_7ffcc3a71906,10,same_session+same_source_volume+same_subject
OAS1_0239,OAS1_0239_MR1,vol_50b383d65ec3,label_missing,oasis1_comp_7ffcc3a71906,10,same_session+same_source_volume+same_subject
OAS1_0239,OAS1_0239_MR1,vol_50b383d65ec3,label_missing,oasis1_comp_7ffcc3a71906,10,same_session+same_source_volume+same_subject
OAS1_0239,OAS1_0239_MR2,vol_9ae93e7dd497,label_missing,oasis1_comp_7ffcc3a71906,10,same_session+same_source_volume+same_subject
OAS1_0239,OAS1_0239_MR2,vol_9ae93e7dd497,label_missing,oasis1_comp_7ffcc3a71906,10,same_session+same_source_volume+same_subject
OAS1_0239,OAS1_0239_MR2,vol_9ae93e7dd497,label_missing,oasis1_comp_7ffcc3a71906,10,same_session+same_source_volume+same_subject
OAS1_0239,OAS1_0239_MR2,vol_9ae93e7dd497,label_missing,oasis1_comp_7ffcc3a71906,10,same_session+same_source_volume+same_subject
OAS1_0239,OAS1_0239_MR2,vol_9ae93e7dd497,label_missing,oasis1_comp_7ffcc3a71906,10,same_session+same_source_volume+same_subject
OAS1_0209,OAS1_0209_MR1,vol_898888b4424f,label_missing,oasis1_comp_7f30455a1aa8,5,same_session+same_source_volume+same_subject
OAS1_0209,OAS1_0209_MR1,vol_898888b4424f,label_missing,oasis1_comp_7f30455a1aa8,5,same_session+same_source_volume+same_subject
OAS1_0209,OAS1_0209_MR1,vol_898888b4424f,label_missing,oasis1_comp_7f30455a1aa8,5,same_session+same_source_volume+same_subject
OAS1_0209,OAS1_0209_MR1,vol_898888b4424f,label_missing,oasis1_comp_7f30455a1aa8,5,same_session+same_source_volume+same_subject
OAS1_0209,OAS1_0209_MR1,vol_898888b4424f,label_missing,oasis1_comp_7f30455a1aa8,5,same_session+same_source_volume+same_subject
OAS1_0145,OAS1_0145_MR1,vol_cc15dbbbd1ce,label_missing,oasis1_comp_ca719dc85eaa,10,same_session+same_source_volume+same_subject
OAS1_0145,OAS1_0145_MR1,vol_cc15dbbbd1ce,label_missing,oasis1_comp_ca719dc85eaa,10,same_session+same_source_volume+same_subject
OAS1_0145,OAS1_0145_MR1,vol_cc15dbbbd1ce,label_missing,oasis1_comp_ca719dc85eaa,10,same_session+same_source_volume+same_subject
OAS1_0145,OAS1_0145_MR1,vol_cc15dbbbd1ce,label_missing,oasis1_comp_ca719dc85eaa,10,same_session+same_source_volume+same_subject
OAS1_0145,OAS1_0145_MR1,vol_cc15dbbbd1ce,label_missing,oasis1_comp_ca719dc85eaa,10,same_session+same_source_volume+same_subject
OAS1_0145,OAS1_0145_MR2,vol_c0d046222fd7,label_missing,oasis1_comp_ca719dc85eaa,10,same_session+same_source_volume+same_subject
OAS1_0145,OAS1_0145_MR2,vol_c0d046222fd7,label_missing,oasis1_comp_ca719dc85eaa,10,same_session+same_source_volume+same_subject
OAS1_0145,OAS1_0145_MR2,vol_c0d046222fd7,label_missing,oasis1_comp_ca719dc85eaa,10,same_session+same_source_volume+same_subject
OAS1_0145,OAS1_0145_MR2,vol_c0d046222fd7,label_missing,oasis1_comp_ca719dc85eaa,10,same_session+same_source_volume+same_subject
OAS1_0145,OAS1_0145_MR2,vol_c0d046222fd7,label_missing,oasis1_comp_ca719dc85eaa,10,same_session+same_source_volume+same_subject
OAS1_0127,OAS1_0127_MR1,vol_5330abe46627,label_missing,oasis1_comp_a9ca185ac0ee,5,same_session+same_source_volume+same_subject
OAS1_0127,OAS1_0127_MR1,vol_5330abe46627,label_missing,oasis1_comp_a9ca185ac0ee,5,same_session+same_source_volume+same_subject
OAS1_0127,OAS1_0127_MR1,vol_5330abe46627,label_missing,oasis1_comp_a9ca185ac0ee,5,same_session+same_source_volume+same_subject
OAS1_0127,OAS1_0127_MR1,vol_5330abe46627,label_missing,oasis1_comp_a9ca185ac0ee,5,same_session+same_source_volume+same_subject
OAS1_0127,OAS1_0127_MR1,vol_5330abe46627,label_missing,oasis1_comp_a9ca185ac0ee,5,same_session+same_source_volume+same_subject
OAS1_0392,OAS1_0392_MR1,vol_70f678a7c32c,label_missing,oasis1_comp_b66c8f0cddee,5,same_session+same_source_volume+same_subject
OAS1_0392,OAS1_0392_MR1,vol_70f678a7c32c,label_missing,oasis1_comp_b66c8f0cddee,5,same_session+same_source_volume+same_subject
OAS1_0392,OAS1_0392_MR1,vol_70f678a7c32c,label_missing,oasis1_comp_b66c8f0cddee,5,same_session+same_source_volume+same_subject
OAS1_0392,OAS1_0392_MR1,vol_70f678a7c32c,label_missing,oasis1_comp_b66c8f0cddee,5,same_session+same_source_volume+same_subject
OAS1_0392,OAS1_0392_MR1,vol_70f678a7c32c,label_missing,oasis1_comp_b66c8f0cddee,5,same_session+same_source_volume+same_subject
OAS1_0421,OAS1_0421_MR1,vol_61bca1e046c4,label_missing,oasis1_comp_ce4b268d3058,5,same_session+same_source_volume+same_subject
OAS1_0421,OAS1_0421_MR1,vol_61bca1e046c4,label_missing,oasis1_comp_ce4b268d3058,5,same_session+same_source_volume+same_subject
OAS1_0421,OAS1_0421_MR1,vol_61bca1e046c4,label_missing,oasis1_comp_ce4b268d3058,5,same_session+same_source_volume+same_subject
OAS1_0421,OAS1_0421_MR1,vol_61bca1e046c4,label_missing,oasis1_comp_ce4b268d3058,5,same_session+same_source_volume+same_subject
OAS1_0421,OAS1_0421_MR1,vol_61bca1e046c4,label_missing,oasis1_comp_ce4b268d3058,5,same_session+same_source_volume+same_subject
OAS1_0184,OAS1_0184_MR1,vol_d740173d925c,Demented,oasis1_comp_d6f988689fd8,5,same_session+same_source_volume+same_subject
OAS1_0184,OAS1_0184_MR1,vol_d740173d925c,Demented,oasis1_comp_d6f988689fd8,5,same_session+same_source_volume+same_subject
OAS1_0184,OAS1_0184_MR1,vol_d740173d925c,Demented,oasis1_comp_d6f988689fd8,5,same_session+same_source_volume+same_subject
OAS1_0184,OAS1_0184_MR1,vol_d740173d925c,Demented,oasis1_comp_d6f988689fd8,5,same_session+same_source_volume+same_subject
OAS1_0184,OAS1_0184_MR1,vol_d740173d925c,Demented,oasis1_comp_d6f988689fd8,5,same_session+same_source_volume+same_subject
OAS1_0014,OAS1_0014_MR1,vol_e481adeff1e1,label_missing,oasis1_comp_1f2d810f3559,5,same_session+same_source_volume+same_subject
OAS1_0014,OAS1_0014_MR1,vol_e481adeff1e1,label_missing,oasis1_comp_1f2d810f3559,5,same_session+same_source_volume+same_subject
OAS1_0014,OAS1_0014_MR1,vol_e481adeff1e1,label_missing,oasis1_comp_1f2d810f3559,5,same_session+same_source_volume+same_subject
OAS1_0014,OAS1_0014_MR1,vol_e481adeff1e1,label_missing,oasis1_comp_1f2d810f3559,5,same_session+same_source_volume+same_subject
OAS1_0014,OAS1_0014_MR1,vol_e481adeff1e1,label_missing,oasis1_comp_1f2d810f3559,5,same_session+same_source_volume+same_subject
OAS1_0374,OAS1_0374_MR1,vol_c3cb9ac07925,Demented,oasis1_comp_7d2253af9842,5,same_session+same_source_volume+same_subject
OAS1_0374,OAS1_0374_MR1,vol_c3cb9ac07925,Demented,oasis1_comp_7d2253af9842,5,same_session+same_source_volume+same_subject
OAS1_0374,OAS1_0374_MR1,vol_c3cb9ac07925,Demented,oasis1_comp_7d2253af9842,5,same_session+same_source_volume+same_subject
OAS1_0374,OAS1_0374_MR1,vol_c3cb9ac07925,Demented,oasis1_comp_7d2253af9842,5,same_session+same_source_volume+same_subject
OAS1_0374,OAS1_0374_MR1,vol_c3cb9ac07925,Demented,oasis1_comp_7d2253af9842,5,same_session+same_source_volume+same_subject
OAS1_0045,OAS1_0045_MR1,vol_e224356d560a,label_missing,oasis1_comp_7635e2305882,5,same_session+same_source_volume+same_subject
OAS1_0045,OAS1_0045_MR1,vol_e224356d560a,label_missing,oasis1_comp_7635e2305882,5,same_session+same_source_volume+same_subject
OAS1_0045,OAS1_0045_MR1,vol_e224356d560a,label_missing,oasis1_comp_7635e2305882,5,same_session+same_source_volume+same_subject
OAS1_0045,OAS1_0045_MR1,vol_e224356d560a,label_missing,oasis1_comp_7635e2305882,5,same_session+same_source_volume+same_subject
OAS1_0045,OAS1_0045_MR1,vol_e224356d560a,label_missing,oasis1_comp_7635e2305882,5,same_session+same_source_volume+same_subject
OAS1_0067,OAS1_0067_MR1,vol_5f62439ed999,Demented,oasis1_comp_b6db3d75dfde,5,same_session+same_source_volume+same_subject
OAS1_0067,OAS1_0067_MR1,vol_5f62439ed999,Demented,oasis1_comp_b6db3d75dfde,5,same_session+same_source_volume+same_subject
OAS1_0067,OAS1_0067_MR1,vol_5f62439ed999,Demented,oasis1_comp_b6db3d75dfde,5,same_session+same_source_volume+same_subject
OAS1_0067,OAS1_0067_MR1,vol_5f62439ed999,Demented,oasis1_comp_b6db3d75dfde,5,same_session+same_source_volume+same_subject
OAS1_0067,OAS1_0067_MR1,vol_5f62439ed999,Demented,oasis1_comp_b6db3d75dfde,5,same_session+same_source_volume+same_subject
OAS1_0103,OAS1_0103_MR1,vol_86c00a9670f1,label_missing,oasis1_comp_57f58ae0f5f2,5,same_session+same_source_volume+same_subject
OAS1_0103,OAS1_0103_MR1,vol_86c00a9670f1,label_missing,oasis1_comp_57f58ae0f5f2,5,same_session+same_source_volume+same_subject
OAS1_0103,OAS1_0103_MR1,vol_86c00a9670f1,label_missing,oasis1_comp_57f58ae0f5f2,5,same_session+same_source_volume+same_subject
OAS1_0103,OAS1_0103_MR1,vol_86c00a9670f1,label_missing,oasis1_comp_57f58ae0f5f2,5,same_session+same_source_volume+same_subject
OAS1_0103,OAS1_0103_MR1,vol_86c00a9670f1,label_missing,oasis1_comp_57f58ae0f5f2,5,same_session+same_source_volume+same_subject
OAS1_0005,OAS1_0005_MR1,vol_560d34f65b7e,label_missing,oasis1_comp_a04d69594141,5,same_session+same_source_volume+same_subject
OAS1_0005,OAS1_0005_MR1,vol_560d34f65b7e,label_missing,oasis1_comp_a04d69594141,5,same_session+same_source_volume+same_subject
OAS1_0005,OAS1_0005_MR1,vol_560d34f65b7e,label_missing,oasis1_comp_a04d69594141,5,same_session+same_source_volume+same_subject
OAS1_0005,OAS1_0005_MR1,vol_560d34f65b7e,label_missing,oasis1_comp_a04d69594141,5,same_session+same_source_volume+same_subject
OAS1_0005,OAS1_0005_MR1,vol_560d34f65b7e,label_missing,oasis1_comp_a04d69594141,5,same_session+same_source_volume+same_subject
OAS1_0329,OAS1_0329_MR1,vol_1cddd38f6467,Demented,oasis1_comp_df05133506a6,5,same_session+same_source_volume+same_subject
OAS1_0329,OAS1_0329_MR1,vol_1cddd38f6467,Demented,oasis1_comp_df05133506a6,5,same_session+same_source_volume+same_subject
OAS1_0329,OAS1_0329_MR1,vol_1cddd38f6467,Demented,oasis1_comp_df05133506a6,5,same_session+same_source_volume+same_subject
OAS1_0329,OAS1_0329_MR1,vol_1cddd38f6467,Demented,oasis1_comp_df05133506a6,5,same_session+same_source_volume+same_subject
OAS1_0329,OAS1_0329_MR1,vol_1cddd38f6467,Demented,oasis1_comp_df05133506a6,5,same_session+same_source_volume+same_subject
OAS1_0378,OAS1_0378_MR1,vol_cfe05b868638,NonDemented,oasis1_comp_2b15e8cf9981,5,same_session+same_source_volume+same_subject
OAS1_0378,OAS1_0378_MR1,vol_cfe05b868638,NonDemented,oasis1_comp_2b15e8cf9981,5,same_session+same_source_volume+same_subject
OAS1_0378,OAS1_0378_MR1,vol_cfe05b868638,NonDemented,oasis1_comp_2b15e8cf9981,5,same_session+same_source_volume+same_subject
OAS1_0378,OAS1_0378_MR1,vol_cfe05b868638,NonDemented,oasis1_comp_2b15e8cf9981,5,same_session+same_source_volume+same_subject
OAS1_0378,OAS1_0378_MR1,vol_cfe05b868638,NonDemented,oasis1_comp_2b15e8cf9981,5,same_session+same_source_volume+same_subject
OAS1_0141,OAS1_0141_MR1,vol_c9d2f3409408,label_missing,oasis1_comp_47e670b4853a,5,same_session+same_source_volume+same_subject
OAS1_0141,OAS1_0141_MR1,vol_c9d2f3409408,label_missing,oasis1_comp_47e670b4853a,5,same_session+same_source_volume+same_subject
OAS1_0141,OAS1_0141_MR1,vol_c9d2f3409408,label_missing,oasis1_comp_47e670b4853a,5,same_session+same_source_volume+same_subject
OAS1_0141,OAS1_0141_MR1,vol_c9d2f3409408,label_missing,oasis1_comp_47e670b4853a,5,same_session+same_source_volume+same_subject
OAS1_0141,OAS1_0141_MR1,vol_c9d2f3409408,label_missing,oasis1_comp_47e670b4853a,5,same_session+same_source_volume+same_subject
OAS1_0367,OAS1_0367_MR1,vol_52576114be04,NonDemented,oasis1_comp_da704b786c01,5,same_session+same_source_volume+same_subject
OAS1_0367,OAS1_0367_MR1,vol_52576114be04,NonDemented,oasis1_comp_da704b786c01,5,same_session+same_source_volume+same_subject
OAS1_0367,OAS1_0367_MR1,vol_52576114be04,NonDemented,oasis1_comp_da704b786c01,5,same_session+same_source_volume+same_subject
OAS1_0367,OAS1_0367_MR1,vol_52576114be04,NonDemented,oasis1_comp_da704b786c01,5,same_session+same_source_volume+same_subject
OAS1_0367,OAS1_0367_MR1,vol_52576114be04,NonDemented,oasis1_comp_da704b786c01,5,same_session+same_source_volume+same_subject
OAS1_0182,OAS1_0182_MR1,vol_5717fc914624,label_missing,oasis1_comp_a0a221245af3,5,same_session+same_source_volume+same_subject
OAS1_0182,OAS1_0182_MR1,vol_5717fc914624,label_missing,oasis1_comp_a0a221245af3,5,same_session+same_source_volume+same_subject
OAS1_0182,OAS1_0182_MR1,vol_5717fc914624,label_missing,oasis1_comp_a0a221245af3,5,same_session+same_source_volume+same_subject
OAS1_0182,OAS1_0182_MR1,vol_5717fc914624,label_missing,oasis1_comp_a0a221245af3,5,same_session+same_source_volume+same_subject
OAS1_0182,OAS1_0182_MR1,vol_5717fc914624,label_missing,oasis1_comp_a0a221245af3,5,same_session+same_source_volume+same_subject
OAS1_0348,OAS1_0348_MR1,vol_7b9e4ff84aff,label_missing,oasis1_comp_5107c39a1ca4,5,same_session+same_source_volume+same_subject
OAS1_0348,OAS1_0348_MR1,vol_7b9e4ff84aff,label_missing,oasis1_comp_5107c39a1ca4,5,same_session+same_source_volume+same_subject
OAS1_0348,OAS1_0348_MR1,vol_7b9e4ff84aff,label_missing,oasis1_comp_5107c39a1ca4,5,same_session+same_source_volume+same_subject
OAS1_0348,OAS1_0348_MR1,vol_7b9e4ff84aff,label_missing,oasis1_comp_5107c39a1ca4,5,same_session+same_source_volume+same_subject
OAS1_0348,OAS1_0348_MR1,vol_7b9e4ff84aff,label_missing,oasis1_comp_5107c39a1ca4,5,same_session+same_source_volume+same_subject
OAS1_0331,OAS1_0331_MR1,vol_20b4d8b47f0e,label_missing,oasis1_comp_8a674438df10,5,same_session+same_source_volume+same_subject
OAS1_0331,OAS1_0331_MR1,vol_20b4d8b47f0e,label_missing,oasis1_comp_8a674438df10,5,same_session+same_source_volume+same_subject
OAS1_0331,OAS1_0331_MR1,vol_20b4d8b47f0e,label_missing,oasis1_comp_8a674438df10,5,same_session+same_source_volume+same_subject
OAS1_0331,OAS1_0331_MR1,vol_20b4d8b47f0e,label_missing,oasis1_comp_8a674438df10,5,same_session+same_source_volume+same_subject
OAS1_0331,OAS1_0331_MR1,vol_20b4d8b47f0e,label_missing,oasis1_comp_8a674438df10,5,same_session+same_source_volume+same_subject
OAS1_0191,OAS1_0191_MR1,vol_68434876972a,label_missing,oasis1_comp_49a16c827a5a,10,same_session+same_source_volume+same_subject
OAS1_0191,OAS1_0191_MR1,vol_68434876972a,label_missing,oasis1_comp_49a16c827a5a,10,same_session+same_source_volume+same_subject
OAS1_0191,OAS1_0191_MR1,vol_68434876972a,label_missing,oasis1_comp_49a16c827a5a,10,same_session+same_source_volume+same_subject
OAS1_0191,OAS1_0191_MR1,vol_68434876972a,label_missing,oasis1_comp_49a16c827a5a,10,same_session+same_source_volume+same_subject
OAS1_0191,OAS1_0191_MR1,vol_68434876972a,label_missing,oasis1_comp_49a16c827a5a,10,same_session+same_source_volume+same_subject
OAS1_0191,OAS1_0191_MR2,vol_870a9bce6347,label_missing,oasis1_comp_49a16c827a5a,10,same_session+same_source_volume+same_subject
OAS1_0191,OAS1_0191_MR2,vol_870a9bce6347,label_missing,oasis1_comp_49a16c827a5a,10,same_session+same_source_volume+same_subject
OAS1_0191,OAS1_0191_MR2,vol_870a9bce6347,label_missing,oasis1_comp_49a16c827a5a,10,same_session+same_source_volume+same_subject
OAS1_0191,OAS1_0191_MR2,vol_870a9bce6347,label_missing,oasis1_comp_49a16c827a5a,10,same_session+same_source_volume+same_subject
OAS1_0191,OAS1_0191_MR2,vol_870a9bce6347,label_missing,oasis1_comp_49a16c827a5a,10,same_session+same_source_volume+same_subject
OAS1_0157,OAS1_0157_MR1,vol_c3b310f94b28,NonDemented,oasis1_comp_de5804a405bc,5,same_session+same_source_volume+same_subject
OAS1_0157,OAS1_0157_MR1,vol_c3b310f94b28,NonDemented,oasis1_comp_de5804a405bc,5,same_session+same_source_volume+same_subject
OAS1_0157,OAS1_0157_MR1,vol_c3b310f94b28,NonDemented,oasis1_comp_de5804a405bc,5,same_session+same_source_volume+same_subject
OAS1_0157,OAS1_0157_MR1,vol_c3b310f94b28,NonDemented,oasis1_comp_de5804a405bc,5,same_session+same_source_volume+same_subject
OAS1_0157,OAS1_0157_MR1,vol_c3b310f94b28,NonDemented,oasis1_comp_de5804a405bc,5,same_session+same_source_volume+same_subject
OAS1_0178,OAS1_0178_MR1,vol_e4b7db1162d9,label_missing,oasis1_comp_f8d7eb2b8e15,5,same_session+same_source_volume+same_subject
OAS1_0178,OAS1_0178_MR1,vol_e4b7db1162d9,label_missing,oasis1_comp_f8d7eb2b8e15,5,same_session+same_source_volume+same_subject
OAS1_0178,OAS1_0178_MR1,vol_e4b7db1162d9,label_missing,oasis1_comp_f8d7eb2b8e15,5,same_session+same_source_volume+same_subject
OAS1_0178,OAS1_0178_MR1,vol_e4b7db1162d9,label_missing,oasis1_comp_f8d7eb2b8e15,5,same_session+same_source_volume+same_subject
OAS1_0178,OAS1_0178_MR1,vol_e4b7db1162d9,label_missing,oasis1_comp_f8d7eb2b8e15,5,same_session+same_source_volume+same_subject
OAS1_0377,OAS1_0377_MR1,vol_a8344c3a657e,label_missing,oasis1_comp_727f78b37f6d,5,same_session+same_source_volume+same_subject
OAS1_0377,OAS1_0377_MR1,vol_a8344c3a657e,label_missing,oasis1_comp_727f78b37f6d,5,same_session+same_source_volume+same_subject
OAS1_0377,OAS1_0377_MR1,vol_a8344c3a657e,label_missing,oasis1_comp_727f78b37f6d,5,same_session+same_source_volume+same_subject
OAS1_0377,OAS1_0377_MR1,vol_a8344c3a657e,label_missing,oasis1_comp_727f78b37f6d,5,same_session+same_source_volume+same_subject
OAS1_0377,OAS1_0377_MR1,vol_a8344c3a657e,label_missing,oasis1_comp_727f78b37f6d,5,same_session+same_source_volume+same_subject
OAS1_0123,OAS1_0123_MR1,vol_7e0595ec2254,Demented,oasis1_comp_6ccac09fa939,5,same_session+same_source_volume+same_subject
OAS1_0123,OAS1_0123_MR1,vol_7e0595ec2254,Demented,oasis1_comp_6ccac09fa939,5,same_session+same_source_volume+same_subject
OAS1_0123,OAS1_0123_MR1,vol_7e0595ec2254,Demented,oasis1_comp_6ccac09fa939,5,same_session+same_source_volume+same_subject
OAS1_0123,OAS1_0123_MR1,vol_7e0595ec2254,Demented,oasis1_comp_6ccac09fa939,5,same_session+same_source_volume+same_subject
OAS1_0123,OAS1_0123_MR1,vol_7e0595ec2254,Demented,oasis1_comp_6ccac09fa939,5,same_session+same_source_volume+same_subject
OAS1_0052,OAS1_0052_MR1,vol_24c6280f9f8e,Demented,oasis1_comp_1278966516e5,5,same_session+same_source_volume+same_subject
OAS1_0052,OAS1_0052_MR1,vol_24c6280f9f8e,Demented,oasis1_comp_1278966516e5,5,same_session+same_source_volume+same_subject
OAS1_0052,OAS1_0052_MR1,vol_24c6280f9f8e,Demented,oasis1_comp_1278966516e5,5,same_session+same_source_volume+same_subject
OAS1_0052,OAS1_0052_MR1,vol_24c6280f9f8e,Demented,oasis1_comp_1278966516e5,5,same_session+same_source_volume+same_subject
OAS1_0052,OAS1_0052_MR1,vol_24c6280f9f8e,Demented,oasis1_comp_1278966516e5,5,same_session+same_source_volume+same_subject
OAS1_0387,OAS1_0387_MR1,vol_060d12dc8c65,label_missing,oasis1_comp_8b1a8966b002,5,same_session+same_source_volume+same_subject
OAS1_0387,OAS1_0387_MR1,vol_060d12dc8c65,label_missing,oasis1_comp_8b1a8966b002,5,same_session+same_source_volume+same_subject
OAS1_0387,OAS1_0387_MR1,vol_060d12dc8c65,label_missing,oasis1_comp_8b1a8966b002,5,same_session+same_source_volume+same_subject
OAS1_0387,OAS1_0387_MR1,vol_060d12dc8c65,label_missing,oasis1_comp_8b1a8966b002,5,same_session+same_source_volume+same_subject
OAS1_0387,OAS1_0387_MR1,vol_060d12dc8c65,label_missing,oasis1_comp_8b1a8966b002,5,same_session+same_source_volume+same_subject
OAS1_0148,OAS1_0148_MR1,vol_99f7b56732ea,label_missing,oasis1_comp_c23e9e460c74,5,same_session+same_source_volume+same_subject
OAS1_0148,OAS1_0148_MR1,vol_99f7b56732ea,label_missing,oasis1_comp_c23e9e460c74,5,same_session+same_source_volume+same_subject
OAS1_0148,OAS1_0148_MR1,vol_99f7b56732ea,label_missing,oasis1_comp_c23e9e460c74,5,same_session+same_source_volume+same_subject
OAS1_0148,OAS1_0148_MR1,vol_99f7b56732ea,label_missing,oasis1_comp_c23e9e460c74,5,same_session+same_source_volume+same_subject
OAS1_0148,OAS1_0148_MR1,vol_99f7b56732ea,label_missing,oasis1_comp_c23e9e460c74,5,same_session+same_source_volume+same_subject
OAS1_0151,OAS1_0151_MR1,vol_d1a1e9ceb841,label_missing,oasis1_comp_5cf18ffe8e3a,5,same_session+same_source_volume+same_subject
OAS1_0151,OAS1_0151_MR1,vol_d1a1e9ceb841,label_missing,oasis1_comp_5cf18ffe8e3a,5,same_session+same_source_volume+same_subject
OAS1_0151,OAS1_0151_MR1,vol_d1a1e9ceb841,label_missing,oasis1_comp_5cf18ffe8e3a,5,same_session+same_source_volume+same_subject
OAS1_0151,OAS1_0151_MR1,vol_d1a1e9ceb841,label_missing,oasis1_comp_5cf18ffe8e3a,5,same_session+same_source_volume+same_subject
OAS1_0151,OAS1_0151_MR1,vol_d1a1e9ceb841,label_missing,oasis1_comp_5cf18ffe8e3a,5,same_session+same_source_volume+same_subject
OAS1_0057,OAS1_0057_MR1,vol_db81c6dc49a6,label_missing,oasis1_comp_6d4fdf5b1d82,5,same_session+same_source_volume+same_subject
OAS1_0057,OAS1_0057_MR1,vol_db81c6dc49a6,label_missing,oasis1_comp_6d4fdf5b1d82,5,same_session+same_source_volume+same_subject
OAS1_0057,OAS1_0057_MR1,vol_db81c6dc49a6,label_missing,oasis1_comp_6d4fdf5b1d82,5,same_session+same_source_volume+same_subject
OAS1_0057,OAS1_0057_MR1,vol_db81c6dc49a6,label_missing,oasis1_comp_6d4fdf5b1d82,5,same_session+same_source_volume+same_subject
OAS1_0057,OAS1_0057_MR1,vol_db81c6dc49a6,label_missing,oasis1_comp_6d4fdf5b1d82,5,same_session+same_source_volume+same_subject
OAS1_0034,OAS1_0034_MR1,vol_578439128c47,NonDemented,oasis1_comp_40a9db446c02,5,same_session+same_source_volume+same_subject
OAS1_0034,OAS1_0034_MR1,vol_578439128c47,NonDemented,oasis1_comp_40a9db446c02,5,same_session+same_source_volume+same_subject
OAS1_0034,OAS1_0034_MR1,vol_578439128c47,NonDemented,oasis1_comp_40a9db446c02,5,same_session+same_source_volume+same_subject
OAS1_0034,OAS1_0034_MR1,vol_578439128c47,NonDemented,oasis1_comp_40a9db446c02,5,same_session+same_source_volume+same_subject
OAS1_0034,OAS1_0034_MR1,vol_578439128c47,NonDemented,oasis1_comp_40a9db446c02,5,same_session+same_source_volume+same_subject
OAS1_0026,OAS1_0026_MR1,vol_8dcf9de40984,NonDemented,oasis1_comp_4cb374001f9d,5,same_session+same_source_volume+same_subject
OAS1_0026,OAS1_0026_MR1,vol_8dcf9de40984,NonDemented,oasis1_comp_4cb374001f9d,5,same_session+same_source_volume+same_subject
OAS1_0026,OAS1_0026_MR1,vol_8dcf9de40984,NonDemented,oasis1_comp_4cb374001f9d,5,same_session+same_source_volume+same_subject
OAS1_0026,OAS1_0026_MR1,vol_8dcf9de40984,NonDemented,oasis1_comp_4cb374001f9d,5,same_session+same_source_volume+same_subject
OAS1_0026,OAS1_0026_MR1,vol_8dcf9de40984,NonDemented,oasis1_comp_4cb374001f9d,5,same_session+same_source_volume+same_subject
OAS1_0253,OAS1_0253_MR1,vol_78dab53481c9,label_missing,oasis1_comp_c1ff811c0147,5,same_session+same_source_volume+same_subject
OAS1_0253,OAS1_0253_MR1,vol_78dab53481c9,label_missing,oasis1_comp_c1ff811c0147,5,same_session+same_source_volume+same_subject
OAS1_0253,OAS1_0253_MR1,vol_78dab53481c9,label_missing,oasis1_comp_c1ff811c0147,5,same_session+same_source_volume+same_subject
OAS1_0253,OAS1_0253_MR1,vol_78dab53481c9,label_missing,oasis1_comp_c1ff811c0147,5,same_session+same_source_volume+same_subject
OAS1_0253,OAS1_0253_MR1,vol_78dab53481c9,label_missing,oasis1_comp_c1ff811c0147,5,same_session+same_source_volume+same_subject
OAS1_0395,OAS1_0395_MR1,vol_731dd9c089fb,label_missing,oasis1_comp_c31371ecfedb,10,same_session+same_source_volume+same_subject
OAS1_0395,OAS1_0395_MR1,vol_731dd9c089fb,label_missing,oasis1_comp_c31371ecfedb,10,same_session+same_source_volume+same_subject
OAS1_0395,OAS1_0395_MR1,vol_731dd9c089fb,label_missing,oasis1_comp_c31371ecfedb,10,same_session+same_source_volume+same_subject
OAS1_0395,OAS1_0395_MR1,vol_731dd9c089fb,label_missing,oasis1_comp_c31371ecfedb,10,same_session+same_source_volume+same_subject
OAS1_0395,OAS1_0395_MR1,vol_731dd9c089fb,label_missing,oasis1_comp_c31371ecfedb,10,same_session+same_source_volume+same_subject
OAS1_0395,OAS1_0395_MR2,vol_5f41a2b26a0e,label_missing,oasis1_comp_c31371ecfedb,10,same_session+same_source_volume+same_subject
OAS1_0395,OAS1_0395_MR2,vol_5f41a2b26a0e,label_missing,oasis1_comp_c31371ecfedb,10,same_session+same_source_volume+same_subject
OAS1_0395,OAS1_0395_MR2,vol_5f41a2b26a0e,label_missing,oasis1_comp_c31371ecfedb,10,same_session+same_source_volume+same_subject
OAS1_0395,OAS1_0395_MR2,vol_5f41a2b26a0e,label_missing,oasis1_comp_c31371ecfedb,10,same_session+same_source_volume+same_subject
OAS1_0395,OAS1_0395_MR2,vol_5f41a2b26a0e,label_missing,oasis1_comp_c31371ecfedb,10,same_session+same_source_volume+same_subject
OAS1_0246,OAS1_0246_MR1,vol_ef72566203a7,label_missing,oasis1_comp_9b7e2a7700bd,5,same_session+same_source_volume+same_subject
OAS1_0246,OAS1_0246_MR1,vol_ef72566203a7,label_missing,oasis1_comp_9b7e2a7700bd,5,same_session+same_source_volume+same_subject
OAS1_0246,OAS1_0246_MR1,vol_ef72566203a7,label_missing,oasis1_comp_9b7e2a7700bd,5,same_session+same_source_volume+same_subject
OAS1_0246,OAS1_0246_MR1,vol_ef72566203a7,label_missing,oasis1_comp_9b7e2a7700bd,5,same_session+same_source_volume+same_subject
OAS1_0246,OAS1_0246_MR1,vol_ef72566203a7,label_missing,oasis1_comp_9b7e2a7700bd,5,same_session+same_source_volume+same_subject
OAS1_0102,OAS1_0102_MR1,vol_34ff6de83e1f,label_missing,oasis1_comp_f92a2dc4e895,5,same_session+same_source_volume+same_subject
OAS1_0102,OAS1_0102_MR1,vol_34ff6de83e1f,label_missing,oasis1_comp_f92a2dc4e895,5,same_session+same_source_volume+same_subject
OAS1_0102,OAS1_0102_MR1,vol_34ff6de83e1f,label_missing,oasis1_comp_f92a2dc4e895,5,same_session+same_source_volume+same_subject
OAS1_0102,OAS1_0102_MR1,vol_34ff6de83e1f,label_missing,oasis1_comp_f92a2dc4e895,5,same_session+same_source_volume+same_subject
OAS1_0102,OAS1_0102_MR1,vol_34ff6de83e1f,label_missing,oasis1_comp_f92a2dc4e895,5,same_session+same_source_volume+same_subject
OAS1_0308,OAS1_0308_MR1,vol_44ba06d68bfb,Demented,oasis1_comp_f968f8dc9f8b,5,same_session+same_source_volume+same_subject
OAS1_0308,OAS1_0308_MR1,vol_44ba06d68bfb,Demented,oasis1_comp_f968f8dc9f8b,5,same_session+same_source_volume+same_subject
OAS1_0308,OAS1_0308_MR1,vol_44ba06d68bfb,Demented,oasis1_comp_f968f8dc9f8b,5,same_session+same_source_volume+same_subject
OAS1_0308,OAS1_0308_MR1,vol_44ba06d68bfb,Demented,oasis1_comp_f968f8dc9f8b,5,same_session+same_source_volume+same_subject
OAS1_0308,OAS1_0308_MR1,vol_44ba06d68bfb,Demented,oasis1_comp_f968f8dc9f8b,5,same_session+same_source_volume+same_subject
OAS1_0240,OAS1_0240_MR1,vol_b8f63ee2b114,Demented,oasis1_comp_1382a410181d,5,same_session+same_source_volume+same_subject
OAS1_0240,OAS1_0240_MR1,vol_b8f63ee2b114,Demented,oasis1_comp_1382a410181d,5,same_session+same_source_volume+same_subject
OAS1_0240,OAS1_0240_MR1,vol_b8f63ee2b114,Demented,oasis1_comp_1382a410181d,5,same_session+same_source_volume+same_subject
OAS1_0240,OAS1_0240_MR1,vol_b8f63ee2b114,Demented,oasis1_comp_1382a410181d,5,same_session+same_source_volume+same_subject
OAS1_0240,OAS1_0240_MR1,vol_b8f63ee2b114,Demented,oasis1_comp_1382a410181d,5,same_session+same_source_volume+same_subject
OAS1_0159,OAS1_0159_MR1,vol_f99857cbd44c,label_missing,oasis1_comp_d7777a240339,5,same_session+same_source_volume+same_subject
OAS1_0159,OAS1_0159_MR1,vol_f99857cbd44c,label_missing,oasis1_comp_d7777a240339,5,same_session+same_source_volume+same_subject
OAS1_0159,OAS1_0159_MR1,vol_f99857cbd44c,label_missing,oasis1_comp_d7777a240339,5,same_session+same_source_volume+same_subject
OAS1_0159,OAS1_0159_MR1,vol_f99857cbd44c,label_missing,oasis1_comp_d7777a240339,5,same_session+same_source_volume+same_subject
OAS1_0159,OAS1_0159_MR1,vol_f99857cbd44c,label_missing,oasis1_comp_d7777a240339,5,same_session+same_source_volume+same_subject
OAS1_0292,OAS1_0292_MR1,vol_e983e28e1d14,NonDemented,oasis1_comp_562fff364fe6,5,same_session+same_source_volume+same_subject
OAS1_0292,OAS1_0292_MR1,vol_e983e28e1d14,NonDemented,oasis1_comp_562fff364fe6,5,same_session+same_source_volume+same_subject
OAS1_0292,OAS1_0292_MR1,vol_e983e28e1d14,NonDemented,oasis1_comp_562fff364fe6,5,same_session+same_source_volume+same_subject
OAS1_0292,OAS1_0292_MR1,vol_e983e28e1d14,NonDemented,oasis1_comp_562fff364fe6,5,same_session+same_source_volume+same_subject
OAS1_0292,OAS1_0292_MR1,vol_e983e28e1d14,NonDemented,oasis1_comp_562fff364fe6,5,same_session+same_source_volume+same_subject
OAS1_0430,OAS1_0430_MR1,vol_5f6c32920065,Demented,oasis1_comp_f97495993a73,5,same_session+same_source_volume+same_subject
OAS1_0430,OAS1_0430_MR1,vol_5f6c32920065,Demented,oasis1_comp_f97495993a73,5,same_session+same_source_volume+same_subject
OAS1_0430,OAS1_0430_MR1,vol_5f6c32920065,Demented,oasis1_comp_f97495993a73,5,same_session+same_source_volume+same_subject
OAS1_0430,OAS1_0430_MR1,vol_5f6c32920065,Demented,oasis1_comp_f97495993a73,5,same_session+same_source_volume+same_subject
OAS1_0430,OAS1_0430_MR1,vol_5f6c32920065,Demented,oasis1_comp_f97495993a73,5,same_session+same_source_volume+same_subject
OAS1_0050,OAS1_0050_MR1,vol_57a64691d181,label_missing,oasis1_comp_d67162175efb,5,same_session+same_source_volume+same_subject
OAS1_0050,OAS1_0050_MR1,vol_57a64691d181,label_missing,oasis1_comp_d67162175efb,5,same_session+same_source_volume+same_subject
OAS1_0050,OAS1_0050_MR1,vol_57a64691d181,label_missing,oasis1_comp_d67162175efb,5,same_session+same_source_volume+same_subject
OAS1_0050,OAS1_0050_MR1,vol_57a64691d181,label_missing,oasis1_comp_d67162175efb,5,same_session+same_source_volume+same_subject
OAS1_0050,OAS1_0050_MR1,vol_57a64691d181,label_missing,oasis1_comp_d67162175efb,5,same_session+same_source_volume+same_subject
OAS1_0304,OAS1_0304_MR1,vol_ad0ab9f75067,Demented,oasis1_comp_a61a9ab8b678,5,same_session+same_source_volume+same_subject
OAS1_0304,OAS1_0304_MR1,vol_ad0ab9f75067,Demented,oasis1_comp_a61a9ab8b678,5,same_session+same_source_volume+same_subject
OAS1_0304,OAS1_0304_MR1,vol_ad0ab9f75067,Demented,oasis1_comp_a61a9ab8b678,5,same_session+same_source_volume+same_subject
OAS1_0304,OAS1_0304_MR1,vol_ad0ab9f75067,Demented,oasis1_comp_a61a9ab8b678,5,same_session+same_source_volume+same_subject
OAS1_0304,OAS1_0304_MR1,vol_ad0ab9f75067,Demented,oasis1_comp_a61a9ab8b678,5,same_session+same_source_volume+same_subject
OAS1_0389,OAS1_0389_MR1,vol_c39c1a56cd49,label_missing,oasis1_comp_d7bb79d96ec8,5,same_session+same_source_volume+same_subject
OAS1_0389,OAS1_0389_MR1,vol_c39c1a56cd49,label_missing,oasis1_comp_d7bb79d96ec8,5,same_session+same_source_volume+same_subject
OAS1_0389,OAS1_0389_MR1,vol_c39c1a56cd49,label_missing,oasis1_comp_d7bb79d96ec8,5,same_session+same_source_volume+same_subject
OAS1_0389,OAS1_0389_MR1,vol_c39c1a56cd49,label_missing,oasis1_comp_d7bb79d96ec8,5,same_session+same_source_volume+same_subject
OAS1_0389,OAS1_0389_MR1,vol_c39c1a56cd49,label_missing,oasis1_comp_d7bb79d96ec8,5,same_session+same_source_volume+same_subject
OAS1_0269,OAS1_0269_MR1,vol_fe9388acd084,Demented,oasis1_comp_34aca34bc7a2,5,same_session+same_source_volume+same_subject
OAS1_0269,OAS1_0269_MR1,vol_fe9388acd084,Demented,oasis1_comp_34aca34bc7a2,5,same_session+same_source_volume+same_subject
OAS1_0269,OAS1_0269_MR1,vol_fe9388acd084,Demented,oasis1_comp_34aca34bc7a2,5,same_session+same_source_volume+same_subject
OAS1_0269,OAS1_0269_MR1,vol_fe9388acd084,Demented,oasis1_comp_34aca34bc7a2,5,same_session+same_source_volume+same_subject
OAS1_0269,OAS1_0269_MR1,vol_fe9388acd084,Demented,oasis1_comp_34aca34bc7a2,5,same_session+same_source_volume+same_subject
OAS1_0422,OAS1_0422_MR1,vol_e80528e6ac7d,NonDemented,oasis1_comp_0a4d04122e87,5,same_session+same_source_volume+same_subject
OAS1_0422,OAS1_0422_MR1,vol_e80528e6ac7d,NonDemented,oasis1_comp_0a4d04122e87,5,same_session+same_source_volume+same_subject
OAS1_0422,OAS1_0422_MR1,vol_e80528e6ac7d,NonDemented,oasis1_comp_0a4d04122e87,5,same_session+same_source_volume+same_subject
OAS1_0422,OAS1_0422_MR1,vol_e80528e6ac7d,NonDemented,oasis1_comp_0a4d04122e87,5,same_session+same_source_volume+same_subject
OAS1_0422,OAS1_0422_MR1,vol_e80528e6ac7d,NonDemented,oasis1_comp_0a4d04122e87,5,same_session+same_source_volume+same_subject
OAS1_0029,OAS1_0029_MR1,vol_944e5e27a258,label_missing,oasis1_comp_a5150eb8930e,5,same_session+same_source_volume+same_subject
OAS1_0029,OAS1_0029_MR1,vol_944e5e27a258,label_missing,oasis1_comp_a5150eb8930e,5,same_session+same_source_volume+same_subject
OAS1_0029,OAS1_0029_MR1,vol_944e5e27a258,label_missing,oasis1_comp_a5150eb8930e,5,same_session+same_source_volume+same_subject
OAS1_0029,OAS1_0029_MR1,vol_944e5e27a258,label_missing,oasis1_comp_a5150eb8930e,5,same_session+same_source_volume+same_subject
OAS1_0029,OAS1_0029_MR1,vol_944e5e27a258,label_missing,oasis1_comp_a5150eb8930e,5,same_session+same_source_volume+same_subject
OAS1_0341,OAS1_0341_MR1,vol_ca31f5ae17b3,NonDemented,oasis1_comp_5d4fccf67749,5,same_session+same_source_volume+same_subject
OAS1_0341,OAS1_0341_MR1,vol_ca31f5ae17b3,NonDemented,oasis1_comp_5d4fccf67749,5,same_session+same_source_volume+same_subject
OAS1_0341,OAS1_0341_MR1,vol_ca31f5ae17b3,NonDemented,oasis1_comp_5d4fccf67749,5,same_session+same_source_volume+same_subject
OAS1_0341,OAS1_0341_MR1,vol_ca31f5ae17b3,NonDemented,oasis1_comp_5d4fccf67749,5,same_session+same_source_volume+same_subject
OAS1_0341,OAS1_0341_MR1,vol_ca31f5ae17b3,NonDemented,oasis1_comp_5d4fccf67749,5,same_session+same_source_volume+same_subject
OAS1_0055,OAS1_0055_MR1,vol_017af3b0ebfa,label_missing,oasis1_comp_e881f3fd099b,5,same_session+same_source_volume+same_subject
OAS1_0055,OAS1_0055_MR1,vol_017af3b0ebfa,label_missing,oasis1_comp_e881f3fd099b,5,same_session+same_source_volume+same_subject
OAS1_0055,OAS1_0055_MR1,vol_017af3b0ebfa,label_missing,oasis1_comp_e881f3fd099b,5,same_session+same_source_volume+same_subject
OAS1_0055,OAS1_0055_MR1,vol_017af3b0ebfa,label_missing,oasis1_comp_e881f3fd099b,5,same_session+same_source_volume+same_subject
OAS1_0055,OAS1_0055_MR1,vol_017af3b0ebfa,label_missing,oasis1_comp_e881f3fd099b,5,same_session+same_source_volume+same_subject
OAS1_0137,OAS1_0137_MR1,vol_a0996599d9f3,Demented,oasis1_comp_57c0f7afed09,5,same_session+same_source_volume+same_subject
OAS1_0137,OAS1_0137_MR1,vol_a0996599d9f3,Demented,oasis1_comp_57c0f7afed09,5,same_session+same_source_volume+same_subject
OAS1_0137,OAS1_0137_MR1,vol_a0996599d9f3,Demented,oasis1_comp_57c0f7afed09,5,same_session+same_source_volume+same_subject
OAS1_0137,OAS1_0137_MR1,vol_a0996599d9f3,Demented,oasis1_comp_57c0f7afed09,5,same_session+same_source_volume+same_subject
OAS1_0137,OAS1_0137_MR1,vol_a0996599d9f3,Demented,oasis1_comp_57c0f7afed09,5,same_session+same_source_volume+same_subject
OAS1_0155,OAS1_0155_MR1,vol_6d98fbbc81f6,Demented,oasis1_comp_84970842617b,5,same_session+same_source_volume+same_subject
OAS1_0155,OAS1_0155_MR1,vol_6d98fbbc81f6,Demented,oasis1_comp_84970842617b,5,same_session+same_source_volume+same_subject
OAS1_0155,OAS1_0155_MR1,vol_6d98fbbc81f6,Demented,oasis1_comp_84970842617b,5,same_session+same_source_volume+same_subject
OAS1_0155,OAS1_0155_MR1,vol_6d98fbbc81f6,Demented,oasis1_comp_84970842617b,5,same_session+same_source_volume+same_subject
OAS1_0155,OAS1_0155_MR1,vol_6d98fbbc81f6,Demented,oasis1_comp_84970842617b,5,same_session+same_source_volume+same_subject
OAS1_0153,OAS1_0153_MR1,vol_f47492bc33af,label_missing,oasis1_comp_c8cd292c6e59,5,same_session+same_source_volume+same_subject
OAS1_0153,OAS1_0153_MR1,vol_f47492bc33af,label_missing,oasis1_comp_c8cd292c6e59,5,same_session+same_source_volume+same_subject
OAS1_0153,OAS1_0153_MR1,vol_f47492bc33af,label_missing,oasis1_comp_c8cd292c6e59,5,same_session+same_source_volume+same_subject
OAS1_0153,OAS1_0153_MR1,vol_f47492bc33af,label_missing,oasis1_comp_c8cd292c6e59,5,same_session+same_source_volume+same_subject
OAS1_0153,OAS1_0153_MR1,vol_f47492bc33af,label_missing,oasis1_comp_c8cd292c6e59,5,same_session+same_source_volume+same_subject
OAS1_0206,OAS1_0206_MR1,vol_8edefaf57e55,NonDemented,oasis1_comp_a3098fc29371,5,same_session+same_source_volume+same_subject
OAS1_0206,OAS1_0206_MR1,vol_8edefaf57e55,NonDemented,oasis1_comp_a3098fc29371,5,same_session+same_source_volume+same_subject
OAS1_0206,OAS1_0206_MR1,vol_8edefaf57e55,NonDemented,oasis1_comp_a3098fc29371,5,same_session+same_source_volume+same_subject
OAS1_0206,OAS1_0206_MR1,vol_8edefaf57e55,NonDemented,oasis1_comp_a3098fc29371,5,same_session+same_source_volume+same_subject
OAS1_0206,OAS1_0206_MR1,vol_8edefaf57e55,NonDemented,oasis1_comp_a3098fc29371,5,same_session+same_source_volume+same_subject
OAS1_0243,OAS1_0243_MR1,vol_55d8f8ab93fd,Demented,oasis1_comp_8e32333cd222,5,same_session+same_source_volume+same_subject
OAS1_0243,OAS1_0243_MR1,vol_55d8f8ab93fd,Demented,oasis1_comp_8e32333cd222,5,same_session+same_source_volume+same_subject
OAS1_0243,OAS1_0243_MR1,vol_55d8f8ab93fd,Demented,oasis1_comp_8e32333cd222,5,same_session+same_source_volume+same_subject
OAS1_0243,OAS1_0243_MR1,vol_55d8f8ab93fd,Demented,oasis1_comp_8e32333cd222,5,same_session+same_source_volume+same_subject
OAS1_0243,OAS1_0243_MR1,vol_55d8f8ab93fd,Demented,oasis1_comp_8e32333cd222,5,same_session+same_source_volume+same_subject
OAS1_0073,OAS1_0073_MR1,vol_b3b2815190e4,Demented,oasis1_comp_48eb99e6432c,5,same_session+same_source_volume+same_subject
OAS1_0073,OAS1_0073_MR1,vol_b3b2815190e4,Demented,oasis1_comp_48eb99e6432c,5,same_session+same_source_volume+same_subject
OAS1_0073,OAS1_0073_MR1,vol_b3b2815190e4,Demented,oasis1_comp_48eb99e6432c,5,same_session+same_source_volume+same_subject
OAS1_0073,OAS1_0073_MR1,vol_b3b2815190e4,Demented,oasis1_comp_48eb99e6432c,5,same_session+same_source_volume+same_subject
OAS1_0073,OAS1_0073_MR1,vol_b3b2815190e4,Demented,oasis1_comp_48eb99e6432c,5,same_session+same_source_volume+same_subject
OAS1_0105,OAS1_0105_MR1,vol_3659b05fcd82,label_missing,oasis1_comp_28c1c51ae1c3,5,same_session+same_source_volume+same_subject
OAS1_0105,OAS1_0105_MR1,vol_3659b05fcd82,label_missing,oasis1_comp_28c1c51ae1c3,5,same_session+same_source_volume+same_subject
OAS1_0105,OAS1_0105_MR1,vol_3659b05fcd82,label_missing,oasis1_comp_28c1c51ae1c3,5,same_session+same_source_volume+same_subject
OAS1_0105,OAS1_0105_MR1,vol_3659b05fcd82,label_missing,oasis1_comp_28c1c51ae1c3,5,same_session+same_source_volume+same_subject
OAS1_0105,OAS1_0105_MR1,vol_3659b05fcd82,label_missing,oasis1_comp_28c1c51ae1c3,5,same_session+same_source_volume+same_subject
OAS1_0156,OAS1_0156_MR1,vol_9d7d95f3d9b6,label_missing,oasis1_comp_4f6e302cdff1,10,same_session+same_source_volume+same_subject
OAS1_0156,OAS1_0156_MR1,vol_9d7d95f3d9b6,label_missing,oasis1_comp_4f6e302cdff1,10,same_session+same_source_volume+same_subject
OAS1_0156,OAS1_0156_MR1,vol_9d7d95f3d9b6,label_missing,oasis1_comp_4f6e302cdff1,10,same_session+same_source_volume+same_subject
OAS1_0156,OAS1_0156_MR1,vol_9d7d95f3d9b6,label_missing,oasis1_comp_4f6e302cdff1,10,same_session+same_source_volume+same_subject
OAS1_0156,OAS1_0156_MR1,vol_9d7d95f3d9b6,label_missing,oasis1_comp_4f6e302cdff1,10,same_session+same_source_volume+same_subject
OAS1_0156,OAS1_0156_MR2,vol_a6925f52b7d8,label_missing,oasis1_comp_4f6e302cdff1,10,same_session+same_source_volume+same_subject
OAS1_0156,OAS1_0156_MR2,vol_a6925f52b7d8,label_missing,oasis1_comp_4f6e302cdff1,10,same_session+same_source_volume+same_subject
OAS1_0156,OAS1_0156_MR2,vol_a6925f52b7d8,label_missing,oasis1_comp_4f6e302cdff1,10,same_session+same_source_volume+same_subject
OAS1_0156,OAS1_0156_MR2,vol_a6925f52b7d8,label_missing,oasis1_comp_4f6e302cdff1,10,same_session+same_source_volume+same_subject
OAS1_0156,OAS1_0156_MR2,vol_a6925f52b7d8,label_missing,oasis1_comp_4f6e302cdff1,10,same_session+same_source_volume+same_subject
OAS1_0343,OAS1_0343_MR1,vol_ae8b2f722541,NonDemented,oasis1_comp_fa121992734a,5,same_session+same_source_volume+same_subject
OAS1_0343,OAS1_0343_MR1,vol_ae8b2f722541,NonDemented,oasis1_comp_fa121992734a,5,same_session+same_source_volume+same_subject
OAS1_0343,OAS1_0343_MR1,vol_ae8b2f722541,NonDemented,oasis1_comp_fa121992734a,5,same_session+same_source_volume+same_subject
OAS1_0343,OAS1_0343_MR1,vol_ae8b2f722541,NonDemented,oasis1_comp_fa121992734a,5,same_session+same_source_volume+same_subject
OAS1_0343,OAS1_0343_MR1,vol_ae8b2f722541,NonDemented,oasis1_comp_fa121992734a,5,same_session+same_source_volume+same_subject
OAS1_0439,OAS1_0439_MR1,vol_a5e20076b9d8,label_missing,oasis1_comp_530f8864ec16,5,same_session+same_source_volume+same_subject
OAS1_0439,OAS1_0439_MR1,vol_a5e20076b9d8,label_missing,oasis1_comp_530f8864ec16,5,same_session+same_source_volume+same_subject
OAS1_0439,OAS1_0439_MR1,vol_a5e20076b9d8,label_missing,oasis1_comp_530f8864ec16,5,same_session+same_source_volume+same_subject
OAS1_0439,OAS1_0439_MR1,vol_a5e20076b9d8,label_missing,oasis1_comp_530f8864ec16,5,same_session+same_source_volume+same_subject
OAS1_0439,OAS1_0439_MR1,vol_a5e20076b9d8,label_missing,oasis1_comp_530f8864ec16,5,same_session+same_source_volume+same_subject
OAS1_0285,OAS1_0285_MR1,vol_5312307b9639,label_missing,oasis1_comp_acef707ee875,10,same_session+same_source_volume+same_subject
OAS1_0285,OAS1_0285_MR1,vol_5312307b9639,label_missing,oasis1_comp_acef707ee875,10,same_session+same_source_volume+same_subject
OAS1_0285,OAS1_0285_MR1,vol_5312307b9639,label_missing,oasis1_comp_acef707ee875,10,same_session+same_source_volume+same_subject
OAS1_0285,OAS1_0285_MR1,vol_5312307b9639,label_missing,oasis1_comp_acef707ee875,10,same_session+same_source_volume+same_subject
OAS1_0285,OAS1_0285_MR1,vol_5312307b9639,label_missing,oasis1_comp_acef707ee875,10,same_session+same_source_volume+same_subject
OAS1_0285,OAS1_0285_MR2,vol_846a4a90a878,label_missing,oasis1_comp_acef707ee875,10,same_session+same_source_volume+same_subject
OAS1_0285,OAS1_0285_MR2,vol_846a4a90a878,label_missing,oasis1_comp_acef707ee875,10,same_session+same_source_volume+same_subject
OAS1_0285,OAS1_0285_MR2,vol_846a4a90a878,label_missing,oasis1_comp_acef707ee875,10,same_session+same_source_volume+same_subject
OAS1_0285,OAS1_0285_MR2,vol_846a4a90a878,label_missing,oasis1_comp_acef707ee875,10,same_session+same_source_volume+same_subject
OAS1_0285,OAS1_0285_MR2,vol_846a4a90a878,label_missing,oasis1_comp_acef707ee875,10,same_session+same_source_volume+same_subject
OAS1_0074,OAS1_0074_MR1,vol_89ce34140271,NonDemented,oasis1_comp_13c4dda4c5e6,5,same_session+same_source_volume+same_subject
OAS1_0074,OAS1_0074_MR1,vol_89ce34140271,NonDemented,oasis1_comp_13c4dda4c5e6,5,same_session+same_source_volume+same_subject
OAS1_0074,OAS1_0074_MR1,vol_89ce34140271,NonDemented,oasis1_comp_13c4dda4c5e6,5,same_session+same_source_volume+same_subject
OAS1_0074,OAS1_0074_MR1,vol_89ce34140271,NonDemented,oasis1_comp_13c4dda4c5e6,5,same_session+same_source_volume+same_subject
OAS1_0074,OAS1_0074_MR1,vol_89ce34140271,NonDemented,oasis1_comp_13c4dda4c5e6,5,same_session+same_source_volume+same_subject
OAS1_0185,OAS1_0185_MR1,vol_4f7697e3b735,Demented,oasis1_comp_1477997577e9,5,same_session+same_source_volume+same_subject
OAS1_0185,OAS1_0185_MR1,vol_4f7697e3b735,Demented,oasis1_comp_1477997577e9,5,same_session+same_source_volume+same_subject
OAS1_0185,OAS1_0185_MR1,vol_4f7697e3b735,Demented,oasis1_comp_1477997577e9,5,same_session+same_source_volume+same_subject
OAS1_0185,OAS1_0185_MR1,vol_4f7697e3b735,Demented,oasis1_comp_1477997577e9,5,same_session+same_source_volume+same_subject
OAS1_0185,OAS1_0185_MR1,vol_4f7697e3b735,Demented,oasis1_comp_1477997577e9,5,same_session+same_source_volume+same_subject
OAS1_0284,OAS1_0284_MR1,vol_d0dd0a13e153,NonDemented,oasis1_comp_d0627005ccdc,5,same_session+same_source_volume+same_subject
OAS1_0284,OAS1_0284_MR1,vol_d0dd0a13e153,NonDemented,oasis1_comp_d0627005ccdc,5,same_session+same_source_volume+same_subject
OAS1_0284,OAS1_0284_MR1,vol_d0dd0a13e153,NonDemented,oasis1_comp_d0627005ccdc,5,same_session+same_source_volume+same_subject
OAS1_0284,OAS1_0284_MR1,vol_d0dd0a13e153,NonDemented,oasis1_comp_d0627005ccdc,5,same_session+same_source_volume+same_subject
OAS1_0284,OAS1_0284_MR1,vol_d0dd0a13e153,NonDemented,oasis1_comp_d0627005ccdc,5,same_session+same_source_volume+same_subject
OAS1_0407,OAS1_0407_MR1,vol_63bbeb11f4fa,label_missing,oasis1_comp_771f8dad4acd,5,same_session+same_source_volume+same_subject
OAS1_0407,OAS1_0407_MR1,vol_63bbeb11f4fa,label_missing,oasis1_comp_771f8dad4acd,5,same_session+same_source_volume+same_subject
OAS1_0407,OAS1_0407_MR1,vol_63bbeb11f4fa,label_missing,oasis1_comp_771f8dad4acd,5,same_session+same_source_volume+same_subject
OAS1_0407,OAS1_0407_MR1,vol_63bbeb11f4fa,label_missing,oasis1_comp_771f8dad4acd,5,same_session+same_source_volume+same_subject
OAS1_0407,OAS1_0407_MR1,vol_63bbeb11f4fa,label_missing,oasis1_comp_771f8dad4acd,5,same_session+same_source_volume+same_subject
OAS1_0085,OAS1_0085_MR1,vol_d68bae843b47,NonDemented,oasis1_comp_075ee1777316,5,same_session+same_source_volume+same_subject
OAS1_0085,OAS1_0085_MR1,vol_d68bae843b47,NonDemented,oasis1_comp_075ee1777316,5,same_session+same_source_volume+same_subject
OAS1_0085,OAS1_0085_MR1,vol_d68bae843b47,NonDemented,oasis1_comp_075ee1777316,5,same_session+same_source_volume+same_subject
OAS1_0085,OAS1_0085_MR1,vol_d68bae843b47,NonDemented,oasis1_comp_075ee1777316,5,same_session+same_source_volume+same_subject
OAS1_0085,OAS1_0085_MR1,vol_d68bae843b47,NonDemented,oasis1_comp_075ee1777316,5,same_session+same_source_volume+same_subject
OAS1_0235,OAS1_0235_MR1,vol_659d684f225b,label_missing,oasis1_comp_90b6fb32f258,5,same_session+same_source_volume+same_subject
OAS1_0235,OAS1_0235_MR1,vol_659d684f225b,label_missing,oasis1_comp_90b6fb32f258,5,same_session+same_source_volume+same_subject
OAS1_0235,OAS1_0235_MR1,vol_659d684f225b,label_missing,oasis1_comp_90b6fb32f258,5,same_session+same_source_volume+same_subject
OAS1_0235,OAS1_0235_MR1,vol_659d684f225b,label_missing,oasis1_comp_90b6fb32f258,5,same_session+same_source_volume+same_subject
OAS1_0235,OAS1_0235_MR1,vol_659d684f225b,label_missing,oasis1_comp_90b6fb32f258,5,same_session+same_source_volume+same_subject
OAS1_0352,OAS1_0352_MR1,vol_b9abb423e2db,Demented,oasis1_comp_20ffb2946ab0,5,same_session+same_source_volume+same_subject
OAS1_0352,OAS1_0352_MR1,vol_b9abb423e2db,Demented,oasis1_comp_20ffb2946ab0,5,same_session+same_source_volume+same_subject
OAS1_0352,OAS1_0352_MR1,vol_b9abb423e2db,Demented,oasis1_comp_20ffb2946ab0,5,same_session+same_source_volume+same_subject
OAS1_0352,OAS1_0352_MR1,vol_b9abb423e2db,Demented,oasis1_comp_20ffb2946ab0,5,same_session+same_source_volume+same_subject
OAS1_0352,OAS1_0352_MR1,vol_b9abb423e2db,Demented,oasis1_comp_20ffb2946ab0,5,same_session+same_source_volume+same_subject
OAS1_0241,OAS1_0241_MR1,vol_270f1692c034,NonDemented,oasis1_comp_a433b8023001,5,same_session+same_source_volume+same_subject
OAS1_0241,OAS1_0241_MR1,vol_270f1692c034,NonDemented,oasis1_comp_a433b8023001,5,same_session+same_source_volume+same_subject
OAS1_0241,OAS1_0241_MR1,vol_270f1692c034,NonDemented,oasis1_comp_a433b8023001,5,same_session+same_source_volume+same_subject
OAS1_0241,OAS1_0241_MR1,vol_270f1692c034,NonDemented,oasis1_comp_a433b8023001,5,same_session+same_source_volume+same_subject
OAS1_0241,OAS1_0241_MR1,vol_270f1692c034,NonDemented,oasis1_comp_a433b8023001,5,same_session+same_source_volume+same_subject
OAS1_0109,OAS1_0109_MR1,vol_463225fa2507,NonDemented,oasis1_comp_6544f5975abf,5,same_session+same_source_volume+same_subject
OAS1_0109,OAS1_0109_MR1,vol_463225fa2507,NonDemented,oasis1_comp_6544f5975abf,5,same_session+same_source_volume+same_subject
OAS1_0109,OAS1_0109_MR1,vol_463225fa2507,NonDemented,oasis1_comp_6544f5975abf,5,same_session+same_source_volume+same_subject
OAS1_0109,OAS1_0109_MR1,vol_463225fa2507,NonDemented,oasis1_comp_6544f5975abf,5,same_session+same_source_volume+same_subject
OAS1_0109,OAS1_0109_MR1,vol_463225fa2507,NonDemented,oasis1_comp_6544f5975abf,5,same_session+same_source_volume+same_subject
OAS1_0381,OAS1_0381_MR1,vol_6cf0db1b1e51,NonDemented,oasis1_comp_d8a99c9978d3,5,same_session+same_source_volume+same_subject
OAS1_0381,OAS1_0381_MR1,vol_6cf0db1b1e51,NonDemented,oasis1_comp_d8a99c9978d3,5,same_session+same_source_volume+same_subject
OAS1_0381,OAS1_0381_MR1,vol_6cf0db1b1e51,NonDemented,oasis1_comp_d8a99c9978d3,5,same_session+same_source_volume+same_subject
OAS1_0381,OAS1_0381_MR1,vol_6cf0db1b1e51,NonDemented,oasis1_comp_d8a99c9978d3,5,same_session+same_source_volume+same_subject
OAS1_0381,OAS1_0381_MR1,vol_6cf0db1b1e51,NonDemented,oasis1_comp_d8a99c9978d3,5,same_session+same_source_volume+same_subject
OAS1_0386,OAS1_0386_MR1,vol_83740cc5dad4,label_missing,oasis1_comp_7e1e852239c3,5,same_session+same_source_volume+same_subject
OAS1_0386,OAS1_0386_MR1,vol_83740cc5dad4,label_missing,oasis1_comp_7e1e852239c3,5,same_session+same_source_volume+same_subject
OAS1_0386,OAS1_0386_MR1,vol_83740cc5dad4,label_missing,oasis1_comp_7e1e852239c3,5,same_session+same_source_volume+same_subject
OAS1_0386,OAS1_0386_MR1,vol_83740cc5dad4,label_missing,oasis1_comp_7e1e852239c3,5,same_session+same_source_volume+same_subject
OAS1_0386,OAS1_0386_MR1,vol_83740cc5dad4,label_missing,oasis1_comp_7e1e852239c3,5,same_session+same_source_volume+same_subject
OAS1_0056,OAS1_0056_MR1,vol_b8f38557f56a,Demented,oasis1_comp_ba3f0f4badeb,5,same_session+same_source_volume+same_subject
OAS1_0056,OAS1_0056_MR1,vol_b8f38557f56a,Demented,oasis1_comp_ba3f0f4badeb,5,same_session+same_source_volume+same_subject
OAS1_0056,OAS1_0056_MR1,vol_b8f38557f56a,Demented,oasis1_comp_ba3f0f4badeb,5,same_session+same_source_volume+same_subject
OAS1_0056,OAS1_0056_MR1,vol_b8f38557f56a,Demented,oasis1_comp_ba3f0f4badeb,5,same_session+same_source_volume+same_subject
OAS1_0056,OAS1_0056_MR1,vol_b8f38557f56a,Demented,oasis1_comp_ba3f0f4badeb,5,same_session+same_source_volume+same_subject
OAS1_0174,OAS1_0174_MR1,vol_5754c21c5dc6,label_missing,oasis1_comp_835ca49847e9,5,same_session+same_source_volume+same_subject
OAS1_0174,OAS1_0174_MR1,vol_5754c21c5dc6,label_missing,oasis1_comp_835ca49847e9,5,same_session+same_source_volume+same_subject
OAS1_0174,OAS1_0174_MR1,vol_5754c21c5dc6,label_missing,oasis1_comp_835ca49847e9,5,same_session+same_source_volume+same_subject
OAS1_0174,OAS1_0174_MR1,vol_5754c21c5dc6,label_missing,oasis1_comp_835ca49847e9,5,same_session+same_source_volume+same_subject
OAS1_0174,OAS1_0174_MR1,vol_5754c21c5dc6,label_missing,oasis1_comp_835ca49847e9,5,same_session+same_source_volume+same_subject
OAS1_0099,OAS1_0099_MR1,vol_cae4e5bf8813,label_missing,oasis1_comp_de416ed7692f,5,same_session+same_source_volume+same_subject
OAS1_0099,OAS1_0099_MR1,vol_cae4e5bf8813,label_missing,oasis1_comp_de416ed7692f,5,same_session+same_source_volume+same_subject
OAS1_0099,OAS1_0099_MR1,vol_cae4e5bf8813,label_missing,oasis1_comp_de416ed7692f,5,same_session+same_source_volume+same_subject
OAS1_0099,OAS1_0099_MR1,vol_cae4e5bf8813,label_missing,oasis1_comp_de416ed7692f,5,same_session+same_source_volume+same_subject
OAS1_0099,OAS1_0099_MR1,vol_cae4e5bf8813,label_missing,oasis1_comp_de416ed7692f,5,same_session+same_source_volume+same_subject
OAS1_0431,OAS1_0431_MR1,vol_30624b77d51b,label_missing,oasis1_comp_15a81b8a140d,5,same_session+same_source_volume+same_subject
OAS1_0431,OAS1_0431_MR1,vol_30624b77d51b,label_missing,oasis1_comp_15a81b8a140d,5,same_session+same_source_volume+same_subject
OAS1_0431,OAS1_0431_MR1,vol_30624b77d51b,label_missing,oasis1_comp_15a81b8a140d,5,same_session+same_source_volume+same_subject
OAS1_0431,OAS1_0431_MR1,vol_30624b77d51b,label_missing,oasis1_comp_15a81b8a140d,5,same_session+same_source_volume+same_subject
OAS1_0431,OAS1_0431_MR1,vol_30624b77d51b,label_missing,oasis1_comp_15a81b8a140d,5,same_session+same_source_volume+same_subject
OAS1_0366,OAS1_0366_MR1,vol_8814787292ad,NonDemented,oasis1_comp_75bb9337b165,5,same_session+same_source_volume+same_subject
OAS1_0366,OAS1_0366_MR1,vol_8814787292ad,NonDemented,oasis1_comp_75bb9337b165,5,same_session+same_source_volume+same_subject
OAS1_0366,OAS1_0366_MR1,vol_8814787292ad,NonDemented,oasis1_comp_75bb9337b165,5,same_session+same_source_volume+same_subject
OAS1_0366,OAS1_0366_MR1,vol_8814787292ad,NonDemented,oasis1_comp_75bb9337b165,5,same_session+same_source_volume+same_subject
OAS1_0366,OAS1_0366_MR1,vol_8814787292ad,NonDemented,oasis1_comp_75bb9337b165,5,same_session+same_source_volume+same_subject
OAS1_0192,OAS1_0192_MR1,vol_257b46f33e67,label_missing,oasis1_comp_d11233f50594,5,same_session+same_source_volume+same_subject
OAS1_0192,OAS1_0192_MR1,vol_257b46f33e67,label_missing,oasis1_comp_d11233f50594,5,same_session+same_source_volume+same_subject
OAS1_0192,OAS1_0192_MR1,vol_257b46f33e67,label_missing,oasis1_comp_d11233f50594,5,same_session+same_source_volume+same_subject
OAS1_0192,OAS1_0192_MR1,vol_257b46f33e67,label_missing,oasis1_comp_d11233f50594,5,same_session+same_source_volume+same_subject
OAS1_0192,OAS1_0192_MR1,vol_257b46f33e67,label_missing,oasis1_comp_d11233f50594,5,same_session+same_source_volume+same_subject
OAS1_0402,OAS1_0402_MR1,vol_db2cfc858155,Demented,oasis1_comp_a9df6cd1f824,5,same_session+same_source_volume+same_subject
OAS1_0402,OAS1_0402_MR1,vol_db2cfc858155,Demented,oasis1_comp_a9df6cd1f824,5,same_session+same_source_volume+same_subject
OAS1_0402,OAS1_0402_MR1,vol_db2cfc858155,Demented,oasis1_comp_a9df6cd1f824,5,same_session+same_source_volume+same_subject
OAS1_0402,OAS1_0402_MR1,vol_db2cfc858155,Demented,oasis1_comp_a9df6cd1f824,5,same_session+same_source_volume+same_subject
OAS1_0402,OAS1_0402_MR1,vol_db2cfc858155,Demented,oasis1_comp_a9df6cd1f824,5,same_session+same_source_volume+same_subject
OAS1_0188,OAS1_0188_MR1,vol_9ac93ce0c117,NonDemented,oasis1_comp_379a44eeb05d,5,same_session+same_source_volume+same_subject
OAS1_0188,OAS1_0188_MR1,vol_9ac93ce0c117,NonDemented,oasis1_comp_379a44eeb05d,5,same_session+same_source_volume+same_subject
OAS1_0188,OAS1_0188_MR1,vol_9ac93ce0c117,NonDemented,oasis1_comp_379a44eeb05d,5,same_session+same_source_volume+same_subject
OAS1_0188,OAS1_0188_MR1,vol_9ac93ce0c117,NonDemented,oasis1_comp_379a44eeb05d,5,same_session+same_source_volume+same_subject
OAS1_0188,OAS1_0188_MR1,vol_9ac93ce0c117,NonDemented,oasis1_comp_379a44eeb05d,5,same_session+same_source_volume+same_subject
OAS1_0353,OAS1_0353_MR1,vol_2e4c2305f363,label_missing,oasis1_comp_62276685e3ec,10,same_session+same_source_volume+same_subject
OAS1_0353,OAS1_0353_MR1,vol_2e4c2305f363,label_missing,oasis1_comp_62276685e3ec,10,same_session+same_source_volume+same_subject
OAS1_0353,OAS1_0353_MR1,vol_2e4c2305f363,label_missing,oasis1_comp_62276685e3ec,10,same_session+same_source_volume+same_subject
OAS1_0353,OAS1_0353_MR1,vol_2e4c2305f363,label_missing,oasis1_comp_62276685e3ec,10,same_session+same_source_volume+same_subject
OAS1_0353,OAS1_0353_MR1,vol_2e4c2305f363,label_missing,oasis1_comp_62276685e3ec,10,same_session+same_source_volume+same_subject
OAS1_0353,OAS1_0353_MR2,vol_4556d409c6d1,label_missing,oasis1_comp_62276685e3ec,10,same_session+same_source_volume+same_subject
OAS1_0353,OAS1_0353_MR2,vol_4556d409c6d1,label_missing,oasis1_comp_62276685e3ec,10,same_session+same_source_volume+same_subject
OAS1_0353,OAS1_0353_MR2,vol_4556d409c6d1,label_missing,oasis1_comp_62276685e3ec,10,same_session+same_source_volume+same_subject
OAS1_0353,OAS1_0353_MR2,vol_4556d409c6d1,label_missing,oasis1_comp_62276685e3ec,10,same_session+same_source_volume+same_subject
OAS1_0353,OAS1_0353_MR2,vol_4556d409c6d1,label_missing,oasis1_comp_62276685e3ec,10,same_session+same_source_volume+same_subject
OAS1_0198,OAS1_0198_MR1,vol_b227c2920679,label_missing,oasis1_comp_d95ef66763f0,5,same_session+same_source_volume+same_subject
OAS1_0198,OAS1_0198_MR1,vol_b227c2920679,label_missing,oasis1_comp_d95ef66763f0,5,same_session+same_source_volume+same_subject
OAS1_0198,OAS1_0198_MR1,vol_b227c2920679,label_missing,oasis1_comp_d95ef66763f0,5,same_session+same_source_volume+same_subject
OAS1_0198,OAS1_0198_MR1,vol_b227c2920679,label_missing,oasis1_comp_d95ef66763f0,5,same_session+same_source_volume+same_subject
OAS1_0198,OAS1_0198_MR1,vol_b227c2920679,label_missing,oasis1_comp_d95ef66763f0,5,same_session+same_source_volume+same_subject
OAS1_0033,OAS1_0033_MR1,vol_cc078f7eff42,NonDemented,oasis1_comp_d84afd45d3a3,5,same_session+same_source_volume+same_subject
OAS1_0033,OAS1_0033_MR1,vol_cc078f7eff42,NonDemented,oasis1_comp_d84afd45d3a3,5,same_session+same_source_volume+same_subject
OAS1_0033,OAS1_0033_MR1,vol_cc078f7eff42,NonDemented,oasis1_comp_d84afd45d3a3,5,same_session+same_source_volume+same_subject
OAS1_0033,OAS1_0033_MR1,vol_cc078f7eff42,NonDemented,oasis1_comp_d84afd45d3a3,5,same_session+same_source_volume+same_subject
OAS1_0033,OAS1_0033_MR1,vol_cc078f7eff42,NonDemented,oasis1_comp_d84afd45d3a3,5,same_session+same_source_volume+same_subject
OAS1_0062,OAS1_0062_MR1,vol_0a542006aaed,NonDemented,oasis1_comp_41b7204a444e,5,same_session+same_source_volume+same_subject
OAS1_0062,OAS1_0062_MR1,vol_0a542006aaed,NonDemented,oasis1_comp_41b7204a444e,5,same_session+same_source_volume+same_subject
OAS1_0062,OAS1_0062_MR1,vol_0a542006aaed,NonDemented,oasis1_comp_41b7204a444e,5,same_session+same_source_volume+same_subject
OAS1_0062,OAS1_0062_MR1,vol_0a542006aaed,NonDemented,oasis1_comp_41b7204a444e,5,same_session+same_source_volume+same_subject
OAS1_0062,OAS1_0062_MR1,vol_0a542006aaed,NonDemented,oasis1_comp_41b7204a444e,5,same_session+same_source_volume+same_subject
OAS1_0278,OAS1_0278_MR1,vol_04c2e90ac602,Demented,oasis1_comp_bf748e88167c,5,same_session+same_source_volume+same_subject
OAS1_0278,OAS1_0278_MR1,vol_04c2e90ac602,Demented,oasis1_comp_bf748e88167c,5,same_session+same_source_volume+same_subject
OAS1_0278,OAS1_0278_MR1,vol_04c2e90ac602,Demented,oasis1_comp_bf748e88167c,5,same_session+same_source_volume+same_subject
OAS1_0278,OAS1_0278_MR1,vol_04c2e90ac602,Demented,oasis1_comp_bf748e88167c,5,same_session+same_source_volume+same_subject
OAS1_0278,OAS1_0278_MR1,vol_04c2e90ac602,Demented,oasis1_comp_bf748e88167c,5,same_session+same_source_volume+same_subject
OAS1_0202,OAS1_0202_MR1,vol_b5558253a364,label_missing,oasis1_comp_056bc035e10d,10,same_session+same_source_volume+same_subject
OAS1_0202,OAS1_0202_MR1,vol_b5558253a364,label_missing,oasis1_comp_056bc035e10d,10,same_session+same_source_volume+same_subject
OAS1_0202,OAS1_0202_MR1,vol_b5558253a364,label_missing,oasis1_comp_056bc035e10d,10,same_session+same_source_volume+same_subject
OAS1_0202,OAS1_0202_MR1,vol_b5558253a364,label_missing,oasis1_comp_056bc035e10d,10,same_session+same_source_volume+same_subject
OAS1_0202,OAS1_0202_MR1,vol_b5558253a364,label_missing,oasis1_comp_056bc035e10d,10,same_session+same_source_volume+same_subject
OAS1_0202,OAS1_0202_MR2,vol_b631ed6632d0,label_missing,oasis1_comp_056bc035e10d,10,same_session+same_source_volume+same_subject
OAS1_0202,OAS1_0202_MR2,vol_b631ed6632d0,label_missing,oasis1_comp_056bc035e10d,10,same_session+same_source_volume+same_subject
OAS1_0202,OAS1_0202_MR2,vol_b631ed6632d0,label_missing,oasis1_comp_056bc035e10d,10,same_session+same_source_volume+same_subject
OAS1_0202,OAS1_0202_MR2,vol_b631ed6632d0,label_missing,oasis1_comp_056bc035e10d,10,same_session+same_source_volume+same_subject
OAS1_0202,OAS1_0202_MR2,vol_b631ed6632d0,label_missing,oasis1_comp_056bc035e10d,10,same_session+same_source_volume+same_subject
OAS1_0385,OAS1_0385_MR1,vol_790f4510fa60,label_missing,oasis1_comp_d20c9aa768ab,5,same_session+same_source_volume+same_subject
OAS1_0385,OAS1_0385_MR1,vol_790f4510fa60,label_missing,oasis1_comp_d20c9aa768ab,5,same_session+same_source_volume+same_subject
OAS1_0385,OAS1_0385_MR1,vol_790f4510fa60,label_missing,oasis1_comp_d20c9aa768ab,5,same_session+same_source_volume+same_subject
OAS1_0385,OAS1_0385_MR1,vol_790f4510fa60,label_missing,oasis1_comp_d20c9aa768ab,5,same_session+same_source_volume+same_subject
OAS1_0385,OAS1_0385_MR1,vol_790f4510fa60,label_missing,oasis1_comp_d20c9aa768ab,5,same_session+same_source_volume+same_subject
OAS1_0265,OAS1_0265_MR1,vol_2c746b53e824,label_missing,oasis1_comp_fb277ef6c418,5,same_session+same_source_volume+same_subject
OAS1_0265,OAS1_0265_MR1,vol_2c746b53e824,label_missing,oasis1_comp_fb277ef6c418,5,same_session+same_source_volume+same_subject
OAS1_0265,OAS1_0265_MR1,vol_2c746b53e824,label_missing,oasis1_comp_fb277ef6c418,5,same_session+same_source_volume+same_subject
OAS1_0265,OAS1_0265_MR1,vol_2c746b53e824,label_missing,oasis1_comp_fb277ef6c418,5,same_session+same_source_volume+same_subject
OAS1_0265,OAS1_0265_MR1,vol_2c746b53e824,label_missing,oasis1_comp_fb277ef6c418,5,same_session+same_source_volume+same_subject
OAS1_0201,OAS1_0201_MR1,vol_45498553505e,NonDemented,oasis1_comp_1ee8e7d83618,5,same_session+same_source_volume+same_subject
OAS1_0201,OAS1_0201_MR1,vol_45498553505e,NonDemented,oasis1_comp_1ee8e7d83618,5,same_session+same_source_volume+same_subject
OAS1_0201,OAS1_0201_MR1,vol_45498553505e,NonDemented,oasis1_comp_1ee8e7d83618,5,same_session+same_source_volume+same_subject
OAS1_0201,OAS1_0201_MR1,vol_45498553505e,NonDemented,oasis1_comp_1ee8e7d83618,5,same_session+same_source_volume+same_subject
OAS1_0201,OAS1_0201_MR1,vol_45498553505e,NonDemented,oasis1_comp_1ee8e7d83618,5,same_session+same_source_volume+same_subject
OAS1_0404,OAS1_0404_MR1,vol_efc9e5bbea77,NonDemented,oasis1_comp_463c048bc95d,5,same_session+same_source_volume+same_subject
OAS1_0404,OAS1_0404_MR1,vol_efc9e5bbea77,NonDemented,oasis1_comp_463c048bc95d,5,same_session+same_source_volume+same_subject
OAS1_0404,OAS1_0404_MR1,vol_efc9e5bbea77,NonDemented,oasis1_comp_463c048bc95d,5,same_session+same_source_volume+same_subject
OAS1_0404,OAS1_0404_MR1,vol_efc9e5bbea77,NonDemented,oasis1_comp_463c048bc95d,5,same_session+same_source_volume+same_subject
OAS1_0404,OAS1_0404_MR1,vol_efc9e5bbea77,NonDemented,oasis1_comp_463c048bc95d,5,same_session+same_source_volume+same_subject
OAS1_0011,OAS1_0011_MR1,vol_25436f738b75,NonDemented,oasis1_comp_f444d569ce68,5,same_session+same_source_volume+same_subject
OAS1_0011,OAS1_0011_MR1,vol_25436f738b75,NonDemented,oasis1_comp_f444d569ce68,5,same_session+same_source_volume+same_subject
OAS1_0011,OAS1_0011_MR1,vol_25436f738b75,NonDemented,oasis1_comp_f444d569ce68,5,same_session+same_source_volume+same_subject
OAS1_0011,OAS1_0011_MR1,vol_25436f738b75,NonDemented,oasis1_comp_f444d569ce68,5,same_session+same_source_volume+same_subject
OAS1_0011,OAS1_0011_MR1,vol_25436f738b75,NonDemented,oasis1_comp_f444d569ce68,5,same_session+same_source_volume+same_subject
OAS1_0323,OAS1_0323_MR1,vol_d501f5c78db7,NonDemented,oasis1_comp_3d001ae68f37,5,same_session+same_source_volume+same_subject
OAS1_0323,OAS1_0323_MR1,vol_d501f5c78db7,NonDemented,oasis1_comp_3d001ae68f37,5,same_session+same_source_volume+same_subject
OAS1_0323,OAS1_0323_MR1,vol_d501f5c78db7,NonDemented,oasis1_comp_3d001ae68f37,5,same_session+same_source_volume+same_subject
OAS1_0323,OAS1_0323_MR1,vol_d501f5c78db7,NonDemented,oasis1_comp_3d001ae68f37,5,same_session+same_source_volume+same_subject
OAS1_0323,OAS1_0323_MR1,vol_d501f5c78db7,NonDemented,oasis1_comp_3d001ae68f37,5,same_session+same_source_volume+same_subject
OAS1_0256,OAS1_0256_MR1,vol_f15be5316afb,NonDemented,oasis1_comp_d1fd6778afe5,5,same_session+same_source_volume+same_subject
OAS1_0256,OAS1_0256_MR1,vol_f15be5316afb,NonDemented,oasis1_comp_d1fd6778afe5,5,same_session+same_source_volume+same_subject
OAS1_0256,OAS1_0256_MR1,vol_f15be5316afb,NonDemented,oasis1_comp_d1fd6778afe5,5,same_session+same_source_volume+same_subject
OAS1_0256,OAS1_0256_MR1,vol_f15be5316afb,NonDemented,oasis1_comp_d1fd6778afe5,5,same_session+same_source_volume+same_subject
OAS1_0256,OAS1_0256_MR1,vol_f15be5316afb,NonDemented,oasis1_comp_d1fd6778afe5,5,same_session+same_source_volume+same_subject
OAS1_0424,OAS1_0424_MR1,vol_430f69d0ad3c,Demented,oasis1_comp_c535dfbcbf75,5,same_session+same_source_volume+same_subject
OAS1_0424,OAS1_0424_MR1,vol_430f69d0ad3c,Demented,oasis1_comp_c535dfbcbf75,5,same_session+same_source_volume+same_subject
OAS1_0424,OAS1_0424_MR1,vol_430f69d0ad3c,Demented,oasis1_comp_c535dfbcbf75,5,same_session+same_source_volume+same_subject
OAS1_0424,OAS1_0424_MR1,vol_430f69d0ad3c,Demented,oasis1_comp_c535dfbcbf75,5,same_session+same_source_volume+same_subject
OAS1_0424,OAS1_0424_MR1,vol_430f69d0ad3c,Demented,oasis1_comp_c535dfbcbf75,5,same_session+same_source_volume+same_subject
OAS1_0084,OAS1_0084_MR1,vol_25fa9ca19bbc,Demented,oasis1_comp_e878c86c9b57,5,same_session+same_source_volume+same_subject
OAS1_0084,OAS1_0084_MR1,vol_25fa9ca19bbc,Demented,oasis1_comp_e878c86c9b57,5,same_session+same_source_volume+same_subject
OAS1_0084,OAS1_0084_MR1,vol_25fa9ca19bbc,Demented,oasis1_comp_e878c86c9b57,5,same_session+same_source_volume+same_subject
OAS1_0084,OAS1_0084_MR1,vol_25fa9ca19bbc,Demented,oasis1_comp_e878c86c9b57,5,same_session+same_source_volume+same_subject
OAS1_0084,OAS1_0084_MR1,vol_25fa9ca19bbc,Demented,oasis1_comp_e878c86c9b57,5,same_session+same_source_volume+same_subject
OAS1_0362,OAS1_0362_MR1,vol_a68fcad15dc5,Demented,oasis1_comp_b8820f0ccb36,5,same_session+same_source_volume+same_subject
OAS1_0362,OAS1_0362_MR1,vol_a68fcad15dc5,Demented,oasis1_comp_b8820f0ccb36,5,same_session+same_source_volume+same_subject
OAS1_0362,OAS1_0362_MR1,vol_a68fcad15dc5,Demented,oasis1_comp_b8820f0ccb36,5,same_session+same_source_volume+same_subject
OAS1_0362,OAS1_0362_MR1,vol_a68fcad15dc5,Demented,oasis1_comp_b8820f0ccb36,5,same_session+same_source_volume+same_subject
OAS1_0362,OAS1_0362_MR1,vol_a68fcad15dc5,Demented,oasis1_comp_b8820f0ccb36,5,same_session+same_source_volume+same_subject
OAS1_0355,OAS1_0355_MR1,vol_e00fd5f561b2,NonDemented,oasis1_comp_7281d22083e6,5,same_session+same_source_volume+same_subject
OAS1_0355,OAS1_0355_MR1,vol_e00fd5f561b2,NonDemented,oasis1_comp_7281d22083e6,5,same_session+same_source_volume+same_subject
OAS1_0355,OAS1_0355_MR1,vol_e00fd5f561b2,NonDemented,oasis1_comp_7281d22083e6,5,same_session+same_source_volume+same_subject
OAS1_0355,OAS1_0355_MR1,vol_e00fd5f561b2,NonDemented,oasis1_comp_7281d22083e6,5,same_session+same_source_volume+same_subject
OAS1_0355,OAS1_0355_MR1,vol_e00fd5f561b2,NonDemented,oasis1_comp_7281d22083e6,5,same_session+same_source_volume+same_subject
OAS1_0132,OAS1_0132_MR1,vol_30b05c62fb77,label_missing,oasis1_comp_d3b4b149238d,5,same_session+same_source_volume+same_subject
OAS1_0132,OAS1_0132_MR1,vol_30b05c62fb77,label_missing,oasis1_comp_d3b4b149238d,5,same_session+same_source_volume+same_subject
OAS1_0132,OAS1_0132_MR1,vol_30b05c62fb77,label_missing,oasis1_comp_d3b4b149238d,5,same_session+same_source_volume+same_subject
OAS1_0132,OAS1_0132_MR1,vol_30b05c62fb77,label_missing,oasis1_comp_d3b4b149238d,5,same_session+same_source_volume+same_subject
OAS1_0132,OAS1_0132_MR1,vol_30b05c62fb77,label_missing,oasis1_comp_d3b4b149238d,5,same_session+same_source_volume+same_subject
OAS1_0015,OAS1_0015_MR1,vol_bf935221c819,Demented,oasis1_comp_85f892459d9e,5,same_session+same_source_volume+same_subject
OAS1_0015,OAS1_0015_MR1,vol_bf935221c819,Demented,oasis1_comp_85f892459d9e,5,same_session+same_source_volume+same_subject
OAS1_0015,OAS1_0015_MR1,vol_bf935221c819,Demented,oasis1_comp_85f892459d9e,5,same_session+same_source_volume+same_subject
OAS1_0015,OAS1_0015_MR1,vol_bf935221c819,Demented,oasis1_comp_85f892459d9e,5,same_session+same_source_volume+same_subject
OAS1_0015,OAS1_0015_MR1,vol_bf935221c819,Demented,oasis1_comp_85f892459d9e,5,same_session+same_source_volume+same_subject
OAS1_0305,OAS1_0305_MR1,vol_2a6288f47d1e,label_missing,oasis1_comp_6e524e9c7d93,5,same_session+same_source_volume+same_subject
OAS1_0305,OAS1_0305_MR1,vol_2a6288f47d1e,label_missing,oasis1_comp_6e524e9c7d93,5,same_session+same_source_volume+same_subject
OAS1_0305,OAS1_0305_MR1,vol_2a6288f47d1e,label_missing,oasis1_comp_6e524e9c7d93,5,same_session+same_source_volume+same_subject
OAS1_0305,OAS1_0305_MR1,vol_2a6288f47d1e,label_missing,oasis1_comp_6e524e9c7d93,5,same_session+same_source_volume+same_subject
OAS1_0305,OAS1_0305_MR1,vol_2a6288f47d1e,label_missing,oasis1_comp_6e524e9c7d93,5,same_session+same_source_volume+same_subject
