image_id_a,image_id_b,relative_path_a,relative_path_b,raw_class_label_a,raw_class_label_b,binary_label_a,binary_label_b,subject_id_a,subject_id_b,same_subject,same_raw_class,same_binary_label,dhash_hamming_distance,policy
img_5d5d10d83c26,img_1ca2a589a6f9,Alzheimer_MRI_4_classes_dataset/Alzheimer_MRI_4_classes_dataset/MildDemented/1 (13).jpg,Alzheimer_MRI_4_classes_dataset/Alzheimer_MRI_4_classes_dataset/MildDemented/2 (13).jpg,MildDemented,MildDemented,Demented,Demented,MildDemented_patient13,MildDemented_patient13,True,True,True,2,review_only_not_split_blocking
img_e58a6deb863c,img_b9d43baac777,Alzheimer_MRI_4_classes_dataset/Alzheimer_MRI_4_classes_dataset/MildDemented/1 (19).jpg,Alzheimer_MRI_4_classes_dataset/Alzheimer_MRI_4_classes_dataset/MildDemented/2 (19).jpg,MildDemented,MildDemented,Demented,Demented,MildDemented_patient19,MildDemented_patient19,True,True,True,2,review_only_not_split_blocking
img_df89b4f1194a,img_424c2b6aad41,Alzheimer_MRI_4_classes_dataset/Alzheimer_MRI_4_classes_dataset/MildDemented/1 (22).jpg,Alzheimer_MRI_4_classes_dataset/Alzheimer_MRI_4_classes_dataset/MildDemented/2 (22).jpg,MildDemented,MildDemented,Demented,Demented,MildDemented_patient22,MildDemented_patient22,True,True,True,3,review_only_not_split_blocking
img_e19d4b4d3bb4,img_556ad0ddb3da,Alzheimer_MRI_4_classes_dataset/Alzheimer_MRI_4_classes_dataset/MildDemented/1 (23).jpg,Alzheimer_MRI_4_classes_dataset/Alzheimer_MRI_4_classes_dataset/MildDemented/2 (23).jpg,MildDemented,MildDemented,Demented,Demented,MildDemented_patient23,MildDemented_patient23,True,True,True,4,review_only_not_split_blocking
img_230169a229b7,img_1005b3943559,Alzheimer_MRI_4_classes_dataset/Alzheimer_MRI_4_classes_dataset/MildDemented/1 (24).jpg,Alzheimer_MRI_4_classes_dataset/Alzheimer_MRI_4_classes_dataset/MildDemented/2 (24).jpg,MildDemented,MildDemented,Demented,Demented,MildDemented_patient24,MildDemented_patient24,True,True,True,4,review_only_not_split_blocking
img_1ab2a51a4e8f,img_18c35b73f7d9,Alzheimer_MRI_4_classes_dataset/Alzheimer_MRI_4_classes_dataset/MildDemented/1 (28).jpg,Alzheimer_MRI_4_classes_dataset/Alzheimer_MRI_4_classes_dataset/MildDemented/2 (28).jpg,MildDemented,MildDemented,Demented,Demented,MildDemented_patient28,MildDemented_patient28,True,True,True,4,review_only_not_split_blocking
img_b3ba6a25b84e,img_4ad68e5ee3af,Alzheimer_MRI_4_classes_dataset/Alzheimer_MRI_4_classes_dataset/MildDemented/1 (5).jpg,Alzheimer_MRI_4_classes_dataset/Alzheimer_MRI_4_classes_dataset/MildDemented/2 (5).jpg,MildDemented,MildDemented,Demented,Demented,MildDemented_patient5,MildDemented_patient5,True,True,True,3,review_only_not_split_blocking
img_0ed563c46bf0,img_4cd33fe9b555,Alzheimer_MRI_4_classes_dataset/Alzheimer_MRI_4_classes_dataset/MildDemented/1 (7).jpg,Alzheimer_MRI_4_classes_dataset/Alzheimer_MRI_4_classes_dataset/MildDemented/2 (7).jpg,MildDemented,MildDemented,Demented,Demented,MildDemented_patient7,MildDemented_patient7,True,True,True,2,review_only_not_split_blocking
img_7a9e2b0efe4b,img_d3b4d524ca01,Alzheimer_MRI_4_classes_dataset/Alzheimer_MRI_4_classes_dataset/MildDemented/1 (9).jpg,Alzheimer_MRI_4_classes_dataset/Alzheimer_MRI_4_classes_dataset/MildDemented/2 (9).jpg,MildDemented,MildDemented,Demented,Demented,MildDemented_patient9,MildDemented_patient9,True,True,True,3,review_only_not_split_blocking
img_17daf89474b7,img_ff01e1a1add7,Alzheimer_MRI_4_classes_dataset/Alzheimer_MRI_4_classes_dataset/MildDemented/1.jpg,Alzheimer_MRI_4_classes_dataset/Alzheimer_MRI_4_classes_dataset/MildDemented/2.jpg,MildDemented,MildDemented,Demented,Demented,MildDemented_unique_1_9990ad885693,MildDemented_unique_2_eb694e8b2da1,False,True,True,4,review_only_not_split_blocking
img_135a9eda69e2,img_28f7adb4eaef,Alzheimer_MRI_4_classes_dataset/Alzheimer_MRI_4_classes_dataset/MildDemented/10 (10).jpg,Alzheimer_MRI_4_classes_dataset/Alzheimer_MRI_4_classes_dataset/MildDemented/9 (10).jpg,MildDemented,MildDemented,Demented,Demented,MildDemented_patient10,MildDemented_patient10,True,True,True,3,review_only_not_split_blocking
img_bd8a11f001e7,img_c437508797c8,Alzheimer_MRI_4_classes_dataset/Alzheimer_MRI_4_classes_dataset/MildDemented/10 (12).jpg,Alzheimer_MRI_4_classes_dataset/Alzheimer_MRI_4_classes_dataset/MildDemented/11 (12).jpg,MildDemented,MildDemented,Demented,Demented,MildDemented_patient12,MildDemented_patient12,True,True,True,2,review_only_not_split_blocking
img_717882bf19c4,img_55f8f0bc4451,Alzheimer_MRI_4_classes_dataset/Alzheimer_MRI_4_classes_dataset/MildDemented/10 (16).jpg,Alzheimer_MRI_4_classes_dataset/Alzheimer_MRI_4_classes_dataset/MildDemented/9 (16).jpg,MildDemented,MildDemented,Demented,Demented,MildDemented_patient16,MildDemented_patient16,True,True,True,3,review_only_not_split_blocking
img_bd10b09630c5,img_30b40a5456df,Alzheimer_MRI_4_classes_dataset/Alzheimer_MRI_4_classes_dataset/MildDemented/10 (17).jpg,Alzheimer_MRI_4_classes_dataset/Alzheimer_MRI_4_classes_dataset/MildDemented/9 (17).jpg,MildDemented,MildDemented,Demented,Demented,MildDemented_patient17,MildDemented_patient17,True,True,True,3,review_only_not_split_blocking
img_dd259c1a2c96,img_1638c082b313,Alzheimer_MRI_4_classes_dataset/Alzheimer_MRI_4_classes_dataset/MildDemented/10 (19).jpg,Alzheimer_MRI_4_classes_dataset/Alzheimer_MRI_4_classes_dataset/MildDemented/11 (19).jpg,MildDemented,MildDemented,Demented,Demented,MildDemented_patient19,MildDemented_patient19,True,True,True,3,review_only_not_split_blocking
img_194b0f94dbae,img_17eca50b3073,Alzheimer_MRI_4_classes_dataset/Alzheimer_MRI_4_classes_dataset/MildDemented/10 (20).jpg,Alzheimer_MRI_4_classes_dataset/Alzheimer_MRI_4_classes_dataset/MildDemented/9 (20).jpg,MildDemented,MildDemented,Demented,Demented,MildDemented_patient20,MildDemented_patient20,True,True,True,4,review_only_not_split_blocking
img_532384f78480,img_06a34bb88e4c,Alzheimer_MRI_4_classes_dataset/Alzheimer_MRI_4_classes_dataset/MildDemented/10 (23).jpg,Alzheimer_MRI_4_classes_dataset/Alzheimer_MRI_4_classes_dataset/MildDemented/11 (23).jpg,MildDemented,MildDemented,Demented,Demented,MildDemented_patient23,MildDemented_patient23,True,True,True,4,review_only_not_split_blocking
img_cac1c8d8a159,img_bc48b4c0ac2c,Alzheimer_MRI_4_classes_dataset/Alzheimer_MRI_4_classes_dataset/MildDemented/10 (25).jpg,Alzheimer_MRI_4_classes_dataset/Alzheimer_MRI_4_classes_dataset/MildDemented/11 (25).jpg,MildDemented,MildDemented,Demented,Demented,MildDemented_patient25,MildDemented_patient25,True,True,True,4,review_only_not_split_blocking
img_a28c5c57e727,img_ec298aafae79,Alzheimer_MRI_4_classes_dataset/Alzheimer_MRI_4_classes_dataset/MildDemented/10 (26).jpg,Alzheimer_MRI_4_classes_dataset/Alzheimer_MRI_4_classes_dataset/MildDemented/11 (26).jpg,MildDemented,MildDemented,Demented,Demented,MildDemented_patient26,MildDemented_patient26,True,True,True,4,review_only_not_split_blocking
img_4b3b2de87472,img_3b923a6eab90,Alzheimer_MRI_4_classes_dataset/Alzheimer_MRI_4_classes_dataset/MildDemented/10 (27).jpg,Alzheimer_MRI_4_classes_dataset/Alzheimer_MRI_4_classes_dataset/MildDemented/9 (27).jpg,MildDemented,MildDemented,Demented,Demented,MildDemented_patient27,MildDemented_patient27,True,True,True,4,review_only_not_split_blocking
img_5c6e3660bf16,img_9b52b798d7ba,Alzheimer_MRI_4_classes_dataset/Alzheimer_MRI_4_classes_dataset/MildDemented/10 (9).jpg,Alzheimer_MRI_4_classes_dataset/Alzheimer_MRI_4_classes_dataset/MildDemented/9 (9).jpg,MildDemented,MildDemented,Demented,Demented,MildDemented_patient9,MildDemented_patient9,True,True,True,2,review_only_not_split_blocking
img_380c2bf91485,img_5582c7250e41,Alzheimer_MRI_4_classes_dataset/Alzheimer_MRI_4_classes_dataset/MildDemented/10.jpg,Alzheimer_MRI_4_classes_dataset/Alzheimer_MRI_4_classes_dataset/MildDemented/11.jpg,MildDemented,MildDemented,Demented,Demented,MildDemented_unique_10_2aa2e93ce754,MildDemented_unique_11_05a2b845571d,False,True,True,4,review_only_not_split_blocking
img_c437508797c8,img_7e8d2e8bbb78,Alzheimer_MRI_4_classes_dataset/Alzheimer_MRI_4_classes_dataset/MildDemented/11 (12).jpg,Alzheimer_MRI_4_classes_dataset/Alzheimer_MRI_4_classes_dataset/MildDemented/12 (12).jpg,MildDemented,MildDemented,Demented,Demented,MildDemented_patient12,MildDemented_patient12,True,True,True,4,review_only_not_split_blocking
img_8f256569c390,img_058b13e060ec,Alzheimer_MRI_4_classes_dataset/Alzheimer_MRI_4_classes_dataset/MildDemented/11 (16).jpg,Alzheimer_MRI_4_classes_dataset/Alzheimer_MRI_4_classes_dataset/MildDemented/12 (16).jpg,MildDemented,MildDemented,Demented,Demented,MildDemented_patient16,MildDemented_patient16,True,True,True,4,review_only_not_split_blocking
img_b2e8dd328a9c,img_dd4d13f8dedc,Alzheimer_MRI_4_classes_dataset/Alzheimer_MRI_4_classes_dataset/MildDemented/11 (18).jpg,Alzheimer_MRI_4_classes_dataset/Alzheimer_MRI_4_classes_dataset/MildDemented/12 (18).jpg,MildDemented,MildDemented,Demented,Demented,MildDemented_patient18,MildDemented_patient18,True,True,True,3,review_only_not_split_blocking
img_1638c082b313,img_9b83183996d0,Alzheimer_MRI_4_classes_dataset/Alzheimer_MRI_4_classes_dataset/MildDemented/11 (19).jpg,Alzheimer_MRI_4_classes_dataset/Alzheimer_MRI_4_classes_dataset/MildDemented/12 (19).jpg,MildDemented,MildDemented,Demented,Demented,MildDemented_patient19,MildDemented_patient19,True,True,True,3,review_only_not_split_blocking
img_6ddd86f07ebc,img_65921d124aa2,Alzheimer_MRI_4_classes_dataset/Alzheimer_MRI_4_classes_dataset/MildDemented/11 (21).jpg,Alzheimer_MRI_4_classes_dataset/Alzheimer_MRI_4_classes_dataset/MildDemented/12 (21).jpg,MildDemented,MildDemented,Demented,Demented,MildDemented_patient21,MildDemented_patient21,True,True,True,3,review_only_not_split_blocking
img_6f48a4d8e6e6,img_957dba20188c,Alzheimer_MRI_4_classes_dataset/Alzheimer_MRI_4_classes_dataset/MildDemented/11 (22).jpg,Alzheimer_MRI_4_classes_dataset/Alzheimer_MRI_4_classes_dataset/MildDemented/12 (22).jpg,MildDemented,MildDemented,Demented,Demented,MildDemented_patient22,MildDemented_patient22,True,True,True,3,review_only_not_split_blocking
img_c61a9e400cfb,img_bcd2f5d563f0,Alzheimer_MRI_4_classes_dataset/Alzheimer_MRI_4_classes_dataset/MildDemented/11 (24).jpg,Alzheimer_MRI_4_classes_dataset/Alzheimer_MRI_4_classes_dataset/MildDemented/12 (24).jpg,MildDemented,MildDemented,Demented,Demented,MildDemented_patient24,MildDemented_patient24,True,True,True,2,review_only_not_split_blocking
img_ec298aafae79,img_ef1194ac6420,Alzheimer_MRI_4_classes_dataset/Alzheimer_MRI_4_classes_dataset/MildDemented/11 (26).jpg,Alzheimer_MRI_4_classes_dataset/Alzheimer_MRI_4_classes_dataset/MildDemented/12 (26).jpg,MildDemented,MildDemented,Demented,Demented,MildDemented_patient26,MildDemented_patient26,True,True,True,3,review_only_not_split_blocking
img_d561bd7da13a,img_cee67d772caf,Alzheimer_MRI_4_classes_dataset/Alzheimer_MRI_4_classes_dataset/MildDemented/11 (27).jpg,Alzheimer_MRI_4_classes_dataset/Alzheimer_MRI_4_classes_dataset/MildDemented/12 (27).jpg,MildDemented,MildDemented,Demented,Demented,MildDemented_patient27,MildDemented_patient27,True,True,True,1,review_only_not_split_blocking
img_a83e6fffe646,img_b21dea83d8d2,Alzheimer_MRI_4_classes_dataset/Alzheimer_MRI_4_classes_dataset/MildDemented/11 (28).jpg,Alzheimer_MRI_4_classes_dataset/Alzheimer_MRI_4_classes_dataset/MildDemented/12 (28).jpg,MildDemented,MildDemented,Demented,Demented,MildDemented_patient28,MildDemented_patient28,True,True,True,2,review_only_not_split_blocking
img_c389fe65af48,img_71aa6f9f634d,Alzheimer_MRI_4_classes_dataset/Alzheimer_MRI_4_classes_dataset/MildDemented/11 (9).jpg,Alzheimer_MRI_4_classes_dataset/Alzheimer_MRI_4_classes_dataset/MildDemented/12 (9).jpg,MildDemented,MildDemented,Demented,Demented,MildDemented_patient9,MildDemented_patient9,True,True,True,4,review_only_not_split_blocking
img_00216f106569,img_13092d5322e8,Alzheimer_MRI_4_classes_dataset/Alzheimer_MRI_4_classes_dataset/MildDemented/12 (11).jpg,Alzheimer_MRI_4_classes_dataset/Alzheimer_MRI_4_classes_dataset/MildDemented/13 (11).jpg,MildDemented,MildDemented,Demented,Demented,MildDemented_patient11,MildDemented_patient11,True,True,True,3,review_only_not_split_blocking
img_9b83183996d0,img_14c6b19c896a,Alzheimer_MRI_4_classes_dataset/Alzheimer_MRI_4_classes_dataset/MildDemented/12 (19).jpg,Alzheimer_MRI_4_classes_dataset/Alzheimer_MRI_4_classes_dataset/MildDemented/13 (19).jpg,MildDemented,MildDemented,Demented,Demented,MildDemented_patient19,MildDemented_patient19,True,True,True,2,review_only_not_split_blocking
img_04a0769855fb,img_4b48b768e8b4,Alzheimer_MRI_4_classes_dataset/Alzheimer_MRI_4_classes_dataset/MildDemented/12 (3).jpg,Alzheimer_MRI_4_classes_dataset/Alzheimer_MRI_4_classes_dataset/MildDemented/13 (3).jpg,MildDemented,MildDemented,Demented,Demented,MildDemented_patient3,MildDemented_patient3,True,True,True,4,review_only_not_split_blocking
img_187e9ce93993,img_29995b3e0c29,Alzheimer_MRI_4_classes_dataset/Alzheimer_MRI_4_classes_dataset/MildDemented/12 (6).jpg,Alzheimer_MRI_4_classes_dataset/Alzheimer_MRI_4_classes_dataset/MildDemented/13 (6).jpg,MildDemented,MildDemented,Demented,Demented,MildDemented_patient6,MildDemented_patient6,True,True,True,2,review_only_not_split_blocking
img_87f78b2ea16f,img_5a63e8276c69,Alzheimer_MRI_4_classes_dataset/Alzheimer_MRI_4_classes_dataset/MildDemented/12 (7).jpg,Alzheimer_MRI_4_classes_dataset/Alzheimer_MRI_4_classes_dataset/MildDemented/13 (7).jpg,MildDemented,MildDemented,Demented,Demented,MildDemented_patient7,MildDemented_patient7,True,True,True,4,review_only_not_split_blocking
img_18637882869b,img_f7625a793672,Alzheimer_MRI_4_classes_dataset/Alzheimer_MRI_4_classes_dataset/MildDemented/12 (8).jpg,Alzheimer_MRI_4_classes_dataset/Alzheimer_MRI_4_classes_dataset/MildDemented/13 (8).jpg,MildDemented,MildDemented,Demented,Demented,MildDemented_patient8,MildDemented_patient8,True,True,True,4,review_only_not_split_blocking
img_446a9021d0ce,img_3a04a4ee902f,Alzheimer_MRI_4_classes_dataset/Alzheimer_MRI_4_classes_dataset/MildDemented/12.jpg,Alzheimer_MRI_4_classes_dataset/Alzheimer_MRI_4_classes_dataset/MildDemented/13.jpg,MildDemented,MildDemented,Demented,Demented,MildDemented_unique_12_e6974b076810,MildDemented_unique_13_5da7e09afe60,False,True,True,4,review_only_not_split_blocking
img_55f73aef87cf,img_dde3eafad0b4,Alzheimer_MRI_4_classes_dataset/Alzheimer_MRI_4_classes_dataset/MildDemented/13 (18).jpg,Alzheimer_MRI_4_classes_dataset/Alzheimer_MRI_4_classes_dataset/MildDemented/14 (18).jpg,MildDemented,MildDemented,Demented,Demented,MildDemented_patient18,MildDemented_patient18,True,True,True,4,review_only_not_split_blocking
img_03e726bce7af,img_9d2d32f63033,Alzheimer_MRI_4_classes_dataset/Alzheimer_MRI_4_classes_dataset/MildDemented/13 (20).jpg,Alzheimer_MRI_4_classes_dataset/Alzheimer_MRI_4_classes_dataset/MildDemented/14 (20).jpg,MildDemented,MildDemented,Demented,Demented,MildDemented_patient20,MildDemented_patient20,True,True,True,1,review_only_not_split_blocking
img_e1766884e4d6,img_364db046a3e3,Alzheimer_MRI_4_classes_dataset/Alzheimer_MRI_4_classes_dataset/MildDemented/13 (21).jpg,Alzheimer_MRI_4_classes_dataset/Alzheimer_MRI_4_classes_dataset/MildDemented/14 (21).jpg,MildDemented,MildDemented,Demented,Demented,MildDemented_patient21,MildDemented_patient21,True,True,True,3,review_only_not_split_blocking
img_4b48b768e8b4,img_40ebe8e397b9,Alzheimer_MRI_4_classes_dataset/Alzheimer_MRI_4_classes_dataset/MildDemented/13 (3).jpg,Alzheimer_MRI_4_classes_dataset/Alzheimer_MRI_4_classes_dataset/MildDemented/14 (3).jpg,MildDemented,MildDemented,Demented,Demented,MildDemented_patient3,MildDemented_patient3,True,True,True,2,review_only_not_split_blocking
img_d6a9b678f714,img_2fc119bca3da,Alzheimer_MRI_4_classes_dataset/Alzheimer_MRI_4_classes_dataset/MildDemented/13 (4).jpg,Alzheimer_MRI_4_classes_dataset/Alzheimer_MRI_4_classes_dataset/MildDemented/14 (4).jpg,MildDemented,MildDemented,Demented,Demented,MildDemented_patient4,MildDemented_patient4,True,True,True,3,review_only_not_split_blocking
img_5a63e8276c69,img_84617e341413,Alzheimer_MRI_4_classes_dataset/Alzheimer_MRI_4_classes_dataset/MildDemented/13 (7).jpg,Alzheimer_MRI_4_classes_dataset/Alzheimer_MRI_4_classes_dataset/MildDemented/14 (7).jpg,MildDemented,MildDemented,Demented,Demented,MildDemented_patient7,MildDemented_patient7,True,True,True,4,review_only_not_split_blocking
img_d92025bd2d88,img_89e1bb3e137c,Alzheimer_MRI_4_classes_dataset/Alzheimer_MRI_4_classes_dataset/MildDemented/14 (13).jpg,Alzheimer_MRI_4_classes_dataset/Alzheimer_MRI_4_classes_dataset/MildDemented/15 (13).jpg,MildDemented,MildDemented,Demented,Demented,MildDemented_patient13,MildDemented_patient13,True,True,True,3,review_only_not_split_blocking
img_87a048f41cb7,img_0d14c4366d64,Alzheimer_MRI_4_classes_dataset/Alzheimer_MRI_4_classes_dataset/MildDemented/14 (14).jpg,Alzheimer_MRI_4_classes_dataset/Alzheimer_MRI_4_classes_dataset/MildDemented/15 (14).jpg,MildDemented,MildDemented,Demented,Demented,MildDemented_patient14,MildDemented_patient14,True,True,True,3,review_only_not_split_blocking
img_8e5bd50e4d09,img_89676dca24e2,Alzheimer_MRI_4_classes_dataset/Alzheimer_MRI_4_classes_dataset/MildDemented/14 (17).jpg,Alzheimer_MRI_4_classes_dataset/Alzheimer_MRI_4_classes_dataset/MildDemented/15 (17).jpg,MildDemented,MildDemented,Demented,Demented,MildDemented_patient17,MildDemented_patient17,True,True,True,4,review_only_not_split_blocking
img_dde3eafad0b4,img_614f91b1327a,Alzheimer_MRI_4_classes_dataset/Alzheimer_MRI_4_classes_dataset/MildDemented/14 (18).jpg,Alzheimer_MRI_4_classes_dataset/Alzheimer_MRI_4_classes_dataset/MildDemented/15 (18).jpg,MildDemented,MildDemented,Demented,Demented,MildDemented_patient18,MildDemented_patient18,True,True,True,4,review_only_not_split_blocking
img_9d2d32f63033,img_3d556868534e,Alzheimer_MRI_4_classes_dataset/Alzheimer_MRI_4_classes_dataset/MildDemented/14 (20).jpg,Alzheimer_MRI_4_classes_dataset/Alzheimer_MRI_4_classes_dataset/MildDemented/15 (20).jpg,MildDemented,MildDemented,Demented,Demented,MildDemented_patient20,MildDemented_patient20,True,True,True,4,review_only_not_split_blocking
img_6fafe72f969e,img_9631e1c4a8d9,Alzheimer_MRI_4_classes_dataset/Alzheimer_MRI_4_classes_dataset/MildDemented/14 (28).jpg,Alzheimer_MRI_4_classes_dataset/Alzheimer_MRI_4_classes_dataset/MildDemented/15 (28).jpg,MildDemented,MildDemented,Demented,Demented,MildDemented_patient28,MildDemented_patient28,True,True,True,2,review_only_not_split_blocking
img_40ebe8e397b9,img_5d3c42dabe51,Alzheimer_MRI_4_classes_dataset/Alzheimer_MRI_4_classes_dataset/MildDemented/14 (3).jpg,Alzheimer_MRI_4_classes_dataset/Alzheimer_MRI_4_classes_dataset/MildDemented/15 (3).jpg,MildDemented,MildDemented,Demented,Demented,MildDemented_patient3,MildDemented_patient3,True,True,True,4,review_only_not_split_blocking
img_84617e341413,img_aeb33a748d77,Alzheimer_MRI_4_classes_dataset/Alzheimer_MRI_4_classes_dataset/MildDemented/14 (7).jpg,Alzheimer_MRI_4_classes_dataset/Alzheimer_MRI_4_classes_dataset/MildDemented/15 (7).jpg,MildDemented,MildDemented,Demented,Demented,MildDemented_patient7,MildDemented_patient7,True,True,True,3,review_only_not_split_blocking
img_6e8348137b7a,img_5f6f2da3e074,Alzheimer_MRI_4_classes_dataset/Alzheimer_MRI_4_classes_dataset/MildDemented/14 (9).jpg,Alzheimer_MRI_4_classes_dataset/Alzheimer_MRI_4_classes_dataset/MildDemented/15 (9).jpg,MildDemented,MildDemented,Demented,Demented,MildDemented_patient9,MildDemented_patient9,True,True,True,3,review_only_not_split_blocking
img_dea83c388cb3,img_cddfe5edf51b,Alzheimer_MRI_4_classes_dataset/Alzheimer_MRI_4_classes_dataset/MildDemented/15 (21).jpg,Alzheimer_MRI_4_classes_dataset/Alzheimer_MRI_4_classes_dataset/MildDemented/16 (21).jpg,MildDemented,MildDemented,Demented,Demented,MildDemented_patient21,MildDemented_patient21,True,True,True,3,review_only_not_split_blocking
img_3fdab8aebf7b,img_d17ed5f54eac,Alzheimer_MRI_4_classes_dataset/Alzheimer_MRI_4_classes_dataset/MildDemented/15 (23).jpg,Alzheimer_MRI_4_classes_dataset/Alzheimer_MRI_4_classes_dataset/MildDemented/16 (23).jpg,MildDemented,MildDemented,Demented,Demented,MildDemented_patient23,MildDemented_patient23,True,True,True,2,review_only_not_split_blocking
img_f14c2b03e9c1,img_133694cff4c4,Alzheimer_MRI_4_classes_dataset/Alzheimer_MRI_4_classes_dataset/MildDemented/15 (24).jpg,Alzheimer_MRI_4_classes_dataset/Alzheimer_MRI_4_classes_dataset/MildDemented/16 (24).jpg,MildDemented,MildDemented,Demented,Demented,MildDemented_patient24,MildDemented_patient24,True,True,True,3,review_only_not_split_blocking
img_7b8b8b946f3b,img_51f1fb628cee,Alzheimer_MRI_4_classes_dataset/Alzheimer_MRI_4_classes_dataset/MildDemented/15 (27).jpg,Alzheimer_MRI_4_classes_dataset/Alzheimer_MRI_4_classes_dataset/MildDemented/16 (27).jpg,MildDemented,MildDemented,Demented,Demented,MildDemented_patient27,MildDemented_patient27,True,True,True,3,review_only_not_split_blocking
img_5dec091f3dd7,img_9ace647a6b56,Alzheimer_MRI_4_classes_dataset/Alzheimer_MRI_4_classes_dataset/MildDemented/15 (8).jpg,Alzheimer_MRI_4_classes_dataset/Alzheimer_MRI_4_classes_dataset/MildDemented/16 (8).jpg,MildDemented,MildDemented,Demented,Demented,MildDemented_patient8,MildDemented_patient8,True,True,True,4,review_only_not_split_blocking
img_5f6f2da3e074,img_155053be80b6,Alzheimer_MRI_4_classes_dataset/Alzheimer_MRI_4_classes_dataset/MildDemented/15 (9).jpg,Alzheimer_MRI_4_classes_dataset/Alzheimer_MRI_4_classes_dataset/MildDemented/16 (9).jpg,MildDemented,MildDemented,Demented,Demented,MildDemented_patient9,MildDemented_patient9,True,True,True,3,review_only_not_split_blocking
img_c9c4b4bee473,img_624d377297b3,Alzheimer_MRI_4_classes_dataset/Alzheimer_MRI_4_classes_dataset/MildDemented/15.jpg,Alzheimer_MRI_4_classes_dataset/Alzheimer_MRI_4_classes_dataset/MildDemented/16.jpg,MildDemented,MildDemented,Demented,Demented,MildDemented_unique_15_9ff22b985811,MildDemented_unique_16_d5af552c5f13,False,True,True,3,review_only_not_split_blocking
img_d5334a3b4f89,img_80fba1af39ae,Alzheimer_MRI_4_classes_dataset/Alzheimer_MRI_4_classes_dataset/MildDemented/16 (10).jpg,Alzheimer_MRI_4_classes_dataset/Alzheimer_MRI_4_classes_dataset/MildDemented/17 (10).jpg,MildDemented,MildDemented,Demented,Demented,MildDemented_patient10,MildDemented_patient10,True,True,True,4,review_only_not_split_blocking
img_f460330ee92f,img_d6f503df4bc8,Alzheimer_MRI_4_classes_dataset/Alzheimer_MRI_4_classes_dataset/MildDemented/16 (16).jpg,Alzheimer_MRI_4_classes_dataset/Alzheimer_MRI_4_classes_dataset/MildDemented/17 (16).jpg,MildDemented,MildDemented,Demented,Demented,MildDemented_patient16,MildDemented_patient16,True,True,True,3,review_only_not_split_blocking
img_4bfb62347f17,img_3ef0d1c30af0,Alzheimer_MRI_4_classes_dataset/Alzheimer_MRI_4_classes_dataset/MildDemented/16 (17).jpg,Alzheimer_MRI_4_classes_dataset/Alzheimer_MRI_4_classes_dataset/MildDemented/17 (17).jpg,MildDemented,MildDemented,Demented,Demented,MildDemented_patient17,MildDemented_patient17,True,True,True,3,review_only_not_split_blocking
img_17ef4ca9ccb0,img_563a47d34a0d,Alzheimer_MRI_4_classes_dataset/Alzheimer_MRI_4_classes_dataset/MildDemented/16 (19).jpg,Alzheimer_MRI_4_classes_dataset/Alzheimer_MRI_4_classes_dataset/MildDemented/17 (19).jpg,MildDemented,MildDemented,Demented,Demented,MildDemented_patient19,MildDemented_patient19,True,True,True,3,review_only_not_split_blocking
img_00bc4502638e,img_5b5be262dd8e,Alzheimer_MRI_4_classes_dataset/Alzheimer_MRI_4_classes_dataset/MildDemented/16 (25).jpg,Alzheimer_MRI_4_classes_dataset/Alzheimer_MRI_4_classes_dataset/MildDemented/17 (25).jpg,MildDemented,MildDemented,Demented,Demented,MildDemented_patient25,MildDemented_patient25,True,True,True,4,review_only_not_split_blocking
img_b0ca3a407518,img_667ec9304463,Alzheimer_MRI_4_classes_dataset/Alzheimer_MRI_4_classes_dataset/MildDemented/16 (3).jpg,Alzheimer_MRI_4_classes_dataset/Alzheimer_MRI_4_classes_dataset/MildDemented/17 (3).jpg,MildDemented,MildDemented,Demented,Demented,MildDemented_patient3,MildDemented_patient3,True,True,True,3,review_only_not_split_blocking
img_30787563c5cb,img_e618386f23cb,Alzheimer_MRI_4_classes_dataset/Alzheimer_MRI_4_classes_dataset/MildDemented/16 (4).jpg,Alzheimer_MRI_4_classes_dataset/Alzheimer_MRI_4_classes_dataset/MildDemented/17 (4).jpg,MildDemented,MildDemented,Demented,Demented,MildDemented_patient4,MildDemented_patient4,True,True,True,4,review_only_not_split_blocking
img_155053be80b6,img_8b26cfe23896,Alzheimer_MRI_4_classes_dataset/Alzheimer_MRI_4_classes_dataset/MildDemented/16 (9).jpg,Alzheimer_MRI_4_classes_dataset/Alzheimer_MRI_4_classes_dataset/MildDemented/17 (9).jpg,MildDemented,MildDemented,Demented,Demented,MildDemented_patient9,MildDemented_patient9,True,True,True,4,review_only_not_split_blocking
img_624d377297b3,img_baa7bcbfd87e,Alzheimer_MRI_4_classes_dataset/Alzheimer_MRI_4_classes_dataset/MildDemented/16.jpg,Alzheimer_MRI_4_classes_dataset/Alzheimer_MRI_4_classes_dataset/MildDemented/17.jpg,MildDemented,MildDemented,Demented,Demented,MildDemented_unique_16_d5af552c5f13,MildDemented_unique_17_bf4a98fc4794,False,True,True,4,review_only_not_split_blocking
img_80fba1af39ae,img_c7061ed8495f,Alzheimer_MRI_4_classes_dataset/Alzheimer_MRI_4_classes_dataset/MildDemented/17 (10).jpg,Alzheimer_MRI_4_classes_dataset/Alzheimer_MRI_4_classes_dataset/MildDemented/18 (10).jpg,MildDemented,MildDemented,Demented,Demented,MildDemented_patient10,MildDemented_patient10,True,True,True,4,review_only_not_split_blocking
img_ca0d8f056387,img_39765f56c697,Alzheimer_MRI_4_classes_dataset/Alzheimer_MRI_4_classes_dataset/MildDemented/17 (14).jpg,Alzheimer_MRI_4_classes_dataset/Alzheimer_MRI_4_classes_dataset/MildDemented/18 (14).jpg,MildDemented,MildDemented,Demented,Demented,MildDemented_patient14,MildDemented_patient14,True,True,True,3,review_only_not_split_blocking
img_1d86a142f9e5,img_0ecc97f32c95,Alzheimer_MRI_4_classes_dataset/Alzheimer_MRI_4_classes_dataset/MildDemented/17 (21).jpg,Alzheimer_MRI_4_classes_dataset/Alzheimer_MRI_4_classes_dataset/MildDemented/18 (21).jpg,MildDemented,MildDemented,Demented,Demented,MildDemented_patient21,MildDemented_patient21,True,True,True,3,review_only_not_split_blocking
img_1d86a142f9e5,img_d6bb4506e49e,Alzheimer_MRI_4_classes_dataset/Alzheimer_MRI_4_classes_dataset/MildDemented/17 (21).jpg,Alzheimer_MRI_4_classes_dataset/Alzheimer_MRI_4_classes_dataset/VeryMildDemented/16 (5).jpg,MildDemented,VeryMildDemented,Demented,Demented,MildDemented_patient21,VeryMildDemented_patient5,False,False,True,4,review_only_not_split_blocking
img_e6ae0620809b,img_c9f5352d615b,Alzheimer_MRI_4_classes_dataset/Alzheimer_MRI_4_classes_dataset/MildDemented/17 (24).jpg,Alzheimer_MRI_4_classes_dataset/Alzheimer_MRI_4_classes_dataset/MildDemented/18 (24).jpg,MildDemented,MildDemented,Demented,Demented,MildDemented_patient24,MildDemented_patient24,True,True,True,3,review_only_not_split_blocking
img_5b5be262dd8e,img_db28d07b7461,Alzheimer_MRI_4_classes_dataset/Alzheimer_MRI_4_classes_dataset/MildDemented/17 (25).jpg,Alzheimer_MRI_4_classes_dataset/Alzheimer_MRI_4_classes_dataset/MildDemented/18 (25).jpg,MildDemented,MildDemented,Demented,Demented,MildDemented_patient25,MildDemented_patient25,True,True,True,3,review_only_not_split_blocking
img_5a3a13660101,img_ec0adc52be42,Alzheimer_MRI_4_classes_dataset/Alzheimer_MRI_4_classes_dataset/MildDemented/17 (26).jpg,Alzheimer_MRI_4_classes_dataset/Alzheimer_MRI_4_classes_dataset/MildDemented/18 (26).jpg,MildDemented,MildDemented,Demented,Demented,MildDemented_patient26,MildDemented_patient26,True,True,True,2,review_only_not_split_blocking
img_c9192e543f5c,img_a82e355a3e2f,Alzheimer_MRI_4_classes_dataset/Alzheimer_MRI_4_classes_dataset/MildDemented/17 (5).jpg,Alzheimer_MRI_4_classes_dataset/Alzheimer_MRI_4_classes_dataset/MildDemented/18 (5).jpg,MildDemented,MildDemented,Demented,Demented,MildDemented_patient5,MildDemented_patient5,True,True,True,4,review_only_not_split_blocking
img_8b26cfe23896,img_1f2368de2c78,Alzheimer_MRI_4_classes_dataset/Alzheimer_MRI_4_classes_dataset/MildDemented/17 (9).jpg,Alzheimer_MRI_4_classes_dataset/Alzheimer_MRI_4_classes_dataset/MildDemented/18 (9).jpg,MildDemented,MildDemented,Demented,Demented,MildDemented_patient9,MildDemented_patient9,True,True,True,4,review_only_not_split_blocking
img_39765f56c697,img_4064ffb05170,Alzheimer_MRI_4_classes_dataset/Alzheimer_MRI_4_classes_dataset/MildDemented/18 (14).jpg,Alzheimer_MRI_4_classes_dataset/Alzheimer_MRI_4_classes_dataset/MildDemented/19 (14).jpg,MildDemented,MildDemented,Demented,Demented,MildDemented_patient14,MildDemented_patient14,True,True,True,4,review_only_not_split_blocking
img_f7e79d30a93e,img_4e89e2ae3027,Alzheimer_MRI_4_classes_dataset/Alzheimer_MRI_4_classes_dataset/MildDemented/18 (15).jpg,Alzheimer_MRI_4_classes_dataset/Alzheimer_MRI_4_classes_dataset/MildDemented/19 (15).jpg,MildDemented,MildDemented,Demented,Demented,MildDemented_patient15,MildDemented_patient15,True,True,True,3,review_only_not_split_blocking
img_db28d07b7461,img_556306d5f409,Alzheimer_MRI_4_classes_dataset/Alzheimer_MRI_4_classes_dataset/MildDemented/18 (25).jpg,Alzheimer_MRI_4_classes_dataset/Alzheimer_MRI_4_classes_dataset/MildDemented/19 (25).jpg,MildDemented,MildDemented,Demented,Demented,MildDemented_patient25,MildDemented_patient25,True,True,True,2,review_only_not_split_blocking
img_747384c75bc2,img_62ebeb962110,Alzheimer_MRI_4_classes_dataset/Alzheimer_MRI_4_classes_dataset/MildDemented/18 (6).jpg,Alzheimer_MRI_4_classes_dataset/Alzheimer_MRI_4_classes_dataset/MildDemented/19 (6).jpg,MildDemented,MildDemented,Demented,Demented,MildDemented_patient6,MildDemented_patient6,True,True,True,4,review_only_not_split_blocking
img_28f874a0b392,img_56d43b60c739,Alzheimer_MRI_4_classes_dataset/Alzheimer_MRI_4_classes_dataset/MildDemented/18.jpg,Alzheimer_MRI_4_classes_dataset/Alzheimer_MRI_4_classes_dataset/MildDemented/19.jpg,MildDemented,MildDemented,Demented,Demented,MildDemented_unique_18_e2e1f4a644f2,MildDemented_unique_19_bb07ba7af806,False,True,True,1,review_only_not_split_blocking
img_4720ea6efb18,img_529063a833ca,Alzheimer_MRI_4_classes_dataset/Alzheimer_MRI_4_classes_dataset/MildDemented/19 (10).jpg,Alzheimer_MRI_4_classes_dataset/Alzheimer_MRI_4_classes_dataset/MildDemented/20 (10).jpg,MildDemented,MildDemented,Demented,Demented,MildDemented_patient10,MildDemented_patient10,True,True,True,4,review_only_not_split_blocking
img_4064ffb05170,img_58491cd48aff,Alzheimer_MRI_4_classes_dataset/Alzheimer_MRI_4_classes_dataset/MildDemented/19 (14).jpg,Alzheimer_MRI_4_classes_dataset/Alzheimer_MRI_4_classes_dataset/MildDemented/20 (14).jpg,MildDemented,MildDemented,Demented,Demented,MildDemented_patient14,MildDemented_patient14,True,True,True,3,review_only_not_split_blocking
img_093ffb9cdaaa,img_e1e0c615f651,Alzheimer_MRI_4_classes_dataset/Alzheimer_MRI_4_classes_dataset/MildDemented/19 (19).jpg,Alzheimer_MRI_4_classes_dataset/Alzheimer_MRI_4_classes_dataset/MildDemented/20 (19).jpg,MildDemented,MildDemented,Demented,Demented,MildDemented_patient19,MildDemented_patient19,True,True,True,4,review_only_not_split_blocking
img_706a54d716fe,img_1898c0dab80a,Alzheimer_MRI_4_classes_dataset/Alzheimer_MRI_4_classes_dataset/MildDemented/19 (21).jpg,Alzheimer_MRI_4_classes_dataset/Alzheimer_MRI_4_classes_dataset/MildDemented/20 (21).jpg,MildDemented,MildDemented,Demented,Demented,MildDemented_patient21,MildDemented_patient21,True,True,True,1,review_only_not_split_blocking
img_7d36a2e710c3,img_f78aca3132f8,Alzheimer_MRI_4_classes_dataset/Alzheimer_MRI_4_classes_dataset/MildDemented/19 (24).jpg,Alzheimer_MRI_4_classes_dataset/Alzheimer_MRI_4_classes_dataset/MildDemented/20 (24).jpg,MildDemented,MildDemented,Demented,Demented,MildDemented_patient24,MildDemented_patient24,True,True,True,4,review_only_not_split_blocking
img_fb4d7be7970c,img_aca552d07349,Alzheimer_MRI_4_classes_dataset/Alzheimer_MRI_4_classes_dataset/MildDemented/19 (28).jpg,Alzheimer_MRI_4_classes_dataset/Alzheimer_MRI_4_classes_dataset/MildDemented/20 (28).jpg,MildDemented,MildDemented,Demented,Demented,MildDemented_patient28,MildDemented_patient28,True,True,True,3,review_only_not_split_blocking
img_6150d61f235f,img_75c0b2dbd7ec,Alzheimer_MRI_4_classes_dataset/Alzheimer_MRI_4_classes_dataset/MildDemented/19 (7).jpg,Alzheimer_MRI_4_classes_dataset/Alzheimer_MRI_4_classes_dataset/MildDemented/20 (7).jpg,MildDemented,MildDemented,Demented,Demented,MildDemented_patient7,MildDemented_patient7,True,True,True,0,review_only_not_split_blocking
img_9f7abf96ff02,img_e8d7c4b20f9b,Alzheimer_MRI_4_classes_dataset/Alzheimer_MRI_4_classes_dataset/MildDemented/2 (18).jpg,Alzheimer_MRI_4_classes_dataset/Alzheimer_MRI_4_classes_dataset/MildDemented/3 (18).jpg,MildDemented,MildDemented,Demented,Demented,MildDemented_patient18,MildDemented_patient18,True,True,True,2,review_only_not_split_blocking
img_556ad0ddb3da,img_8c45404d13a6,Alzheimer_MRI_4_classes_dataset/Alzheimer_MRI_4_classes_dataset/MildDemented/2 (23).jpg,Alzheimer_MRI_4_classes_dataset/Alzheimer_MRI_4_classes_dataset/MildDemented/3 (23).jpg,MildDemented,MildDemented,Demented,Demented,MildDemented_patient23,MildDemented_patient23,True,True,True,4,review_only_not_split_blocking
img_1005b3943559,img_8b9bd54ab2a8,Alzheimer_MRI_4_classes_dataset/Alzheimer_MRI_4_classes_dataset/MildDemented/2 (24).jpg,Alzheimer_MRI_4_classes_dataset/Alzheimer_MRI_4_classes_dataset/MildDemented/3 (24).jpg,MildDemented,MildDemented,Demented,Demented,MildDemented_patient24,MildDemented_patient24,True,True,True,4,review_only_not_split_blocking
img_5322fb9857b6,img_d070da744dbe,Alzheimer_MRI_4_classes_dataset/Alzheimer_MRI_4_classes_dataset/MildDemented/2 (25).jpg,Alzheimer_MRI_4_classes_dataset/Alzheimer_MRI_4_classes_dataset/MildDemented/3 (25).jpg,MildDemented,MildDemented,Demented,Demented,MildDemented_patient25,MildDemented_patient25,True,True,True,3,review_only_not_split_blocking
img_e7bfc6e86a08,img_c4519ec1fb10,Alzheimer_MRI_4_classes_dataset/Alzheimer_MRI_4_classes_dataset/MildDemented/2 (3).jpg,Alzheimer_MRI_4_classes_dataset/Alzheimer_MRI_4_classes_dataset/MildDemented/3 (3).jpg,MildDemented,MildDemented,Demented,Demented,MildDemented_patient3,MildDemented_patient3,True,True,True,1,review_only_not_split_blocking
img_39b122da1b0b,img_539e441ea880,Alzheimer_MRI_4_classes_dataset/Alzheimer_MRI_4_classes_dataset/MildDemented/2 (4).jpg,Alzheimer_MRI_4_classes_dataset/Alzheimer_MRI_4_classes_dataset/MildDemented/3 (4).jpg,MildDemented,MildDemented,Demented,Demented,MildDemented_patient4,MildDemented_patient4,True,True,True,3,review_only_not_split_blocking
img_d3b4d524ca01,img_4f0b42622626,Alzheimer_MRI_4_classes_dataset/Alzheimer_MRI_4_classes_dataset/MildDemented/2 (9).jpg,Alzheimer_MRI_4_classes_dataset/Alzheimer_MRI_4_classes_dataset/MildDemented/3 (9).jpg,MildDemented,MildDemented,Demented,Demented,MildDemented_patient9,MildDemented_patient9,True,True,True,3,review_only_not_split_blocking
img_402ad1c2aeaf,img_22855d69efe4,Alzheimer_MRI_4_classes_dataset/Alzheimer_MRI_4_classes_dataset/MildDemented/20 (11).jpg,Alzheimer_MRI_4_classes_dataset/Alzheimer_MRI_4_classes_dataset/MildDemented/21 (11).jpg,MildDemented,MildDemented,Demented,Demented,MildDemented_patient11,MildDemented_patient11,True,True,True,2,review_only_not_split_blocking
img_398cdc97c8d6,img_59852ad22343,Alzheimer_MRI_4_classes_dataset/Alzheimer_MRI_4_classes_dataset/MildDemented/20 (13).jpg,Alzheimer_MRI_4_classes_dataset/Alzheimer_MRI_4_classes_dataset/MildDemented/21 (13).jpg,MildDemented,MildDemented,Demented,Demented,MildDemented_patient13,MildDemented_patient13,True,True,True,4,review_only_not_split_blocking
img_58491cd48aff,img_2bc01612e5d7,Alzheimer_MRI_4_classes_dataset/Alzheimer_MRI_4_classes_dataset/MildDemented/20 (14).jpg,Alzheimer_MRI_4_classes_dataset/Alzheimer_MRI_4_classes_dataset/MildDemented/21 (14).jpg,MildDemented,MildDemented,Demented,Demented,MildDemented_patient14,MildDemented_patient14,True,True,True,4,review_only_not_split_blocking
img_5f0a2a894419,img_7884348aafd9,Alzheimer_MRI_4_classes_dataset/Alzheimer_MRI_4_classes_dataset/MildDemented/20 (18).jpg,Alzheimer_MRI_4_classes_dataset/Alzheimer_MRI_4_classes_dataset/MildDemented/21 (18).jpg,MildDemented,MildDemented,Demented,Demented,MildDemented_patient18,MildDemented_patient18,True,True,True,4,review_only_not_split_blocking
img_1898c0dab80a,img_15d0079230eb,Alzheimer_MRI_4_classes_dataset/Alzheimer_MRI_4_classes_dataset/MildDemented/20 (21).jpg,Alzheimer_MRI_4_classes_dataset/Alzheimer_MRI_4_classes_dataset/MildDemented/21 (21).jpg,MildDemented,MildDemented,Demented,Demented,MildDemented_patient21,MildDemented_patient21,True,True,True,4,review_only_not_split_blocking
img_087f8683db49,img_67c2f22cc3c3,Alzheimer_MRI_4_classes_dataset/Alzheimer_MRI_4_classes_dataset/MildDemented/20 (3).jpg,Alzheimer_MRI_4_classes_dataset/Alzheimer_MRI_4_classes_dataset/MildDemented/21 (3).jpg,MildDemented,MildDemented,Demented,Demented,MildDemented_patient3,MildDemented_patient3,True,True,True,4,review_only_not_split_blocking
img_ec8d0160471e,img_0eb5be373449,Alzheimer_MRI_4_classes_dataset/Alzheimer_MRI_4_classes_dataset/MildDemented/20 (8).jpg,Alzheimer_MRI_4_classes_dataset/Alzheimer_MRI_4_classes_dataset/MildDemented/21 (8).jpg,MildDemented,MildDemented,Demented,Demented,MildDemented_patient8,MildDemented_patient8,True,True,True,4,review_only_not_split_blocking
img_b504f14104a9,img_736e99ad842d,Alzheimer_MRI_4_classes_dataset/Alzheimer_MRI_4_classes_dataset/MildDemented/20 (9).jpg,Alzheimer_MRI_4_classes_dataset/Alzheimer_MRI_4_classes_dataset/MildDemented/21 (9).jpg,MildDemented,MildDemented,Demented,Demented,MildDemented_patient9,MildDemented_patient9,True,True,True,4,review_only_not_split_blocking
img_4357034672b3,img_7887ecc44cdc,Alzheimer_MRI_4_classes_dataset/Alzheimer_MRI_4_classes_dataset/MildDemented/21 (10).jpg,Alzheimer_MRI_4_classes_dataset/Alzheimer_MRI_4_classes_dataset/MildDemented/22 (10).jpg,MildDemented,MildDemented,Demented,Demented,MildDemented_patient10,MildDemented_patient10,True,True,True,3,review_only_not_split_blocking
img_3a340bb6f114,img_92be436a4b75,Alzheimer_MRI_4_classes_dataset/Alzheimer_MRI_4_classes_dataset/MildDemented/21 (12).jpg,Alzheimer_MRI_4_classes_dataset/Alzheimer_MRI_4_classes_dataset/MildDemented/22 (12).jpg,MildDemented,MildDemented,Demented,Demented,MildDemented_patient12,MildDemented_patient12,True,True,True,2,review_only_not_split_blocking
img_4254cb8493c5,img_26df996670bd,Alzheimer_MRI_4_classes_dataset/Alzheimer_MRI_4_classes_dataset/MildDemented/21 (16).jpg,Alzheimer_MRI_4_classes_dataset/Alzheimer_MRI_4_classes_dataset/MildDemented/22 (16).jpg,MildDemented,MildDemented,Demented,Demented,MildDemented_patient16,MildDemented_patient16,True,True,True,4,review_only_not_split_blocking
img_89cebbdc0026,img_d9917b724587,Alzheimer_MRI_4_classes_dataset/Alzheimer_MRI_4_classes_dataset/MildDemented/21 (17).jpg,Alzheimer_MRI_4_classes_dataset/Alzheimer_MRI_4_classes_dataset/MildDemented/22 (17).jpg,MildDemented,MildDemented,Demented,Demented,MildDemented_patient17,MildDemented_patient17,True,True,True,4,review_only_not_split_blocking
img_d521ef431771,img_c011cf2f0507,Alzheimer_MRI_4_classes_dataset/Alzheimer_MRI_4_classes_dataset/MildDemented/21 (2).jpg,Alzheimer_MRI_4_classes_dataset/Alzheimer_MRI_4_classes_dataset/MildDemented/22 (2).jpg,MildDemented,MildDemented,Demented,Demented,MildDemented_patient2,MildDemented_patient2,True,True,True,4,review_only_not_split_blocking
img_f7666e30628f,img_4f1ab5e82455,Alzheimer_MRI_4_classes_dataset/Alzheimer_MRI_4_classes_dataset/MildDemented/21 (20).jpg,Alzheimer_MRI_4_classes_dataset/Alzheimer_MRI_4_classes_dataset/MildDemented/22 (20).jpg,MildDemented,MildDemented,Demented,Demented,MildDemented_patient20,MildDemented_patient20,True,True,True,3,review_only_not_split_blocking
img_edeb13d11d82,img_7c491c19fe26,Alzheimer_MRI_4_classes_dataset/Alzheimer_MRI_4_classes_dataset/MildDemented/21 (23).jpg,Alzheimer_MRI_4_classes_dataset/Alzheimer_MRI_4_classes_dataset/MildDemented/22 (23).jpg,MildDemented,MildDemented,Demented,Demented,MildDemented_patient23,MildDemented_patient23,True,True,True,3,review_only_not_split_blocking
img_b6016acd1a55,img_253d8166cb6d,Alzheimer_MRI_4_classes_dataset/Alzheimer_MRI_4_classes_dataset/MildDemented/21 (26).jpg,Alzheimer_MRI_4_classes_dataset/Alzheimer_MRI_4_classes_dataset/MildDemented/22 (26).jpg,MildDemented,MildDemented,Demented,Demented,MildDemented_patient26,MildDemented_patient26,True,True,True,4,review_only_not_split_blocking
img_a0e95f42402c,img_e4fa8957d4a8,Alzheimer_MRI_4_classes_dataset/Alzheimer_MRI_4_classes_dataset/MildDemented/21 (27).jpg,Alzheimer_MRI_4_classes_dataset/Alzheimer_MRI_4_classes_dataset/MildDemented/22 (27).jpg,MildDemented,MildDemented,Demented,Demented,MildDemented_patient27,MildDemented_patient27,True,True,True,4,review_only_not_split_blocking
img_64c357594221,img_7278705272ba,Alzheimer_MRI_4_classes_dataset/Alzheimer_MRI_4_classes_dataset/MildDemented/21 (28).jpg,Alzheimer_MRI_4_classes_dataset/Alzheimer_MRI_4_classes_dataset/MildDemented/22 (28).jpg,MildDemented,MildDemented,Demented,Demented,MildDemented_patient28,MildDemented_patient28,True,True,True,4,review_only_not_split_blocking
img_6f4b8d8d622a,img_c1d975098d68,Alzheimer_MRI_4_classes_dataset/Alzheimer_MRI_4_classes_dataset/MildDemented/21 (7).jpg,Alzheimer_MRI_4_classes_dataset/Alzheimer_MRI_4_classes_dataset/MildDemented/22 (7).jpg,MildDemented,MildDemented,Demented,Demented,MildDemented_patient7,MildDemented_patient7,True,True,True,3,review_only_not_split_blocking
img_52194e67996f,img_dca06177ee86,Alzheimer_MRI_4_classes_dataset/Alzheimer_MRI_4_classes_dataset/MildDemented/21.jpg,Alzheimer_MRI_4_classes_dataset/Alzheimer_MRI_4_classes_dataset/MildDemented/22.jpg,MildDemented,MildDemented,Demented,Demented,MildDemented_unique_21_c942c05f05b3,MildDemented_unique_22_1459f7840eaa,False,True,True,4,review_only_not_split_blocking
img_d9917b724587,img_3c415586b213,Alzheimer_MRI_4_classes_dataset/Alzheimer_MRI_4_classes_dataset/MildDemented/22 (17).jpg,Alzheimer_MRI_4_classes_dataset/Alzheimer_MRI_4_classes_dataset/MildDemented/23 (17).jpg,MildDemented,MildDemented,Demented,Demented,MildDemented_patient17,MildDemented_patient17,True,True,True,3,review_only_not_split_blocking
img_e591cdab949b,img_fa1563c34bd8,Alzheimer_MRI_4_classes_dataset/Alzheimer_MRI_4_classes_dataset/MildDemented/22 (18).jpg,Alzheimer_MRI_4_classes_dataset/Alzheimer_MRI_4_classes_dataset/MildDemented/23 (18).jpg,MildDemented,MildDemented,Demented,Demented,MildDemented_patient18,MildDemented_patient18,True,True,True,2,review_only_not_split_blocking
img_5bfa77631ea4,img_3a9751d2a883,Alzheimer_MRI_4_classes_dataset/Alzheimer_MRI_4_classes_dataset/MildDemented/22 (24).jpg,Alzheimer_MRI_4_classes_dataset/Alzheimer_MRI_4_classes_dataset/MildDemented/23 (24).jpg,MildDemented,MildDemented,Demented,Demented,MildDemented_patient24,MildDemented_patient24,True,True,True,4,review_only_not_split_blocking
img_7278705272ba,img_e3c0632da559,Alzheimer_MRI_4_classes_dataset/Alzheimer_MRI_4_classes_dataset/MildDemented/22 (28).jpg,Alzheimer_MRI_4_classes_dataset/Alzheimer_MRI_4_classes_dataset/MildDemented/23 (28).jpg,MildDemented,MildDemented,Demented,Demented,MildDemented_patient28,MildDemented_patient28,True,True,True,4,review_only_not_split_blocking
img_c790d8812919,img_51edae4b7002,Alzheimer_MRI_4_classes_dataset/Alzheimer_MRI_4_classes_dataset/MildDemented/22 (4).jpg,Alzheimer_MRI_4_classes_dataset/Alzheimer_MRI_4_classes_dataset/MildDemented/23 (4).jpg,MildDemented,MildDemented,Demented,Demented,MildDemented_patient4,MildDemented_patient4,True,True,True,4,review_only_not_split_blocking
img_9ccb8ce3b8c5,img_30258c7e919a,Alzheimer_MRI_4_classes_dataset/Alzheimer_MRI_4_classes_dataset/MildDemented/23 (10).jpg,Alzheimer_MRI_4_classes_dataset/Alzheimer_MRI_4_classes_dataset/MildDemented/24 (10).jpg,MildDemented,MildDemented,Demented,Demented,MildDemented_patient10,MildDemented_patient10,True,True,True,3,review_only_not_split_blocking
img_9937f67b6aa3,img_c50e9f7c624e,Alzheimer_MRI_4_classes_dataset/Alzheimer_MRI_4_classes_dataset/MildDemented/23 (14).jpg,Alzheimer_MRI_4_classes_dataset/Alzheimer_MRI_4_classes_dataset/MildDemented/24 (14).jpg,MildDemented,MildDemented,Demented,Demented,MildDemented_patient14,MildDemented_patient14,True,True,True,3,review_only_not_split_blocking
img_b80cbe429316,img_b4c801127b27,Alzheimer_MRI_4_classes_dataset/Alzheimer_MRI_4_classes_dataset/MildDemented/23 (15).jpg,Alzheimer_MRI_4_classes_dataset/Alzheimer_MRI_4_classes_dataset/MildDemented/24 (15).jpg,MildDemented,MildDemented,Demented,Demented,MildDemented_patient15,MildDemented_patient15,True,True,True,2,review_only_not_split_blocking
img_3c415586b213,img_f8d8e57ea25a,Alzheimer_MRI_4_classes_dataset/Alzheimer_MRI_4_classes_dataset/MildDemented/23 (17).jpg,Alzheimer_MRI_4_classes_dataset/Alzheimer_MRI_4_classes_dataset/MildDemented/24 (17).jpg,MildDemented,MildDemented,Demented,Demented,MildDemented_patient17,MildDemented_patient17,True,True,True,3,review_only_not_split_blocking
img_ad5b1013399e,img_ddfdda401c71,Alzheimer_MRI_4_classes_dataset/Alzheimer_MRI_4_classes_dataset/MildDemented/23 (2).jpg,Alzheimer_MRI_4_classes_dataset/Alzheimer_MRI_4_classes_dataset/MildDemented/24 (2).jpg,MildDemented,MildDemented,Demented,Demented,MildDemented_patient2,MildDemented_patient2,True,True,True,3,review_only_not_split_blocking
img_112fe2d8a32d,img_da25d0b9b4b4,Alzheimer_MRI_4_classes_dataset/Alzheimer_MRI_4_classes_dataset/MildDemented/23 (22).jpg,Alzheimer_MRI_4_classes_dataset/Alzheimer_MRI_4_classes_dataset/MildDemented/24 (22).jpg,MildDemented,MildDemented,Demented,Demented,MildDemented_patient22,MildDemented_patient22,True,True,True,4,review_only_not_split_blocking
img_e043f6c94a5b,img_57a4cbecd5eb,Alzheimer_MRI_4_classes_dataset/Alzheimer_MRI_4_classes_dataset/MildDemented/23 (3).jpg,Alzheimer_MRI_4_classes_dataset/Alzheimer_MRI_4_classes_dataset/MildDemented/24 (3).jpg,MildDemented,MildDemented,Demented,Demented,MildDemented_patient3,MildDemented_patient3,True,True,True,4,review_only_not_split_blocking
img_a5a7c4be427e,img_09784d8edf6b,Alzheimer_MRI_4_classes_dataset/Alzheimer_MRI_4_classes_dataset/MildDemented/23 (5).jpg,Alzheimer_MRI_4_classes_dataset/Alzheimer_MRI_4_classes_dataset/MildDemented/24 (5).jpg,MildDemented,MildDemented,Demented,Demented,MildDemented_patient5,MildDemented_patient5,True,True,True,3,review_only_not_split_blocking
img_d6f22997bb25,img_e1f7146d5348,Alzheimer_MRI_4_classes_dataset/Alzheimer_MRI_4_classes_dataset/MildDemented/23.jpg,Alzheimer_MRI_4_classes_dataset/Alzheimer_MRI_4_classes_dataset/MildDemented/24.jpg,MildDemented,MildDemented,Demented,Demented,MildDemented_unique_23_3759335f7f9e,MildDemented_unique_24_bff85c7c8b61,False,True,True,4,review_only_not_split_blocking
img_30258c7e919a,img_f334073ed21b,Alzheimer_MRI_4_classes_dataset/Alzheimer_MRI_4_classes_dataset/MildDemented/24 (10).jpg,Alzheimer_MRI_4_classes_dataset/Alzheimer_MRI_4_classes_dataset/MildDemented/25 (10).jpg,MildDemented,MildDemented,Demented,Demented,MildDemented_patient10,MildDemented_patient10,True,True,True,3,review_only_not_split_blocking
img_f8d8e57ea25a,img_6da47477428b,Alzheimer_MRI_4_classes_dataset/Alzheimer_MRI_4_classes_dataset/MildDemented/24 (17).jpg,Alzheimer_MRI_4_classes_dataset/Alzheimer_MRI_4_classes_dataset/MildDemented/25 (17).jpg,MildDemented,MildDemented,Demented,Demented,MildDemented_patient17,MildDemented_patient17,True,True,True,2,review_only_not_split_blocking
img_ddfdda401c71,img_c640aa80f24c,Alzheimer_MRI_4_classes_dataset/Alzheimer_MRI_4_classes_dataset/MildDemented/24 (2).jpg,Alzheimer_MRI_4_classes_dataset/Alzheimer_MRI_4_classes_dataset/MildDemented/25 (2).jpg,MildDemented,MildDemented,Demented,Demented,MildDemented_patient2,MildDemented_patient2,True,True,True,4,review_only_not_split_blocking
img_1ce157613e6a,img_8e779a477c69,Alzheimer_MRI_4_classes_dataset/Alzheimer_MRI_4_classes_dataset/MildDemented/24 (21).jpg,Alzheimer_MRI_4_classes_dataset/Alzheimer_MRI_4_classes_dataset/MildDemented/25 (21).jpg,MildDemented,MildDemented,Demented,Demented,MildDemented_patient21,MildDemented_patient21,True,True,True,3,review_only_not_split_blocking
img_e1e1ddffc853,img_45d8cafeb611,Alzheimer_MRI_4_classes_dataset/Alzheimer_MRI_4_classes_dataset/MildDemented/24 (26).jpg,Alzheimer_MRI_4_classes_dataset/Alzheimer_MRI_4_classes_dataset/MildDemented/25 (26).jpg,MildDemented,MildDemented,Demented,Demented,MildDemented_patient26,MildDemented_patient26,True,True,True,4,review_only_not_split_blocking
img_57a4cbecd5eb,img_3a10e2d9fc6d,Alzheimer_MRI_4_classes_dataset/Alzheimer_MRI_4_classes_dataset/MildDemented/24 (3).jpg,Alzheimer_MRI_4_classes_dataset/Alzheimer_MRI_4_classes_dataset/MildDemented/25 (3).jpg,MildDemented,MildDemented,Demented,Demented,MildDemented_patient3,MildDemented_patient3,True,True,True,4,review_only_not_split_blocking
img_f334073ed21b,img_fe615cf941ee,Alzheimer_MRI_4_classes_dataset/Alzheimer_MRI_4_classes_dataset/MildDemented/25 (10).jpg,Alzheimer_MRI_4_classes_dataset/Alzheimer_MRI_4_classes_dataset/MildDemented/26 (19).jpg,MildDemented,MildDemented,Demented,Demented,MildDemented_patient10,MildDemented_patient19,False,True,True,4,review_only_not_split_blocking
img_9da7ccc8d2c7,img_50c2d5c3968e,Alzheimer_MRI_4_classes_dataset/Alzheimer_MRI_4_classes_dataset/MildDemented/25 (15).jpg,Alzheimer_MRI_4_classes_dataset/Alzheimer_MRI_4_classes_dataset/MildDemented/26 (23).jpg,MildDemented,MildDemented,Demented,Demented,MildDemented_patient15,MildDemented_patient23,False,True,True,1,review_only_not_split_blocking
img_9da7ccc8d2c7,img_dec108beb457,Alzheimer_MRI_4_classes_dataset/Alzheimer_MRI_4_classes_dataset/MildDemented/25 (15).jpg,Alzheimer_MRI_4_classes_dataset/Alzheimer_MRI_4_classes_dataset/MildDemented/27 (23).jpg,MildDemented,MildDemented,Demented,Demented,MildDemented_patient15,MildDemented_patient23,False,True,True,4,review_only_not_split_blocking
img_2a1b1b920b95,img_6455b5b80d59,Alzheimer_MRI_4_classes_dataset/Alzheimer_MRI_4_classes_dataset/MildDemented/25 (23).jpg,Alzheimer_MRI_4_classes_dataset/Alzheimer_MRI_4_classes_dataset/MildDemented/26 (14).jpg,MildDemented,MildDemented,Demented,Demented,MildDemented_patient23,MildDemented_patient14,False,True,True,4,review_only_not_split_blocking
img_45d8cafeb611,img_8873f62ad9fc,Alzheimer_MRI_4_classes_dataset/Alzheimer_MRI_4_classes_dataset/MildDemented/25 (26).jpg,Alzheimer_MRI_4_classes_dataset/Alzheimer_MRI_4_classes_dataset/MildDemented/26 (17).jpg,MildDemented,MildDemented,Demented,Demented,MildDemented_patient26,MildDemented_patient17,False,True,True,4,review_only_not_split_blocking
img_8d8470bdcba9,img_402036e0a3b3,Alzheimer_MRI_4_classes_dataset/Alzheimer_MRI_4_classes_dataset/MildDemented/25 (28).jpg,Alzheimer_MRI_4_classes_dataset/Alzheimer_MRI_4_classes_dataset/MildDemented/26.jpg,MildDemented,MildDemented,Demented,Demented,MildDemented_patient28,MildDemented_unique_26_231d4d9063a9,False,True,True,0,review_only_not_split_blocking
img_10f562a76895,img_088117d497bb,Alzheimer_MRI_4_classes_dataset/Alzheimer_MRI_4_classes_dataset/MildDemented/25 (5).jpg,Alzheimer_MRI_4_classes_dataset/Alzheimer_MRI_4_classes_dataset/MildDemented/26 (6).jpg,MildDemented,MildDemented,Demented,Demented,MildDemented_patient5,MildDemented_patient6,False,True,True,2,review_only_not_split_blocking
img_c2bf9ec391de,img_992e3a345ff1,Alzheimer_MRI_4_classes_dataset/Alzheimer_MRI_4_classes_dataset/MildDemented/25 (7).jpg,Alzheimer_MRI_4_classes_dataset/Alzheimer_MRI_4_classes_dataset/MildDemented/26 (8).jpg,MildDemented,MildDemented,Demented,Demented,MildDemented_patient7,MildDemented_patient8,False,True,True,1,review_only_not_split_blocking
img_c2bf9ec391de,img_8fcca5216ef9,Alzheimer_MRI_4_classes_dataset/Alzheimer_MRI_4_classes_dataset/MildDemented/25 (7).jpg,Alzheimer_MRI_4_classes_dataset/Alzheimer_MRI_4_classes_dataset/MildDemented/27 (16).jpg,MildDemented,MildDemented,Demented,Demented,MildDemented_patient7,MildDemented_patient16,False,True,True,4,review_only_not_split_blocking
img_f102c8c17593,img_cd0676678bf5,Alzheimer_MRI_4_classes_dataset/Alzheimer_MRI_4_classes_dataset/MildDemented/25 (9).jpg,Alzheimer_MRI_4_classes_dataset/Alzheimer_MRI_4_classes_dataset/MildDemented/26 (10).jpg,MildDemented,MildDemented,Demented,Demented,MildDemented_patient9,MildDemented_patient10,False,True,True,4,review_only_not_split_blocking
img_d8b04f47580b,img_eb8e7eabf8d4,Alzheimer_MRI_4_classes_dataset/Alzheimer_MRI_4_classes_dataset/MildDemented/25.jpg,Alzheimer_MRI_4_classes_dataset/Alzheimer_MRI_4_classes_dataset/MildDemented/26 (2).jpg,MildDemented,MildDemented,Demented,Demented,MildDemented_unique_25_2caa4c25be13,MildDemented_patient2,False,True,True,4,review_only_not_split_blocking
img_cd0676678bf5,img_75bca8b59cb5,Alzheimer_MRI_4_classes_dataset/Alzheimer_MRI_4_classes_dataset/MildDemented/26 (10).jpg,Alzheimer_MRI_4_classes_dataset/Alzheimer_MRI_4_classes_dataset/MildDemented/27 (18).jpg,MildDemented,MildDemented,Demented,Demented,MildDemented_patient10,MildDemented_patient18,False,True,True,2,review_only_not_split_blocking
img_a373e8237ebe,img_a0881d34a4d4,Alzheimer_MRI_4_classes_dataset/Alzheimer_MRI_4_classes_dataset/MildDemented/26 (15).jpg,Alzheimer_MRI_4_classes_dataset/Alzheimer_MRI_4_classes_dataset/MildDemented/27 (6).jpg,MildDemented,MildDemented,Demented,Demented,MildDemented_patient15,MildDemented_patient6,False,True,True,4,review_only_not_split_blocking
img_da4b8b4d1fe3,img_0d808943d091,Alzheimer_MRI_4_classes_dataset/Alzheimer_MRI_4_classes_dataset/MildDemented/26 (18).jpg,Alzheimer_MRI_4_classes_dataset/Alzheimer_MRI_4_classes_dataset/MildDemented/27 (9).jpg,MildDemented,MildDemented,Demented,Demented,MildDemented_patient18,MildDemented_patient9,False,True,True,3,review_only_not_split_blocking
img_eb8e7eabf8d4,img_c88644bd6f18,Alzheimer_MRI_4_classes_dataset/Alzheimer_MRI_4_classes_dataset/MildDemented/26 (2).jpg,Alzheimer_MRI_4_classes_dataset/Alzheimer_MRI_4_classes_dataset/MildDemented/27 (10).jpg,MildDemented,MildDemented,Demented,Demented,MildDemented_patient2,MildDemented_patient10,False,True,True,1,review_only_not_split_blocking
img_27a0e721d658,img_d89f2df153da,Alzheimer_MRI_4_classes_dataset/Alzheimer_MRI_4_classes_dataset/MildDemented/26 (20).jpg,Alzheimer_MRI_4_classes_dataset/Alzheimer_MRI_4_classes_dataset/MildDemented/27 (20).jpg,MildDemented,MildDemented,Demented,Demented,MildDemented_patient20,MildDemented_patient20,True,True,True,4,review_only_not_split_blocking
img_e20b30c61acf,img_bafd1b3f39b2,Alzheimer_MRI_4_classes_dataset/Alzheimer_MRI_4_classes_dataset/MildDemented/26 (21).jpg,Alzheimer_MRI_4_classes_dataset/Alzheimer_MRI_4_classes_dataset/MildDemented/27 (21).jpg,MildDemented,MildDemented,Demented,Demented,MildDemented_patient21,MildDemented_patient21,True,True,True,3,review_only_not_split_blocking
img_50c2d5c3968e,img_dec108beb457,Alzheimer_MRI_4_classes_dataset/Alzheimer_MRI_4_classes_dataset/MildDemented/26 (23).jpg,Alzheimer_MRI_4_classes_dataset/Alzheimer_MRI_4_classes_dataset/MildDemented/27 (23).jpg,MildDemented,MildDemented,Demented,Demented,MildDemented_patient23,MildDemented_patient23,True,True,True,3,review_only_not_split_blocking
img_6442edbf6a31,img_17a9c8918980,Alzheimer_MRI_4_classes_dataset/Alzheimer_MRI_4_classes_dataset/MildDemented/26 (24).jpg,Alzheimer_MRI_4_classes_dataset/Alzheimer_MRI_4_classes_dataset/MildDemented/27 (24).jpg,MildDemented,MildDemented,Demented,Demented,MildDemented_patient24,MildDemented_patient24,True,True,True,4,review_only_not_split_blocking
img_be41d3b85d7d,img_e7b4acb2fb93,Alzheimer_MRI_4_classes_dataset/Alzheimer_MRI_4_classes_dataset/MildDemented/26 (25).jpg,Alzheimer_MRI_4_classes_dataset/Alzheimer_MRI_4_classes_dataset/MildDemented/27 (25).jpg,MildDemented,MildDemented,Demented,Demented,MildDemented_patient25,MildDemented_patient25,True,True,True,4,review_only_not_split_blocking
img_dd1b18363919,img_dad88924b956,Alzheimer_MRI_4_classes_dataset/Alzheimer_MRI_4_classes_dataset/MildDemented/26 (27).jpg,Alzheimer_MRI_4_classes_dataset/Alzheimer_MRI_4_classes_dataset/MildDemented/27 (27).jpg,MildDemented,MildDemented,Demented,Demented,MildDemented_patient27,MildDemented_patient27,True,True,True,4,review_only_not_split_blocking
img_992e3a345ff1,img_8fcca5216ef9,Alzheimer_MRI_4_classes_dataset/Alzheimer_MRI_4_classes_dataset/MildDemented/26 (8).jpg,Alzheimer_MRI_4_classes_dataset/Alzheimer_MRI_4_classes_dataset/MildDemented/27 (16).jpg,MildDemented,MildDemented,Demented,Demented,MildDemented_patient8,MildDemented_patient16,False,True,True,3,review_only_not_split_blocking
img_8811d778cd56,img_73a514e60273,Alzheimer_MRI_4_classes_dataset/Alzheimer_MRI_4_classes_dataset/MildDemented/27 (11).jpg,Alzheimer_MRI_4_classes_dataset/Alzheimer_MRI_4_classes_dataset/MildDemented/28 (11).jpg,MildDemented,MildDemented,Demented,Demented,MildDemented_patient11,MildDemented_patient11,True,True,True,2,review_only_not_split_blocking
img_97160d4f83fd,img_4d13afe19a53,Alzheimer_MRI_4_classes_dataset/Alzheimer_MRI_4_classes_dataset/MildDemented/27 (12).jpg,Alzheimer_MRI_4_classes_dataset/Alzheimer_MRI_4_classes_dataset/MildDemented/28 (12).jpg,MildDemented,MildDemented,Demented,Demented,MildDemented_patient12,MildDemented_patient12,True,True,True,4,review_only_not_split_blocking
img_ed09448374fd,img_fadc12752324,Alzheimer_MRI_4_classes_dataset/Alzheimer_MRI_4_classes_dataset/MildDemented/27 (19).jpg,Alzheimer_MRI_4_classes_dataset/Alzheimer_MRI_4_classes_dataset/MildDemented/28 (19).jpg,MildDemented,MildDemented,Demented,Demented,MildDemented_patient19,MildDemented_patient19,True,True,True,4,review_only_not_split_blocking
img_ed09448374fd,img_45443e9f291c,Alzheimer_MRI_4_classes_dataset/Alzheimer_MRI_4_classes_dataset/MildDemented/27 (19).jpg,Alzheimer_MRI_4_classes_dataset/Alzheimer_MRI_4_classes_dataset/NonDemented/26 (82).jpg,MildDemented,NonDemented,Demented,NonDemented,MildDemented_patient19,NonDemented_patient82,False,False,False,4,review_only_not_split_blocking
img_5aa89e880913,img_942b7838a581,Alzheimer_MRI_4_classes_dataset/Alzheimer_MRI_4_classes_dataset/MildDemented/27 (2).jpg,Alzheimer_MRI_4_classes_dataset/Alzheimer_MRI_4_classes_dataset/MildDemented/28 (2).jpg,MildDemented,MildDemented,Demented,Demented,MildDemented_patient2,MildDemented_patient2,True,True,True,2,review_only_not_split_blocking
img_d89f2df153da,img_2ea9567ccc8b,Alzheimer_MRI_4_classes_dataset/Alzheimer_MRI_4_classes_dataset/MildDemented/27 (20).jpg,Alzheimer_MRI_4_classes_dataset/Alzheimer_MRI_4_classes_dataset/MildDemented/28 (20).jpg,MildDemented,MildDemented,Demented,Demented,MildDemented_patient20,MildDemented_patient20,True,True,True,3,review_only_not_split_blocking
img_dec108beb457,img_32784c407eba,Alzheimer_MRI_4_classes_dataset/Alzheimer_MRI_4_classes_dataset/MildDemented/27 (23).jpg,Alzheimer_MRI_4_classes_dataset/Alzheimer_MRI_4_classes_dataset/MildDemented/28 (23).jpg,MildDemented,MildDemented,Demented,Demented,MildDemented_patient23,MildDemented_patient23,True,True,True,2,review_only_not_split_blocking
img_db68e67b779d,img_aa65eb59e3ca,Alzheimer_MRI_4_classes_dataset/Alzheimer_MRI_4_classes_dataset/MildDemented/27 (3).jpg,Alzheimer_MRI_4_classes_dataset/Alzheimer_MRI_4_classes_dataset/MildDemented/28 (3).jpg,MildDemented,MildDemented,Demented,Demented,MildDemented_patient3,MildDemented_patient3,True,True,True,4,review_only_not_split_blocking
img_a0881d34a4d4,img_e4e87ad43c64,Alzheimer_MRI_4_classes_dataset/Alzheimer_MRI_4_classes_dataset/MildDemented/27 (6).jpg,Alzheimer_MRI_4_classes_dataset/Alzheimer_MRI_4_classes_dataset/MildDemented/28 (6).jpg,MildDemented,MildDemented,Demented,Demented,MildDemented_patient6,MildDemented_patient6,True,True,True,3,review_only_not_split_blocking
img_fd214e5c67ab,img_fb90841b8895,Alzheimer_MRI_4_classes_dataset/Alzheimer_MRI_4_classes_dataset/MildDemented/27 (8).jpg,Alzheimer_MRI_4_classes_dataset/Alzheimer_MRI_4_classes_dataset/MildDemented/28 (8).jpg,MildDemented,MildDemented,Demented,Demented,MildDemented_patient8,MildDemented_patient8,True,True,True,4,review_only_not_split_blocking
img_cbbf61a705c4,img_cfe951f8d377,Alzheimer_MRI_4_classes_dataset/Alzheimer_MRI_4_classes_dataset/MildDemented/27.jpg,Alzheimer_MRI_4_classes_dataset/Alzheimer_MRI_4_classes_dataset/MildDemented/28.jpg,MildDemented,MildDemented,Demented,Demented,MildDemented_unique_27_50b61af6e54c,MildDemented_unique_28_c47f048e1469,False,True,True,3,review_only_not_split_blocking
img_cbbf61a705c4,img_ec6417e615c1,Alzheimer_MRI_4_classes_dataset/Alzheimer_MRI_4_classes_dataset/MildDemented/27.jpg,Alzheimer_MRI_4_classes_dataset/Alzheimer_MRI_4_classes_dataset/MildDemented/29.jpg,MildDemented,MildDemented,Demented,Demented,MildDemented_unique_27_50b61af6e54c,MildDemented_unique_29_4f179075f690,False,True,True,4,review_only_not_split_blocking
img_79309436a9fc,img_c99648bb577d,Alzheimer_MRI_4_classes_dataset/Alzheimer_MRI_4_classes_dataset/MildDemented/28 (10).jpg,Alzheimer_MRI_4_classes_dataset/Alzheimer_MRI_4_classes_dataset/MildDemented/29 (10).jpg,MildDemented,MildDemented,Demented,Demented,MildDemented_patient10,MildDemented_patient10,True,True,True,4,review_only_not_split_blocking
img_4d13afe19a53,img_ae1329b80e85,Alzheimer_MRI_4_classes_dataset/Alzheimer_MRI_4_classes_dataset/MildDemented/28 (12).jpg,Alzheimer_MRI_4_classes_dataset/Alzheimer_MRI_4_classes_dataset/MildDemented/29 (12).jpg,MildDemented,MildDemented,Demented,Demented,MildDemented_patient12,MildDemented_patient12,True,True,True,4,review_only_not_split_blocking
img_fadc12752324,img_1debc9722872,Alzheimer_MRI_4_classes_dataset/Alzheimer_MRI_4_classes_dataset/MildDemented/28 (19).jpg,Alzheimer_MRI_4_classes_dataset/Alzheimer_MRI_4_classes_dataset/MildDemented/29 (19).jpg,MildDemented,MildDemented,Demented,Demented,MildDemented_patient19,MildDemented_patient19,True,True,True,2,review_only_not_split_blocking
img_fadc12752324,img_7ec50b10e903,Alzheimer_MRI_4_classes_dataset/Alzheimer_MRI_4_classes_dataset/MildDemented/28 (19).jpg,Alzheimer_MRI_4_classes_dataset/Alzheimer_MRI_4_classes_dataset/MildDemented/30 (19).jpg,MildDemented,MildDemented,Demented,Demented,MildDemented_patient19,MildDemented_patient19,True,True,True,4,review_only_not_split_blocking
img_046a8a8a85f3,img_f30f303d461c,Alzheimer_MRI_4_classes_dataset/Alzheimer_MRI_4_classes_dataset/MildDemented/28 (22).jpg,Alzheimer_MRI_4_classes_dataset/Alzheimer_MRI_4_classes_dataset/MildDemented/29 (22).jpg,MildDemented,MildDemented,Demented,Demented,MildDemented_patient22,MildDemented_patient22,True,True,True,3,review_only_not_split_blocking
img_32784c407eba,img_e22f333f9cf5,Alzheimer_MRI_4_classes_dataset/Alzheimer_MRI_4_classes_dataset/MildDemented/28 (23).jpg,Alzheimer_MRI_4_classes_dataset/Alzheimer_MRI_4_classes_dataset/MildDemented/29 (23).jpg,MildDemented,MildDemented,Demented,Demented,MildDemented_patient23,MildDemented_patient23,True,True,True,4,review_only_not_split_blocking
img_6b02b766eceb,img_b45b00fdf6aa,Alzheimer_MRI_4_classes_dataset/Alzheimer_MRI_4_classes_dataset/MildDemented/28 (24).jpg,Alzheimer_MRI_4_classes_dataset/Alzheimer_MRI_4_classes_dataset/MildDemented/29 (24).jpg,MildDemented,MildDemented,Demented,Demented,MildDemented_patient24,MildDemented_patient24,True,True,True,4,review_only_not_split_blocking
img_aa65eb59e3ca,img_3474a72995b3,Alzheimer_MRI_4_classes_dataset/Alzheimer_MRI_4_classes_dataset/MildDemented/28 (3).jpg,Alzheimer_MRI_4_classes_dataset/Alzheimer_MRI_4_classes_dataset/MildDemented/29 (3).jpg,MildDemented,MildDemented,Demented,Demented,MildDemented_patient3,MildDemented_patient3,True,True,True,1,review_only_not_split_blocking
img_fb90841b8895,img_ab2a5700090e,Alzheimer_MRI_4_classes_dataset/Alzheimer_MRI_4_classes_dataset/MildDemented/28 (8).jpg,Alzheimer_MRI_4_classes_dataset/Alzheimer_MRI_4_classes_dataset/MildDemented/29 (8).jpg,MildDemented,MildDemented,Demented,Demented,MildDemented_patient8,MildDemented_patient8,True,True,True,3,review_only_not_split_blocking
img_cfe951f8d377,img_ec6417e615c1,Alzheimer_MRI_4_classes_dataset/Alzheimer_MRI_4_classes_dataset/MildDemented/28.jpg,Alzheimer_MRI_4_classes_dataset/Alzheimer_MRI_4_classes_dataset/MildDemented/29.jpg,MildDemented,MildDemented,Demented,Demented,MildDemented_unique_28_c47f048e1469,MildDemented_unique_29_4f179075f690,False,True,True,1,review_only_not_split_blocking
img_c99648bb577d,img_cf0aa990ae6d,Alzheimer_MRI_4_classes_dataset/Alzheimer_MRI_4_classes_dataset/MildDemented/29 (10).jpg,Alzheimer_MRI_4_classes_dataset/Alzheimer_MRI_4_classes_dataset/MildDemented/30 (10).jpg,MildDemented,MildDemented,Demented,Demented,MildDemented_patient10,MildDemented_patient10,True,True,True,4,review_only_not_split_blocking
img_ae1329b80e85,img_6f0254f3b8c3,Alzheimer_MRI_4_classes_dataset/Alzheimer_MRI_4_classes_dataset/MildDemented/29 (12).jpg,Alzheimer_MRI_4_classes_dataset/Alzheimer_MRI_4_classes_dataset/MildDemented/30 (12).jpg,MildDemented,MildDemented,Demented,Demented,MildDemented_patient12,MildDemented_patient12,True,True,True,4,review_only_not_split_blocking
img_d641f7358576,img_c238efc54a03,Alzheimer_MRI_4_classes_dataset/Alzheimer_MRI_4_classes_dataset/MildDemented/29 (14).jpg,Alzheimer_MRI_4_classes_dataset/Alzheimer_MRI_4_classes_dataset/MildDemented/30 (14).jpg,MildDemented,MildDemented,Demented,Demented,MildDemented_patient14,MildDemented_patient14,True,True,True,3,review_only_not_split_blocking
img_76dd6d788158,img_651edea31d71,Alzheimer_MRI_4_classes_dataset/Alzheimer_MRI_4_classes_dataset/MildDemented/29 (17).jpg,Alzheimer_MRI_4_classes_dataset/Alzheimer_MRI_4_classes_dataset/MildDemented/30 (17).jpg,MildDemented,MildDemented,Demented,Demented,MildDemented_patient17,MildDemented_patient17,True,True,True,4,review_only_not_split_blocking
img_388b8da59ef6,img_9e6f4abdbcc9,Alzheimer_MRI_4_classes_dataset/Alzheimer_MRI_4_classes_dataset/MildDemented/29 (18).jpg,Alzheimer_MRI_4_classes_dataset/Alzheimer_MRI_4_classes_dataset/MildDemented/30 (18).jpg,MildDemented,MildDemented,Demented,Demented,MildDemented_patient18,MildDemented_patient18,True,True,True,3,review_only_not_split_blocking
img_1debc9722872,img_7ec50b10e903,Alzheimer_MRI_4_classes_dataset/Alzheimer_MRI_4_classes_dataset/MildDemented/29 (19).jpg,Alzheimer_MRI_4_classes_dataset/Alzheimer_MRI_4_classes_dataset/MildDemented/30 (19).jpg,MildDemented,MildDemented,Demented,Demented,MildDemented_patient19,MildDemented_patient19,True,True,True,2,review_only_not_split_blocking
img_e33db00ca3c3,img_e02ce814dfeb,Alzheimer_MRI_4_classes_dataset/Alzheimer_MRI_4_classes_dataset/MildDemented/29 (21).jpg,Alzheimer_MRI_4_classes_dataset/Alzheimer_MRI_4_classes_dataset/MildDemented/30 (21).jpg,MildDemented,MildDemented,Demented,Demented,MildDemented_patient21,MildDemented_patient21,True,True,True,4,review_only_not_split_blocking
img_86c58fdfec88,img_924edf11c08f,Alzheimer_MRI_4_classes_dataset/Alzheimer_MRI_4_classes_dataset/MildDemented/29 (28).jpg,Alzheimer_MRI_4_classes_dataset/Alzheimer_MRI_4_classes_dataset/MildDemented/30 (28).jpg,MildDemented,MildDemented,Demented,Demented,MildDemented_patient28,MildDemented_patient28,True,True,True,4,review_only_not_split_blocking
img_3474a72995b3,img_04318f816c90,Alzheimer_MRI_4_classes_dataset/Alzheimer_MRI_4_classes_dataset/MildDemented/29 (3).jpg,Alzheimer_MRI_4_classes_dataset/Alzheimer_MRI_4_classes_dataset/MildDemented/30 (3).jpg,MildDemented,MildDemented,Demented,Demented,MildDemented_patient3,MildDemented_patient3,True,True,True,4,review_only_not_split_blocking
img_80973b48f004,img_1c64f145986b,Alzheimer_MRI_4_classes_dataset/Alzheimer_MRI_4_classes_dataset/MildDemented/29 (7).jpg,Alzheimer_MRI_4_classes_dataset/Alzheimer_MRI_4_classes_dataset/MildDemented/30 (7).jpg,MildDemented,MildDemented,Demented,Demented,MildDemented_patient7,MildDemented_patient7,True,True,True,3,review_only_not_split_blocking
img_213d052351c6,img_29953c8df5c6,Alzheimer_MRI_4_classes_dataset/Alzheimer_MRI_4_classes_dataset/MildDemented/3 (10).jpg,Alzheimer_MRI_4_classes_dataset/Alzheimer_MRI_4_classes_dataset/MildDemented/4 (10).jpg,MildDemented,MildDemented,Demented,Demented,MildDemented_patient10,MildDemented_patient10,True,True,True,3,review_only_not_split_blocking
img_8c45404d13a6,img_06cf9fce8f35,Alzheimer_MRI_4_classes_dataset/Alzheimer_MRI_4_classes_dataset/MildDemented/3 (23).jpg,Alzheimer_MRI_4_classes_dataset/Alzheimer_MRI_4_classes_dataset/MildDemented/4 (23).jpg,MildDemented,MildDemented,Demented,Demented,MildDemented_patient23,MildDemented_patient23,True,True,True,4,review_only_not_split_blocking
img_487638fa5494,img_f28f8a49c0f5,Alzheimer_MRI_4_classes_dataset/Alzheimer_MRI_4_classes_dataset/MildDemented/3 (6).jpg,Alzheimer_MRI_4_classes_dataset/Alzheimer_MRI_4_classes_dataset/MildDemented/4 (6).jpg,MildDemented,MildDemented,Demented,Demented,MildDemented_patient6,MildDemented_patient6,True,True,True,4,review_only_not_split_blocking
img_a1758cc6dfb5,img_95e5c1e14839,Alzheimer_MRI_4_classes_dataset/Alzheimer_MRI_4_classes_dataset/MildDemented/3.jpg,Alzheimer_MRI_4_classes_dataset/Alzheimer_MRI_4_classes_dataset/MildDemented/4.jpg,MildDemented,MildDemented,Demented,Demented,MildDemented_unique_3_3c5cb0780b67,MildDemented_unique_4_53db726921a1,False,True,True,4,review_only_not_split_blocking
img_cf0aa990ae6d,img_25709c269036,Alzheimer_MRI_4_classes_dataset/Alzheimer_MRI_4_classes_dataset/MildDemented/30 (10).jpg,Alzheimer_MRI_4_classes_dataset/Alzheimer_MRI_4_classes_dataset/MildDemented/31 (10).jpg,MildDemented,MildDemented,Demented,Demented,MildDemented_patient10,MildDemented_patient10,True,True,True,4,review_only_not_split_blocking
img_a4df4c472c4f,img_2976da2cea99,Alzheimer_MRI_4_classes_dataset/Alzheimer_MRI_4_classes_dataset/MildDemented/30 (13).jpg,Alzheimer_MRI_4_classes_dataset/Alzheimer_MRI_4_classes_dataset/MildDemented/31 (13).jpg,MildDemented,MildDemented,Demented,Demented,MildDemented_patient13,MildDemented_patient13,True,True,True,4,review_only_not_split_blocking
img_e02ce814dfeb,img_7ed6c32010d2,Alzheimer_MRI_4_classes_dataset/Alzheimer_MRI_4_classes_dataset/MildDemented/30 (21).jpg,Alzheimer_MRI_4_classes_dataset/Alzheimer_MRI_4_classes_dataset/MildDemented/31 (21).jpg,MildDemented,MildDemented,Demented,Demented,MildDemented_patient21,MildDemented_patient21,True,True,True,4,review_only_not_split_blocking
img_d8cf489e1e97,img_555575024b4a,Alzheimer_MRI_4_classes_dataset/Alzheimer_MRI_4_classes_dataset/MildDemented/30 (5).jpg,Alzheimer_MRI_4_classes_dataset/Alzheimer_MRI_4_classes_dataset/MildDemented/31 (5).jpg,MildDemented,MildDemented,Demented,Demented,MildDemented_patient5,MildDemented_patient5,True,True,True,2,review_only_not_split_blocking
img_bc5f52287f94,img_c4c6a27fd0f7,Alzheimer_MRI_4_classes_dataset/Alzheimer_MRI_4_classes_dataset/MildDemented/30 (6).jpg,Alzheimer_MRI_4_classes_dataset/Alzheimer_MRI_4_classes_dataset/MildDemented/31 (6).jpg,MildDemented,MildDemented,Demented,Demented,MildDemented_patient6,MildDemented_patient6,True,True,True,3,review_only_not_split_blocking
img_05480c3af4c4,img_a11157c28e36,Alzheimer_MRI_4_classes_dataset/Alzheimer_MRI_4_classes_dataset/MildDemented/31 (11).jpg,Alzheimer_MRI_4_classes_dataset/Alzheimer_MRI_4_classes_dataset/MildDemented/32 (11).jpg,MildDemented,MildDemented,Demented,Demented,MildDemented_patient11,MildDemented_patient11,True,True,True,2,review_only_not_split_blocking
img_00acd20da082,img_405980b4e1b8,Alzheimer_MRI_4_classes_dataset/Alzheimer_MRI_4_classes_dataset/MildDemented/31 (16).jpg,Alzheimer_MRI_4_classes_dataset/Alzheimer_MRI_4_classes_dataset/MildDemented/32 (16).jpg,MildDemented,MildDemented,Demented,Demented,MildDemented_patient16,MildDemented_patient16,True,True,True,4,review_only_not_split_blocking
img_85d2294c3436,img_f507dfa8a897,Alzheimer_MRI_4_classes_dataset/Alzheimer_MRI_4_classes_dataset/MildDemented/31 (28).jpg,Alzheimer_MRI_4_classes_dataset/Alzheimer_MRI_4_classes_dataset/MildDemented/32 (28).jpg,MildDemented,MildDemented,Demented,Demented,MildDemented_patient28,MildDemented_patient28,True,True,True,3,review_only_not_split_blocking
img_555575024b4a,img_eeaf619061bf,Alzheimer_MRI_4_classes_dataset/Alzheimer_MRI_4_classes_dataset/MildDemented/31 (5).jpg,Alzheimer_MRI_4_classes_dataset/Alzheimer_MRI_4_classes_dataset/MildDemented/32 (5).jpg,MildDemented,MildDemented,Demented,Demented,MildDemented_patient5,MildDemented_patient5,True,True,True,4,review_only_not_split_blocking
img_6ec3e296768d,img_fe4cc440c001,Alzheimer_MRI_4_classes_dataset/Alzheimer_MRI_4_classes_dataset/MildDemented/4 (11).jpg,Alzheimer_MRI_4_classes_dataset/Alzheimer_MRI_4_classes_dataset/MildDemented/5 (11).jpg,MildDemented,MildDemented,Demented,Demented,MildDemented_patient11,MildDemented_patient11,True,True,True,3,review_only_not_split_blocking
img_fe4cc440c001,img_8f12985dbff9,Alzheimer_MRI_4_classes_dataset/Alzheimer_MRI_4_classes_dataset/MildDemented/5 (11).jpg,Alzheimer_MRI_4_classes_dataset/Alzheimer_MRI_4_classes_dataset/MildDemented/6 (11).jpg,MildDemented,MildDemented,Demented,Demented,MildDemented_patient11,MildDemented_patient11,True,True,True,4,review_only_not_split_blocking
img_a31f095a3dcc,img_ee7e46730638,Alzheimer_MRI_4_classes_dataset/Alzheimer_MRI_4_classes_dataset/MildDemented/5 (18).jpg,Alzheimer_MRI_4_classes_dataset/Alzheimer_MRI_4_classes_dataset/MildDemented/6 (18).jpg,MildDemented,MildDemented,Demented,Demented,MildDemented_patient18,MildDemented_patient18,True,True,True,3,review_only_not_split_blocking
img_37a2e9115949,img_14ad1704fbdb,Alzheimer_MRI_4_classes_dataset/Alzheimer_MRI_4_classes_dataset/MildDemented/5 (20).jpg,Alzheimer_MRI_4_classes_dataset/Alzheimer_MRI_4_classes_dataset/MildDemented/6 (20).jpg,MildDemented,MildDemented,Demented,Demented,MildDemented_patient20,MildDemented_patient20,True,True,True,3,review_only_not_split_blocking
img_6179f65450f1,img_cba4126e07a0,Alzheimer_MRI_4_classes_dataset/Alzheimer_MRI_4_classes_dataset/MildDemented/5 (21).jpg,Alzheimer_MRI_4_classes_dataset/Alzheimer_MRI_4_classes_dataset/MildDemented/6 (21).jpg,MildDemented,MildDemented,Demented,Demented,MildDemented_patient21,MildDemented_patient21,True,True,True,4,review_only_not_split_blocking
img_4bfe582cf972,img_a650b455a3ce,Alzheimer_MRI_4_classes_dataset/Alzheimer_MRI_4_classes_dataset/MildDemented/5 (24).jpg,Alzheimer_MRI_4_classes_dataset/Alzheimer_MRI_4_classes_dataset/MildDemented/6 (24).jpg,MildDemented,MildDemented,Demented,Demented,MildDemented_patient24,MildDemented_patient24,True,True,True,3,review_only_not_split_blocking
img_ab14a4ee5e2a,img_777c0c6d73df,Alzheimer_MRI_4_classes_dataset/Alzheimer_MRI_4_classes_dataset/MildDemented/5 (26).jpg,Alzheimer_MRI_4_classes_dataset/Alzheimer_MRI_4_classes_dataset/MildDemented/6 (26).jpg,MildDemented,MildDemented,Demented,Demented,MildDemented_patient26,MildDemented_patient26,True,True,True,4,review_only_not_split_blocking
img_d5f4840a590b,img_a2e3e41a0585,Alzheimer_MRI_4_classes_dataset/Alzheimer_MRI_4_classes_dataset/MildDemented/5 (7).jpg,Alzheimer_MRI_4_classes_dataset/Alzheimer_MRI_4_classes_dataset/MildDemented/6 (7).jpg,MildDemented,MildDemented,Demented,Demented,MildDemented_patient7,MildDemented_patient7,True,True,True,4,review_only_not_split_blocking
img_f236dd248073,img_65b000c9ffce,Alzheimer_MRI_4_classes_dataset/Alzheimer_MRI_4_classes_dataset/MildDemented/6 (13).jpg,Alzheimer_MRI_4_classes_dataset/Alzheimer_MRI_4_classes_dataset/MildDemented/7 (13).jpg,MildDemented,MildDemented,Demented,Demented,MildDemented_patient13,MildDemented_patient13,True,True,True,2,review_only_not_split_blocking
img_a401cfdfcd1c,img_bfc06e9dd5ad,Alzheimer_MRI_4_classes_dataset/Alzheimer_MRI_4_classes_dataset/MildDemented/6 (16).jpg,Alzheimer_MRI_4_classes_dataset/Alzheimer_MRI_4_classes_dataset/MildDemented/7 (16).jpg,MildDemented,MildDemented,Demented,Demented,MildDemented_patient16,MildDemented_patient16,True,True,True,3,review_only_not_split_blocking
img_cba4126e07a0,img_20dc49d8406b,Alzheimer_MRI_4_classes_dataset/Alzheimer_MRI_4_classes_dataset/MildDemented/6 (21).jpg,Alzheimer_MRI_4_classes_dataset/Alzheimer_MRI_4_classes_dataset/MildDemented/7 (21).jpg,MildDemented,MildDemented,Demented,Demented,MildDemented_patient21,MildDemented_patient21,True,True,True,4,review_only_not_split_blocking
img_5308ebfe41b1,img_afd4e254507f,Alzheimer_MRI_4_classes_dataset/Alzheimer_MRI_4_classes_dataset/MildDemented/6 (8).jpg,Alzheimer_MRI_4_classes_dataset/Alzheimer_MRI_4_classes_dataset/MildDemented/7 (8).jpg,MildDemented,MildDemented,Demented,Demented,MildDemented_patient8,MildDemented_patient8,True,True,True,4,review_only_not_split_blocking
img_3b1adab15084,img_e0fc2e550545,Alzheimer_MRI_4_classes_dataset/Alzheimer_MRI_4_classes_dataset/MildDemented/6.jpg,Alzheimer_MRI_4_classes_dataset/Alzheimer_MRI_4_classes_dataset/MildDemented/7.jpg,MildDemented,MildDemented,Demented,Demented,MildDemented_unique_6_0f16bdeeed80,MildDemented_unique_7_35cd8b602fec,False,True,True,2,review_only_not_split_blocking
img_bfc06e9dd5ad,img_aa107c3b914c,Alzheimer_MRI_4_classes_dataset/Alzheimer_MRI_4_classes_dataset/MildDemented/7 (16).jpg,Alzheimer_MRI_4_classes_dataset/Alzheimer_MRI_4_classes_dataset/MildDemented/8 (16).jpg,MildDemented,MildDemented,Demented,Demented,MildDemented_patient16,MildDemented_patient16,True,True,True,4,review_only_not_split_blocking
img_20dc49d8406b,img_de092e534a77,Alzheimer_MRI_4_classes_dataset/Alzheimer_MRI_4_classes_dataset/MildDemented/7 (21).jpg,Alzheimer_MRI_4_classes_dataset/Alzheimer_MRI_4_classes_dataset/MildDemented/8 (21).jpg,MildDemented,MildDemented,Demented,Demented,MildDemented_patient21,MildDemented_patient21,True,True,True,3,review_only_not_split_blocking
img_8aee76a092d2,img_f2d3748bfe8e,Alzheimer_MRI_4_classes_dataset/Alzheimer_MRI_4_classes_dataset/MildDemented/7 (23).jpg,Alzheimer_MRI_4_classes_dataset/Alzheimer_MRI_4_classes_dataset/MildDemented/8 (23).jpg,MildDemented,MildDemented,Demented,Demented,MildDemented_patient23,MildDemented_patient23,True,True,True,3,review_only_not_split_blocking
img_763d574a1e50,img_e02dfbc77c88,Alzheimer_MRI_4_classes_dataset/Alzheimer_MRI_4_classes_dataset/MildDemented/7 (27).jpg,Alzheimer_MRI_4_classes_dataset/Alzheimer_MRI_4_classes_dataset/MildDemented/8 (27).jpg,MildDemented,MildDemented,Demented,Demented,MildDemented_patient27,MildDemented_patient27,True,True,True,4,review_only_not_split_blocking
img_09e6fcb1610a,img_a6c2ada93e3b,Alzheimer_MRI_4_classes_dataset/Alzheimer_MRI_4_classes_dataset/MildDemented/7 (28).jpg,Alzheimer_MRI_4_classes_dataset/Alzheimer_MRI_4_classes_dataset/MildDemented/8 (28).jpg,MildDemented,MildDemented,Demented,Demented,MildDemented_patient28,MildDemented_patient28,True,True,True,3,review_only_not_split_blocking
img_d56e72d2228c,img_46897f873f88,Alzheimer_MRI_4_classes_dataset/Alzheimer_MRI_4_classes_dataset/MildDemented/7 (5).jpg,Alzheimer_MRI_4_classes_dataset/Alzheimer_MRI_4_classes_dataset/MildDemented/8 (5).jpg,MildDemented,MildDemented,Demented,Demented,MildDemented_patient5,MildDemented_patient5,True,True,True,4,review_only_not_split_blocking
img_c4c3eeaee5df,img_50e538b829c6,Alzheimer_MRI_4_classes_dataset/Alzheimer_MRI_4_classes_dataset/MildDemented/7 (7).jpg,Alzheimer_MRI_4_classes_dataset/Alzheimer_MRI_4_classes_dataset/MildDemented/8 (7).jpg,MildDemented,MildDemented,Demented,Demented,MildDemented_patient7,MildDemented_patient7,True,True,True,1,review_only_not_split_blocking
img_e0fc2e550545,img_a251c37997b1,Alzheimer_MRI_4_classes_dataset/Alzheimer_MRI_4_classes_dataset/MildDemented/7.jpg,Alzheimer_MRI_4_classes_dataset/Alzheimer_MRI_4_classes_dataset/MildDemented/8.jpg,MildDemented,MildDemented,Demented,Demented,MildDemented_unique_7_35cd8b602fec,MildDemented_unique_8_d4ec9a6b49f7,False,True,True,4,review_only_not_split_blocking
img_d7af79468ba7,img_6372d681f059,Alzheimer_MRI_4_classes_dataset/Alzheimer_MRI_4_classes_dataset/MildDemented/8 (11).jpg,Alzheimer_MRI_4_classes_dataset/Alzheimer_MRI_4_classes_dataset/MildDemented/9 (11).jpg,MildDemented,MildDemented,Demented,Demented,MildDemented_patient11,MildDemented_patient11,True,True,True,4,review_only_not_split_blocking
img_2bd5f15c47c3,img_2292159119ef,Alzheimer_MRI_4_classes_dataset/Alzheimer_MRI_4_classes_dataset/MildDemented/8 (13).jpg,Alzheimer_MRI_4_classes_dataset/Alzheimer_MRI_4_classes_dataset/MildDemented/9 (13).jpg,MildDemented,MildDemented,Demented,Demented,MildDemented_patient13,MildDemented_patient13,True,True,True,4,review_only_not_split_blocking
img_aa743dc17ed7,img_a46386896a8c,Alzheimer_MRI_4_classes_dataset/Alzheimer_MRI_4_classes_dataset/MildDemented/8 (15).jpg,Alzheimer_MRI_4_classes_dataset/Alzheimer_MRI_4_classes_dataset/MildDemented/9 (15).jpg,MildDemented,MildDemented,Demented,Demented,MildDemented_patient15,MildDemented_patient15,True,True,True,1,review_only_not_split_blocking
img_b4edd64811bc,img_d936de17817e,Alzheimer_MRI_4_classes_dataset/Alzheimer_MRI_4_classes_dataset/MildDemented/8 (18).jpg,Alzheimer_MRI_4_classes_dataset/Alzheimer_MRI_4_classes_dataset/MildDemented/9 (18).jpg,MildDemented,MildDemented,Demented,Demented,MildDemented_patient18,MildDemented_patient18,True,True,True,4,review_only_not_split_blocking
img_9cfe134d9666,img_17eca50b3073,Alzheimer_MRI_4_classes_dataset/Alzheimer_MRI_4_classes_dataset/MildDemented/8 (20).jpg,Alzheimer_MRI_4_classes_dataset/Alzheimer_MRI_4_classes_dataset/MildDemented/9 (20).jpg,MildDemented,MildDemented,Demented,Demented,MildDemented_patient20,MildDemented_patient20,True,True,True,4,review_only_not_split_blocking
img_a1932b082ac2,img_02eff5c8c00a,Alzheimer_MRI_4_classes_dataset/Alzheimer_MRI_4_classes_dataset/MildDemented/8 (24).jpg,Alzheimer_MRI_4_classes_dataset/Alzheimer_MRI_4_classes_dataset/MildDemented/9 (24).jpg,MildDemented,MildDemented,Demented,Demented,MildDemented_patient24,MildDemented_patient24,True,True,True,3,review_only_not_split_blocking
img_ed82b9d98406,img_8f2d5777193d,Alzheimer_MRI_4_classes_dataset/Alzheimer_MRI_4_classes_dataset/MildDemented/8 (3).jpg,Alzheimer_MRI_4_classes_dataset/Alzheimer_MRI_4_classes_dataset/MildDemented/9 (3).jpg,MildDemented,MildDemented,Demented,Demented,MildDemented_patient3,MildDemented_patient3,True,True,True,3,review_only_not_split_blocking
img_46897f873f88,img_5788f031b642,Alzheimer_MRI_4_classes_dataset/Alzheimer_MRI_4_classes_dataset/MildDemented/8 (5).jpg,Alzheimer_MRI_4_classes_dataset/Alzheimer_MRI_4_classes_dataset/MildDemented/9 (5).jpg,MildDemented,MildDemented,Demented,Demented,MildDemented_patient5,MildDemented_patient5,True,True,True,2,review_only_not_split_blocking
img_0019c2648cbe,img_68bd49c9e9ed,Alzheimer_MRI_4_classes_dataset/Alzheimer_MRI_4_classes_dataset/MildDemented/8 (6).jpg,Alzheimer_MRI_4_classes_dataset/Alzheimer_MRI_4_classes_dataset/MildDemented/9 (6).jpg,MildDemented,MildDemented,Demented,Demented,MildDemented_patient6,MildDemented_patient6,True,True,True,4,review_only_not_split_blocking
img_f6b33f33463c,img_5d10107456c2,Alzheimer_MRI_4_classes_dataset/Alzheimer_MRI_4_classes_dataset/MildDemented/8 (8).jpg,Alzheimer_MRI_4_classes_dataset/Alzheimer_MRI_4_classes_dataset/MildDemented/9 (8).jpg,MildDemented,MildDemented,Demented,Demented,MildDemented_patient8,MildDemented_patient8,True,True,True,4,review_only_not_split_blocking
img_791037a3f28a,img_9b52b798d7ba,Alzheimer_MRI_4_classes_dataset/Alzheimer_MRI_4_classes_dataset/MildDemented/8 (9).jpg,Alzheimer_MRI_4_classes_dataset/Alzheimer_MRI_4_classes_dataset/MildDemented/9 (9).jpg,MildDemented,MildDemented,Demented,Demented,MildDemented_patient9,MildDemented_patient9,True,True,True,4,review_only_not_split_blocking
img_bbb9d5bd4582,img_67425e9c0067,Alzheimer_MRI_4_classes_dataset/Alzheimer_MRI_4_classes_dataset/ModerateDemented/14.jpg,Alzheimer_MRI_4_classes_dataset/Alzheimer_MRI_4_classes_dataset/ModerateDemented/15.jpg,ModerateDemented,ModerateDemented,Demented,Demented,ModerateDemented_unique_14_607b539379c7,ModerateDemented_unique_15_46db14bbd3ac,False,True,True,4,review_only_not_split_blocking
img_67425e9c0067,img_81f1a8563500,Alzheimer_MRI_4_classes_dataset/Alzheimer_MRI_4_classes_dataset/ModerateDemented/15.jpg,Alzheimer_MRI_4_classes_dataset/Alzheimer_MRI_4_classes_dataset/ModerateDemented/16.jpg,ModerateDemented,ModerateDemented,Demented,Demented,ModerateDemented_unique_15_46db14bbd3ac,ModerateDemented_unique_16_b59234733561,False,True,True,3,review_only_not_split_blocking
img_67425e9c0067,img_35e8c6411822,Alzheimer_MRI_4_classes_dataset/Alzheimer_MRI_4_classes_dataset/ModerateDemented/15.jpg,Alzheimer_MRI_4_classes_dataset/Alzheimer_MRI_4_classes_dataset/ModerateDemented/17.jpg,ModerateDemented,ModerateDemented,Demented,Demented,ModerateDemented_unique_15_46db14bbd3ac,ModerateDemented_unique_17_66fa64411507,False,True,True,4,review_only_not_split_blocking
img_81f1a8563500,img_35e8c6411822,Alzheimer_MRI_4_classes_dataset/Alzheimer_MRI_4_classes_dataset/ModerateDemented/16.jpg,Alzheimer_MRI_4_classes_dataset/Alzheimer_MRI_4_classes_dataset/ModerateDemented/17.jpg,ModerateDemented,ModerateDemented,Demented,Demented,ModerateDemented_unique_16_b59234733561,ModerateDemented_unique_17_66fa64411507,False,True,True,1,review_only_not_split_blocking
img_7879981fdd28,img_93b8fbebcc04,Alzheimer_MRI_4_classes_dataset/Alzheimer_MRI_4_classes_dataset/ModerateDemented/17 (2).jpg,Alzheimer_MRI_4_classes_dataset/Alzheimer_MRI_4_classes_dataset/ModerateDemented/18 (2).jpg,ModerateDemented,ModerateDemented,Demented,Demented,ModerateDemented_patient2,ModerateDemented_patient2,True,True,True,3,review_only_not_split_blocking
img_93b8fbebcc04,img_2bf123d2435b,Alzheimer_MRI_4_classes_dataset/Alzheimer_MRI_4_classes_dataset/ModerateDemented/18 (2).jpg,Alzheimer_MRI_4_classes_dataset/Alzheimer_MRI_4_classes_dataset/ModerateDemented/19 (2).jpg,ModerateDemented,ModerateDemented,Demented,Demented,ModerateDemented_patient2,ModerateDemented_patient2,True,True,True,3,review_only_not_split_blocking
img_5e3a5112eadc,img_2180065494e3,Alzheimer_MRI_4_classes_dataset/Alzheimer_MRI_4_classes_dataset/ModerateDemented/24 (2).jpg,Alzheimer_MRI_4_classes_dataset/Alzheimer_MRI_4_classes_dataset/ModerateDemented/25 (2).jpg,ModerateDemented,ModerateDemented,Demented,Demented,ModerateDemented_patient2,ModerateDemented_patient2,True,True,True,1,review_only_not_split_blocking
img_707b32404585,img_910a0ace4edc,Alzheimer_MRI_4_classes_dataset/Alzheimer_MRI_4_classes_dataset/ModerateDemented/25.jpg,Alzheimer_MRI_4_classes_dataset/Alzheimer_MRI_4_classes_dataset/ModerateDemented/26.jpg,ModerateDemented,ModerateDemented,Demented,Demented,ModerateDemented_unique_25_8b4cf17a2b7c,ModerateDemented_unique_26_af9cf91bffc6,False,True,True,4,review_only_not_split_blocking
img_fa842ff17582,img_1a07ecb3390d,Alzheimer_MRI_4_classes_dataset/Alzheimer_MRI_4_classes_dataset/ModerateDemented/26 (2).jpg,Alzheimer_MRI_4_classes_dataset/Alzheimer_MRI_4_classes_dataset/ModerateDemented/27 (2).jpg,ModerateDemented,ModerateDemented,Demented,Demented,ModerateDemented_patient2,ModerateDemented_patient2,True,True,True,3,review_only_not_split_blocking
img_d4b6ef84f76a,img_7cbc2a04501d,Alzheimer_MRI_4_classes_dataset/Alzheimer_MRI_4_classes_dataset/ModerateDemented/27.jpg,Alzheimer_MRI_4_classes_dataset/Alzheimer_MRI_4_classes_dataset/ModerateDemented/28.jpg,ModerateDemented,ModerateDemented,Demented,Demented,ModerateDemented_unique_27_14e2ed7ca62a,ModerateDemented_unique_28_11a617a6bbbb,False,True,True,2,review_only_not_split_blocking
img_822ed4ea2642,img_c5162b12466f,Alzheimer_MRI_4_classes_dataset/Alzheimer_MRI_4_classes_dataset/ModerateDemented/8.jpg,Alzheimer_MRI_4_classes_dataset/Alzheimer_MRI_4_classes_dataset/ModerateDemented/9.jpg,ModerateDemented,ModerateDemented,Demented,Demented,ModerateDemented_unique_8_8e914b73a7ee,ModerateDemented_unique_9_b4d5ebc23145,False,True,True,2,review_only_not_split_blocking
img_c619c7833a60,img_ceeaa999abf8,Alzheimer_MRI_4_classes_dataset/Alzheimer_MRI_4_classes_dataset/NonDemented/1 (39).jpg,Alzheimer_MRI_4_classes_dataset/Alzheimer_MRI_4_classes_dataset/NonDemented/2 (39).jpg,NonDemented,NonDemented,NonDemented,NonDemented,NonDemented_patient39,NonDemented_patient39,True,True,True,4,review_only_not_split_blocking
img_a1876692bf1f,img_1209960baeea,Alzheimer_MRI_4_classes_dataset/Alzheimer_MRI_4_classes_dataset/NonDemented/1 (41).jpg,Alzheimer_MRI_4_classes_dataset/Alzheimer_MRI_4_classes_dataset/NonDemented/2 (41).jpg,NonDemented,NonDemented,NonDemented,NonDemented,NonDemented_patient41,NonDemented_patient41,True,True,True,4,review_only_not_split_blocking
img_8bb292b97525,img_e82b53e73dcf,Alzheimer_MRI_4_classes_dataset/Alzheimer_MRI_4_classes_dataset/NonDemented/1 (44).jpg,Alzheimer_MRI_4_classes_dataset/Alzheimer_MRI_4_classes_dataset/NonDemented/2 (44).jpg,NonDemented,NonDemented,NonDemented,NonDemented,NonDemented_patient44,NonDemented_patient44,True,True,True,4,review_only_not_split_blocking
img_73db28924506,img_3f278ab6c2b7,Alzheimer_MRI_4_classes_dataset/Alzheimer_MRI_4_classes_dataset/NonDemented/1 (52).jpg,Alzheimer_MRI_4_classes_dataset/Alzheimer_MRI_4_classes_dataset/NonDemented/2 (52).jpg,NonDemented,NonDemented,NonDemented,NonDemented,NonDemented_patient52,NonDemented_patient52,True,True,True,3,review_only_not_split_blocking
img_6585bc874377,img_4527b40538b5,Alzheimer_MRI_4_classes_dataset/Alzheimer_MRI_4_classes_dataset/NonDemented/1 (6).jpg,Alzheimer_MRI_4_classes_dataset/Alzheimer_MRI_4_classes_dataset/NonDemented/2 (6).jpg,NonDemented,NonDemented,NonDemented,NonDemented,NonDemented_patient6,NonDemented_patient6,True,True,True,2,review_only_not_split_blocking
img_03f94637dd41,img_e383612a5c9b,Alzheimer_MRI_4_classes_dataset/Alzheimer_MRI_4_classes_dataset/NonDemented/1 (68).jpg,Alzheimer_MRI_4_classes_dataset/Alzheimer_MRI_4_classes_dataset/NonDemented/2 (68).jpg,NonDemented,NonDemented,NonDemented,NonDemented,NonDemented_patient68,NonDemented_patient68,True,True,True,4,review_only_not_split_blocking
img_dbb765559db8,img_130c1857b6cd,Alzheimer_MRI_4_classes_dataset/Alzheimer_MRI_4_classes_dataset/NonDemented/1 (70).jpg,Alzheimer_MRI_4_classes_dataset/Alzheimer_MRI_4_classes_dataset/NonDemented/2 (70).jpg,NonDemented,NonDemented,NonDemented,NonDemented,NonDemented_patient70,NonDemented_patient70,True,True,True,3,review_only_not_split_blocking
img_fefc0fce8968,img_308e0432845c,Alzheimer_MRI_4_classes_dataset/Alzheimer_MRI_4_classes_dataset/NonDemented/1 (76).jpg,Alzheimer_MRI_4_classes_dataset/Alzheimer_MRI_4_classes_dataset/NonDemented/2 (76).jpg,NonDemented,NonDemented,NonDemented,NonDemented,NonDemented_patient76,NonDemented_patient76,True,True,True,4,review_only_not_split_blocking
img_6e4aeb8bfdfb,img_b4d1a4fe8498,Alzheimer_MRI_4_classes_dataset/Alzheimer_MRI_4_classes_dataset/NonDemented/1 (77).jpg,Alzheimer_MRI_4_classes_dataset/Alzheimer_MRI_4_classes_dataset/NonDemented/2 (77).jpg,NonDemented,NonDemented,NonDemented,NonDemented,NonDemented_patient77,NonDemented_patient77,True,True,True,4,review_only_not_split_blocking
img_3970b64a523b,img_da107fb90485,Alzheimer_MRI_4_classes_dataset/Alzheimer_MRI_4_classes_dataset/NonDemented/1 (81).jpg,Alzheimer_MRI_4_classes_dataset/Alzheimer_MRI_4_classes_dataset/NonDemented/2 (81).jpg,NonDemented,NonDemented,NonDemented,NonDemented,NonDemented_patient81,NonDemented_patient81,True,True,True,4,review_only_not_split_blocking
img_ba0c4c9a84e3,img_f7ef355a187d,Alzheimer_MRI_4_classes_dataset/Alzheimer_MRI_4_classes_dataset/NonDemented/1 (82).jpg,Alzheimer_MRI_4_classes_dataset/Alzheimer_MRI_4_classes_dataset/NonDemented/2 (82).jpg,NonDemented,NonDemented,NonDemented,NonDemented,NonDemented_patient82,NonDemented_patient82,True,True,True,4,review_only_not_split_blocking
img_9b458f47bfbc,img_36518ab26c32,Alzheimer_MRI_4_classes_dataset/Alzheimer_MRI_4_classes_dataset/NonDemented/1 (83).jpg,Alzheimer_MRI_4_classes_dataset/Alzheimer_MRI_4_classes_dataset/NonDemented/2 (83).jpg,NonDemented,NonDemented,NonDemented,NonDemented,NonDemented_patient83,NonDemented_patient83,True,True,True,4,review_only_not_split_blocking
img_82ec48f5fbd6,img_ce881bbbe9fe,Alzheimer_MRI_4_classes_dataset/Alzheimer_MRI_4_classes_dataset/NonDemented/1 (84).jpg,Alzheimer_MRI_4_classes_dataset/Alzheimer_MRI_4_classes_dataset/NonDemented/2 (84).jpg,NonDemented,NonDemented,NonDemented,NonDemented,NonDemented_patient84,NonDemented_patient84,True,True,True,4,review_only_not_split_blocking
img_c784f071845e,img_a63ac35b9aa2,Alzheimer_MRI_4_classes_dataset/Alzheimer_MRI_4_classes_dataset/NonDemented/1 (88).jpg,Alzheimer_MRI_4_classes_dataset/Alzheimer_MRI_4_classes_dataset/NonDemented/2 (88).jpg,NonDemented,NonDemented,NonDemented,NonDemented,NonDemented_patient88,NonDemented_patient88,True,True,True,3,review_only_not_split_blocking
img_7c25a5fd5184,img_7b45c6a3d128,Alzheimer_MRI_4_classes_dataset/Alzheimer_MRI_4_classes_dataset/NonDemented/1 (89).jpg,Alzheimer_MRI_4_classes_dataset/Alzheimer_MRI_4_classes_dataset/NonDemented/2 (89).jpg,NonDemented,NonDemented,NonDemented,NonDemented,NonDemented_patient89,NonDemented_patient89,True,True,True,4,review_only_not_split_blocking
img_18ce4e122188,img_240f42a82977,Alzheimer_MRI_4_classes_dataset/Alzheimer_MRI_4_classes_dataset/NonDemented/1 (92).jpg,Alzheimer_MRI_4_classes_dataset/Alzheimer_MRI_4_classes_dataset/NonDemented/2 (92).jpg,NonDemented,NonDemented,NonDemented,NonDemented,NonDemented_patient92,NonDemented_patient92,True,True,True,4,review_only_not_split_blocking
img_f7f64c9a4a53,img_dbd523fef786,Alzheimer_MRI_4_classes_dataset/Alzheimer_MRI_4_classes_dataset/NonDemented/1 (93).jpg,Alzheimer_MRI_4_classes_dataset/Alzheimer_MRI_4_classes_dataset/NonDemented/2 (93).jpg,NonDemented,NonDemented,NonDemented,NonDemented,NonDemented_patient93,NonDemented_patient93,True,True,True,4,review_only_not_split_blocking
img_c67ac1dc3b07,img_f96d8734e834,Alzheimer_MRI_4_classes_dataset/Alzheimer_MRI_4_classes_dataset/NonDemented/10 (100).jpg,Alzheimer_MRI_4_classes_dataset/Alzheimer_MRI_4_classes_dataset/NonDemented/11 (100).jpg,NonDemented,NonDemented,NonDemented,NonDemented,NonDemented_patient100,NonDemented_patient100,True,True,True,3,review_only_not_split_blocking
img_72aa16e254a0,img_9a634c3558e9,Alzheimer_MRI_4_classes_dataset/Alzheimer_MRI_4_classes_dataset/NonDemented/10 (11).jpg,Alzheimer_MRI_4_classes_dataset/Alzheimer_MRI_4_classes_dataset/NonDemented/11 (11).jpg,NonDemented,NonDemented,NonDemented,NonDemented,NonDemented_patient11,NonDemented_patient11,True,True,True,4,review_only_not_split_blocking
img_3d7f751241b2,img_e6dc8c403e5e,Alzheimer_MRI_4_classes_dataset/Alzheimer_MRI_4_classes_dataset/NonDemented/10 (12).jpg,Alzheimer_MRI_4_classes_dataset/Alzheimer_MRI_4_classes_dataset/NonDemented/9 (12).jpg,NonDemented,NonDemented,NonDemented,NonDemented,NonDemented_patient12,NonDemented_patient12,True,True,True,3,review_only_not_split_blocking
img_b588f86f66b9,img_1c743a692810,Alzheimer_MRI_4_classes_dataset/Alzheimer_MRI_4_classes_dataset/NonDemented/10 (14).jpg,Alzheimer_MRI_4_classes_dataset/Alzheimer_MRI_4_classes_dataset/NonDemented/9 (14).jpg,NonDemented,NonDemented,NonDemented,NonDemented,NonDemented_patient14,NonDemented_patient14,True,True,True,3,review_only_not_split_blocking
img_0c7d8bcdd34c,img_a749ec2abd20,Alzheimer_MRI_4_classes_dataset/Alzheimer_MRI_4_classes_dataset/NonDemented/10 (19).jpg,Alzheimer_MRI_4_classes_dataset/Alzheimer_MRI_4_classes_dataset/NonDemented/11 (19).jpg,NonDemented,NonDemented,NonDemented,NonDemented,NonDemented_patient19,NonDemented_patient19,True,True,True,4,review_only_not_split_blocking
img_0c7d8bcdd34c,img_bfcf0f1c4e0a,Alzheimer_MRI_4_classes_dataset/Alzheimer_MRI_4_classes_dataset/NonDemented/10 (19).jpg,Alzheimer_MRI_4_classes_dataset/Alzheimer_MRI_4_classes_dataset/NonDemented/9 (19).jpg,NonDemented,NonDemented,NonDemented,NonDemented,NonDemented_patient19,NonDemented_patient19,True,True,True,2,review_only_not_split_blocking
img_fd07e5eaf06a,img_8dcfff71dc2f,Alzheimer_MRI_4_classes_dataset/Alzheimer_MRI_4_classes_dataset/NonDemented/10 (2).jpg,Alzheimer_MRI_4_classes_dataset/Alzheimer_MRI_4_classes_dataset/NonDemented/9 (2).jpg,NonDemented,NonDemented,NonDemented,NonDemented,NonDemented_patient2,NonDemented_patient2,True,True,True,2,review_only_not_split_blocking
img_f8e26bd25862,img_5a8d5e611344,Alzheimer_MRI_4_classes_dataset/Alzheimer_MRI_4_classes_dataset/NonDemented/10 (21).jpg,Alzheimer_MRI_4_classes_dataset/Alzheimer_MRI_4_classes_dataset/NonDemented/11 (21).jpg,NonDemented,NonDemented,NonDemented,NonDemented,NonDemented_patient21,NonDemented_patient21,True,True,True,4,review_only_not_split_blocking
img_5f3cdd089185,img_3fa5d36abe59,Alzheimer_MRI_4_classes_dataset/Alzheimer_MRI_4_classes_dataset/NonDemented/10 (23).jpg,Alzheimer_MRI_4_classes_dataset/Alzheimer_MRI_4_classes_dataset/NonDemented/9 (23).jpg,NonDemented,NonDemented,NonDemented,NonDemented,NonDemented_patient23,NonDemented_patient23,True,True,True,4,review_only_not_split_blocking
img_77df83b3553d,img_7217986a8f89,Alzheimer_MRI_4_classes_dataset/Alzheimer_MRI_4_classes_dataset/NonDemented/10 (25).jpg,Alzheimer_MRI_4_classes_dataset/Alzheimer_MRI_4_classes_dataset/NonDemented/9 (25).jpg,NonDemented,NonDemented,NonDemented,NonDemented,NonDemented_patient25,NonDemented_patient25,True,True,True,4,review_only_not_split_blocking
img_d4c42e3023d6,img_f5ff22ddf07a,Alzheimer_MRI_4_classes_dataset/Alzheimer_MRI_4_classes_dataset/NonDemented/10 (30).jpg,Alzheimer_MRI_4_classes_dataset/Alzheimer_MRI_4_classes_dataset/NonDemented/9 (30).jpg,NonDemented,NonDemented,NonDemented,NonDemented,NonDemented_patient30,NonDemented_patient30,True,True,True,4,review_only_not_split_blocking
img_31855e21bcdb,img_57a9e7f15df1,Alzheimer_MRI_4_classes_dataset/Alzheimer_MRI_4_classes_dataset/NonDemented/10 (31).jpg,Alzheimer_MRI_4_classes_dataset/Alzheimer_MRI_4_classes_dataset/NonDemented/11 (31).jpg,NonDemented,NonDemented,NonDemented,NonDemented,NonDemented_patient31,NonDemented_patient31,True,True,True,4,review_only_not_split_blocking
img_ec9cd9e8fa99,img_3143186592a7,Alzheimer_MRI_4_classes_dataset/Alzheimer_MRI_4_classes_dataset/NonDemented/10 (32).jpg,Alzheimer_MRI_4_classes_dataset/Alzheimer_MRI_4_classes_dataset/NonDemented/9 (32).jpg,NonDemented,NonDemented,NonDemented,NonDemented,NonDemented_patient32,NonDemented_patient32,True,True,True,4,review_only_not_split_blocking
img_373ee0c30cd2,img_f082d1bcf984,Alzheimer_MRI_4_classes_dataset/Alzheimer_MRI_4_classes_dataset/NonDemented/10 (34).jpg,Alzheimer_MRI_4_classes_dataset/Alzheimer_MRI_4_classes_dataset/NonDemented/11 (34).jpg,NonDemented,NonDemented,NonDemented,NonDemented,NonDemented_patient34,NonDemented_patient34,True,True,True,4,review_only_not_split_blocking
img_373ee0c30cd2,img_83e90d60a04e,Alzheimer_MRI_4_classes_dataset/Alzheimer_MRI_4_classes_dataset/NonDemented/10 (34).jpg,Alzheimer_MRI_4_classes_dataset/Alzheimer_MRI_4_classes_dataset/NonDemented/9 (34).jpg,NonDemented,NonDemented,NonDemented,NonDemented,NonDemented_patient34,NonDemented_patient34,True,True,True,4,review_only_not_split_blocking
img_9b0d03d99bab,img_28225043b3ec,Alzheimer_MRI_4_classes_dataset/Alzheimer_MRI_4_classes_dataset/NonDemented/10 (42).jpg,Alzheimer_MRI_4_classes_dataset/Alzheimer_MRI_4_classes_dataset/NonDemented/9 (42).jpg,NonDemented,NonDemented,NonDemented,NonDemented,NonDemented_patient42,NonDemented_patient42,True,True,True,4,review_only_not_split_blocking
img_e0db7d5d23c7,img_22155137ee83,Alzheimer_MRI_4_classes_dataset/Alzheimer_MRI_4_classes_dataset/NonDemented/10 (46).jpg,Alzheimer_MRI_4_classes_dataset/Alzheimer_MRI_4_classes_dataset/NonDemented/9 (46).jpg,NonDemented,NonDemented,NonDemented,NonDemented,NonDemented_patient46,NonDemented_patient46,True,True,True,3,review_only_not_split_blocking
img_b410c0bf7306,img_12c768c654d7,Alzheimer_MRI_4_classes_dataset/Alzheimer_MRI_4_classes_dataset/NonDemented/10 (50).jpg,Alzheimer_MRI_4_classes_dataset/Alzheimer_MRI_4_classes_dataset/NonDemented/11 (50).jpg,NonDemented,NonDemented,NonDemented,NonDemented,NonDemented_patient50,NonDemented_patient50,True,True,True,3,review_only_not_split_blocking
img_b04ce9e1f856,img_697d45253fb7,Alzheimer_MRI_4_classes_dataset/Alzheimer_MRI_4_classes_dataset/NonDemented/10 (6).jpg,Alzheimer_MRI_4_classes_dataset/Alzheimer_MRI_4_classes_dataset/NonDemented/11 (6).jpg,NonDemented,NonDemented,NonDemented,NonDemented,NonDemented_patient6,NonDemented_patient6,True,True,True,1,review_only_not_split_blocking
img_b04ce9e1f856,img_0bd8f2ed74e1,Alzheimer_MRI_4_classes_dataset/Alzheimer_MRI_4_classes_dataset/NonDemented/10 (6).jpg,Alzheimer_MRI_4_classes_dataset/Alzheimer_MRI_4_classes_dataset/NonDemented/9 (6).jpg,NonDemented,NonDemented,NonDemented,NonDemented,NonDemented_patient6,NonDemented_patient6,True,True,True,3,review_only_not_split_blocking
img_59cc3247f9aa,img_de3503d6413e,Alzheimer_MRI_4_classes_dataset/Alzheimer_MRI_4_classes_dataset/NonDemented/10 (61).jpg,Alzheimer_MRI_4_classes_dataset/Alzheimer_MRI_4_classes_dataset/NonDemented/9 (61).jpg,NonDemented,NonDemented,NonDemented,NonDemented,NonDemented_patient61,NonDemented_patient61,True,True,True,4,review_only_not_split_blocking
img_9e73178a6f52,img_2c2942ab19dc,Alzheimer_MRI_4_classes_dataset/Alzheimer_MRI_4_classes_dataset/NonDemented/10 (62).jpg,Alzheimer_MRI_4_classes_dataset/Alzheimer_MRI_4_classes_dataset/NonDemented/11 (62).jpg,NonDemented,NonDemented,NonDemented,NonDemented,NonDemented_patient62,NonDemented_patient62,True,True,True,4,review_only_not_split_blocking
img_fb60b382a4a0,img_dcc5544ecb6c,Alzheimer_MRI_4_classes_dataset/Alzheimer_MRI_4_classes_dataset/NonDemented/10 (67).jpg,Alzheimer_MRI_4_classes_dataset/Alzheimer_MRI_4_classes_dataset/NonDemented/9 (67).jpg,NonDemented,NonDemented,NonDemented,NonDemented,NonDemented_patient67,NonDemented_patient67,True,True,True,3,review_only_not_split_blocking
img_ed2bf722b99d,img_539dcd84cc91,Alzheimer_MRI_4_classes_dataset/Alzheimer_MRI_4_classes_dataset/NonDemented/10 (69).jpg,Alzheimer_MRI_4_classes_dataset/Alzheimer_MRI_4_classes_dataset/NonDemented/9 (69).jpg,NonDemented,NonDemented,NonDemented,NonDemented,NonDemented_patient69,NonDemented_patient69,True,True,True,4,review_only_not_split_blocking
img_d4f031a2d02c,img_5dc9f2776ac7,Alzheimer_MRI_4_classes_dataset/Alzheimer_MRI_4_classes_dataset/NonDemented/10 (74).jpg,Alzheimer_MRI_4_classes_dataset/Alzheimer_MRI_4_classes_dataset/NonDemented/11 (74).jpg,NonDemented,NonDemented,NonDemented,NonDemented,NonDemented_patient74,NonDemented_patient74,True,True,True,4,review_only_not_split_blocking
img_ba169de8763f,img_cf63a756115d,Alzheimer_MRI_4_classes_dataset/Alzheimer_MRI_4_classes_dataset/NonDemented/10 (75).jpg,Alzheimer_MRI_4_classes_dataset/Alzheimer_MRI_4_classes_dataset/NonDemented/11 (75).jpg,NonDemented,NonDemented,NonDemented,NonDemented,NonDemented_patient75,NonDemented_patient75,True,True,True,4,review_only_not_split_blocking
img_a7e6a5f56a98,img_4cc55365abb9,Alzheimer_MRI_4_classes_dataset/Alzheimer_MRI_4_classes_dataset/NonDemented/10 (80).jpg,Alzheimer_MRI_4_classes_dataset/Alzheimer_MRI_4_classes_dataset/NonDemented/11 (80).jpg,NonDemented,NonDemented,NonDemented,NonDemented,NonDemented_patient80,NonDemented_patient80,True,True,True,3,review_only_not_split_blocking
img_e9a7d9d278a6,img_159d7d42d8cb,Alzheimer_MRI_4_classes_dataset/Alzheimer_MRI_4_classes_dataset/NonDemented/10 (81).jpg,Alzheimer_MRI_4_classes_dataset/Alzheimer_MRI_4_classes_dataset/NonDemented/11 (81).jpg,NonDemented,NonDemented,NonDemented,NonDemented,NonDemented_patient81,NonDemented_patient81,True,True,True,4,review_only_not_split_blocking
img_76387b7b5c4c,img_4dabc92fbd81,Alzheimer_MRI_4_classes_dataset/Alzheimer_MRI_4_classes_dataset/NonDemented/10 (83).jpg,Alzheimer_MRI_4_classes_dataset/Alzheimer_MRI_4_classes_dataset/NonDemented/9 (83).jpg,NonDemented,NonDemented,NonDemented,NonDemented,NonDemented_patient83,NonDemented_patient83,True,True,True,2,review_only_not_split_blocking
img_394fefb5bb58,img_3d687ce33a15,Alzheimer_MRI_4_classes_dataset/Alzheimer_MRI_4_classes_dataset/NonDemented/10 (87).jpg,Alzheimer_MRI_4_classes_dataset/Alzheimer_MRI_4_classes_dataset/NonDemented/9 (87).jpg,NonDemented,NonDemented,NonDemented,NonDemented,NonDemented_patient87,NonDemented_patient87,True,True,True,2,review_only_not_split_blocking
img_2bf9a7d99575,img_a8ee78c854f7,Alzheimer_MRI_4_classes_dataset/Alzheimer_MRI_4_classes_dataset/NonDemented/10 (89).jpg,Alzheimer_MRI_4_classes_dataset/Alzheimer_MRI_4_classes_dataset/NonDemented/11 (89).jpg,NonDemented,NonDemented,NonDemented,NonDemented,NonDemented_patient89,NonDemented_patient89,True,True,True,4,review_only_not_split_blocking
img_2bf9a7d99575,img_f613ecdfc091,Alzheimer_MRI_4_classes_dataset/Alzheimer_MRI_4_classes_dataset/NonDemented/10 (89).jpg,Alzheimer_MRI_4_classes_dataset/Alzheimer_MRI_4_classes_dataset/NonDemented/9 (89).jpg,NonDemented,NonDemented,NonDemented,NonDemented,NonDemented_patient89,NonDemented_patient89,True,True,True,3,review_only_not_split_blocking
img_fbe0cd166ec1,img_4147ce06c5c3,Alzheimer_MRI_4_classes_dataset/Alzheimer_MRI_4_classes_dataset/NonDemented/10 (90).jpg,Alzheimer_MRI_4_classes_dataset/Alzheimer_MRI_4_classes_dataset/NonDemented/9 (90).jpg,NonDemented,NonDemented,NonDemented,NonDemented,NonDemented_patient90,NonDemented_patient90,True,True,True,3,review_only_not_split_blocking
img_becac17fcbc9,img_91bff38f366d,Alzheimer_MRI_4_classes_dataset/Alzheimer_MRI_4_classes_dataset/NonDemented/10 (91).jpg,Alzheimer_MRI_4_classes_dataset/Alzheimer_MRI_4_classes_dataset/NonDemented/9 (91).jpg,NonDemented,NonDemented,NonDemented,NonDemented,NonDemented_patient91,NonDemented_patient91,True,True,True,3,review_only_not_split_blocking
img_765f728f2fcb,img_3e4b94f4bebb,Alzheimer_MRI_4_classes_dataset/Alzheimer_MRI_4_classes_dataset/NonDemented/10 (95).jpg,Alzheimer_MRI_4_classes_dataset/Alzheimer_MRI_4_classes_dataset/NonDemented/9 (95).jpg,NonDemented,NonDemented,NonDemented,NonDemented,NonDemented_patient95,NonDemented_patient95,True,True,True,4,review_only_not_split_blocking
img_779785a7b029,img_9daee700abdf,Alzheimer_MRI_4_classes_dataset/Alzheimer_MRI_4_classes_dataset/NonDemented/10 (97).jpg,Alzheimer_MRI_4_classes_dataset/Alzheimer_MRI_4_classes_dataset/NonDemented/11 (97).jpg,NonDemented,NonDemented,NonDemented,NonDemented,NonDemented_patient97,NonDemented_patient97,True,True,True,4,review_only_not_split_blocking
img_692a9fce1229,img_cb95b7e1020d,Alzheimer_MRI_4_classes_dataset/Alzheimer_MRI_4_classes_dataset/NonDemented/10 (99).jpg,Alzheimer_MRI_4_classes_dataset/Alzheimer_MRI_4_classes_dataset/NonDemented/11 (99).jpg,NonDemented,NonDemented,NonDemented,NonDemented,NonDemented_patient99,NonDemented_patient99,True,True,True,4,review_only_not_split_blocking
img_11deda529a4c,img_f924f75f57c4,Alzheimer_MRI_4_classes_dataset/Alzheimer_MRI_4_classes_dataset/NonDemented/11 (14).jpg,Alzheimer_MRI_4_classes_dataset/Alzheimer_MRI_4_classes_dataset/NonDemented/12 (14).jpg,NonDemented,NonDemented,NonDemented,NonDemented,NonDemented_patient14,NonDemented_patient14,True,True,True,4,review_only_not_split_blocking
img_faa2eb6cfceb,img_e6a1d65f701d,Alzheimer_MRI_4_classes_dataset/Alzheimer_MRI_4_classes_dataset/NonDemented/11 (15).jpg,Alzheimer_MRI_4_classes_dataset/Alzheimer_MRI_4_classes_dataset/NonDemented/12 (15).jpg,NonDemented,NonDemented,NonDemented,NonDemented,NonDemented_patient15,NonDemented_patient15,True,True,True,4,review_only_not_split_blocking
img_21fe2f5bab83,img_86f93f202f39,Alzheimer_MRI_4_classes_dataset/Alzheimer_MRI_4_classes_dataset/NonDemented/11 (24).jpg,Alzheimer_MRI_4_classes_dataset/Alzheimer_MRI_4_classes_dataset/NonDemented/12 (24).jpg,NonDemented,NonDemented,NonDemented,NonDemented,NonDemented_patient24,NonDemented_patient24,True,True,True,4,review_only_not_split_blocking
img_c695c41f5e53,img_ee04e9098b13,Alzheimer_MRI_4_classes_dataset/Alzheimer_MRI_4_classes_dataset/NonDemented/11 (28).jpg,Alzheimer_MRI_4_classes_dataset/Alzheimer_MRI_4_classes_dataset/NonDemented/12 (28).jpg,NonDemented,NonDemented,NonDemented,NonDemented,NonDemented_patient28,NonDemented_patient28,True,True,True,4,review_only_not_split_blocking
img_a463673747e3,img_3baeb8893c4e,Alzheimer_MRI_4_classes_dataset/Alzheimer_MRI_4_classes_dataset/NonDemented/11 (29).jpg,Alzheimer_MRI_4_classes_dataset/Alzheimer_MRI_4_classes_dataset/NonDemented/12 (29).jpg,NonDemented,NonDemented,NonDemented,NonDemented,NonDemented_patient29,NonDemented_patient29,True,True,True,3,review_only_not_split_blocking
img_57a9e7f15df1,img_7e8beeb0bbb1,Alzheimer_MRI_4_classes_dataset/Alzheimer_MRI_4_classes_dataset/NonDemented/11 (31).jpg,Alzheimer_MRI_4_classes_dataset/Alzheimer_MRI_4_classes_dataset/NonDemented/12 (31).jpg,NonDemented,NonDemented,NonDemented,NonDemented,NonDemented_patient31,NonDemented_patient31,True,True,True,3,review_only_not_split_blocking
img_f6b4b0df9ab6,img_bf87d961bf79,Alzheimer_MRI_4_classes_dataset/Alzheimer_MRI_4_classes_dataset/NonDemented/11 (33).jpg,Alzheimer_MRI_4_classes_dataset/Alzheimer_MRI_4_classes_dataset/NonDemented/12 (33).jpg,NonDemented,NonDemented,NonDemented,NonDemented,NonDemented_patient33,NonDemented_patient33,True,True,True,4,review_only_not_split_blocking
img_8426fcc4acd9,img_4fe62b4751f0,Alzheimer_MRI_4_classes_dataset/Alzheimer_MRI_4_classes_dataset/NonDemented/11 (37).jpg,Alzheimer_MRI_4_classes_dataset/Alzheimer_MRI_4_classes_dataset/NonDemented/12 (37).jpg,NonDemented,NonDemented,NonDemented,NonDemented,NonDemented_patient37,NonDemented_patient37,True,True,True,4,review_only_not_split_blocking
img_4376f4fa2497,img_b57f2acca908,Alzheimer_MRI_4_classes_dataset/Alzheimer_MRI_4_classes_dataset/NonDemented/11 (4).jpg,Alzheimer_MRI_4_classes_dataset/Alzheimer_MRI_4_classes_dataset/NonDemented/12 (4).jpg,NonDemented,NonDemented,NonDemented,NonDemented,NonDemented_patient4,NonDemented_patient4,True,True,True,4,review_only_not_split_blocking
img_e45a8e4c6098,img_fc74ff591836,Alzheimer_MRI_4_classes_dataset/Alzheimer_MRI_4_classes_dataset/NonDemented/11 (42).jpg,Alzheimer_MRI_4_classes_dataset/Alzheimer_MRI_4_classes_dataset/NonDemented/12 (42).jpg,NonDemented,NonDemented,NonDemented,NonDemented,NonDemented_patient42,NonDemented_patient42,True,True,True,4,review_only_not_split_blocking
img_fa8dee34cdab,img_d6fa6a43691a,Alzheimer_MRI_4_classes_dataset/Alzheimer_MRI_4_classes_dataset/NonDemented/11 (44).jpg,Alzheimer_MRI_4_classes_dataset/Alzheimer_MRI_4_classes_dataset/NonDemented/12 (44).jpg,NonDemented,NonDemented,NonDemented,NonDemented,NonDemented_patient44,NonDemented_patient44,True,True,True,4,review_only_not_split_blocking
img_7b60ce62a0b1,img_2d5c38212f9e,Alzheimer_MRI_4_classes_dataset/Alzheimer_MRI_4_classes_dataset/NonDemented/11 (48).jpg,Alzheimer_MRI_4_classes_dataset/Alzheimer_MRI_4_classes_dataset/NonDemented/12 (48).jpg,NonDemented,NonDemented,NonDemented,NonDemented,NonDemented_patient48,NonDemented_patient48,True,True,True,3,review_only_not_split_blocking
img_8397d67bf4ce,img_3eb75bc4327d,Alzheimer_MRI_4_classes_dataset/Alzheimer_MRI_4_classes_dataset/NonDemented/11 (57).jpg,Alzheimer_MRI_4_classes_dataset/Alzheimer_MRI_4_classes_dataset/NonDemented/12 (57).jpg,NonDemented,NonDemented,NonDemented,NonDemented,NonDemented_patient57,NonDemented_patient57,True,True,True,4,review_only_not_split_blocking
img_f9bfbaeae28a,img_4560d0bf2776,Alzheimer_MRI_4_classes_dataset/Alzheimer_MRI_4_classes_dataset/NonDemented/11 (58).jpg,Alzheimer_MRI_4_classes_dataset/Alzheimer_MRI_4_classes_dataset/NonDemented/12 (58).jpg,NonDemented,NonDemented,NonDemented,NonDemented,NonDemented_patient58,NonDemented_patient58,True,True,True,4,review_only_not_split_blocking
img_697d45253fb7,img_0bd8f2ed74e1,Alzheimer_MRI_4_classes_dataset/Alzheimer_MRI_4_classes_dataset/NonDemented/11 (6).jpg,Alzheimer_MRI_4_classes_dataset/Alzheimer_MRI_4_classes_dataset/NonDemented/9 (6).jpg,NonDemented,NonDemented,NonDemented,NonDemented,NonDemented_patient6,NonDemented_patient6,True,True,True,4,review_only_not_split_blocking
img_67d3a86e4a3a,img_ad385ebc1fcf,Alzheimer_MRI_4_classes_dataset/Alzheimer_MRI_4_classes_dataset/NonDemented/11 (61).jpg,Alzheimer_MRI_4_classes_dataset/Alzheimer_MRI_4_classes_dataset/NonDemented/12 (61).jpg,NonDemented,NonDemented,NonDemented,NonDemented,NonDemented_patient61,NonDemented_patient61,True,True,True,4,review_only_not_split_blocking
img_012243b833e2,img_749329f09fad,Alzheimer_MRI_4_classes_dataset/Alzheimer_MRI_4_classes_dataset/NonDemented/11 (65).jpg,Alzheimer_MRI_4_classes_dataset/Alzheimer_MRI_4_classes_dataset/NonDemented/12 (65).jpg,NonDemented,NonDemented,NonDemented,NonDemented,NonDemented_patient65,NonDemented_patient65,True,True,True,4,review_only_not_split_blocking
img_4b42d23fab4e,img_1f3b38be8812,Alzheimer_MRI_4_classes_dataset/Alzheimer_MRI_4_classes_dataset/NonDemented/11 (66).jpg,Alzheimer_MRI_4_classes_dataset/Alzheimer_MRI_4_classes_dataset/NonDemented/12 (66).jpg,NonDemented,NonDemented,NonDemented,NonDemented,NonDemented_patient66,NonDemented_patient66,True,True,True,3,review_only_not_split_blocking
img_a600ead598fc,img_f62e92ff8e16,Alzheimer_MRI_4_classes_dataset/Alzheimer_MRI_4_classes_dataset/NonDemented/11 (67).jpg,Alzheimer_MRI_4_classes_dataset/Alzheimer_MRI_4_classes_dataset/NonDemented/12 (67).jpg,NonDemented,NonDemented,NonDemented,NonDemented,NonDemented_patient67,NonDemented_patient67,True,True,True,4,review_only_not_split_blocking
img_366a380f78c2,img_5d55f0087e62,Alzheimer_MRI_4_classes_dataset/Alzheimer_MRI_4_classes_dataset/NonDemented/11 (70).jpg,Alzheimer_MRI_4_classes_dataset/Alzheimer_MRI_4_classes_dataset/NonDemented/12 (70).jpg,NonDemented,NonDemented,NonDemented,NonDemented,NonDemented_patient70,NonDemented_patient70,True,True,True,4,review_only_not_split_blocking
img_5dc9f2776ac7,img_94507c01bb82,Alzheimer_MRI_4_classes_dataset/Alzheimer_MRI_4_classes_dataset/NonDemented/11 (74).jpg,Alzheimer_MRI_4_classes_dataset/Alzheimer_MRI_4_classes_dataset/NonDemented/12 (74).jpg,NonDemented,NonDemented,NonDemented,NonDemented,NonDemented_patient74,NonDemented_patient74,True,True,True,4,review_only_not_split_blocking
img_627f11d2a0f3,img_0de0cf3ceff0,Alzheimer_MRI_4_classes_dataset/Alzheimer_MRI_4_classes_dataset/NonDemented/11 (79).jpg,Alzheimer_MRI_4_classes_dataset/Alzheimer_MRI_4_classes_dataset/NonDemented/12 (79).jpg,NonDemented,NonDemented,NonDemented,NonDemented,NonDemented_patient79,NonDemented_patient79,True,True,True,3,review_only_not_split_blocking
img_9d7d82d77a58,img_ace31b8dea57,Alzheimer_MRI_4_classes_dataset/Alzheimer_MRI_4_classes_dataset/NonDemented/11 (86).jpg,Alzheimer_MRI_4_classes_dataset/Alzheimer_MRI_4_classes_dataset/NonDemented/12 (86).jpg,NonDemented,NonDemented,NonDemented,NonDemented,NonDemented_patient86,NonDemented_patient86,True,True,True,4,review_only_not_split_blocking
img_a8ee78c854f7,img_e36f482aa3c8,Alzheimer_MRI_4_classes_dataset/Alzheimer_MRI_4_classes_dataset/NonDemented/11 (89).jpg,Alzheimer_MRI_4_classes_dataset/Alzheimer_MRI_4_classes_dataset/NonDemented/12 (89).jpg,NonDemented,NonDemented,NonDemented,NonDemented,NonDemented_patient89,NonDemented_patient89,True,True,True,4,review_only_not_split_blocking
img_7fef27484171,img_2570602c4a01,Alzheimer_MRI_4_classes_dataset/Alzheimer_MRI_4_classes_dataset/NonDemented/11 (90).jpg,Alzheimer_MRI_4_classes_dataset/Alzheimer_MRI_4_classes_dataset/NonDemented/12 (90).jpg,NonDemented,NonDemented,NonDemented,NonDemented,NonDemented_patient90,NonDemented_patient90,True,True,True,4,review_only_not_split_blocking
img_5527535778d1,img_0d39ba96898d,Alzheimer_MRI_4_classes_dataset/Alzheimer_MRI_4_classes_dataset/NonDemented/11 (91).jpg,Alzheimer_MRI_4_classes_dataset/Alzheimer_MRI_4_classes_dataset/NonDemented/12 (91).jpg,NonDemented,NonDemented,NonDemented,NonDemented,NonDemented_patient91,NonDemented_patient91,True,True,True,3,review_only_not_split_blocking
img_f6e16f45ff61,img_9a82bf0b967a,Alzheimer_MRI_4_classes_dataset/Alzheimer_MRI_4_classes_dataset/NonDemented/11 (93).jpg,Alzheimer_MRI_4_classes_dataset/Alzheimer_MRI_4_classes_dataset/NonDemented/12 (93).jpg,NonDemented,NonDemented,NonDemented,NonDemented,NonDemented_patient93,NonDemented_patient93,True,True,True,4,review_only_not_split_blocking
img_4dd32291d502,img_6810ec215c43,Alzheimer_MRI_4_classes_dataset/Alzheimer_MRI_4_classes_dataset/NonDemented/11 (95).jpg,Alzheimer_MRI_4_classes_dataset/Alzheimer_MRI_4_classes_dataset/NonDemented/12 (95).jpg,NonDemented,NonDemented,NonDemented,NonDemented,NonDemented_patient95,NonDemented_patient95,True,True,True,4,review_only_not_split_blocking
img_eab3496fdbae,img_527172cf79d2,Alzheimer_MRI_4_classes_dataset/Alzheimer_MRI_4_classes_dataset/NonDemented/11 (96).jpg,Alzheimer_MRI_4_classes_dataset/Alzheimer_MRI_4_classes_dataset/NonDemented/12 (96).jpg,NonDemented,NonDemented,NonDemented,NonDemented,NonDemented_patient96,NonDemented_patient96,True,True,True,4,review_only_not_split_blocking
img_9daee700abdf,img_b3faa30466bc,Alzheimer_MRI_4_classes_dataset/Alzheimer_MRI_4_classes_dataset/NonDemented/11 (97).jpg,Alzheimer_MRI_4_classes_dataset/Alzheimer_MRI_4_classes_dataset/NonDemented/12 (97).jpg,NonDemented,NonDemented,NonDemented,NonDemented,NonDemented_patient97,NonDemented_patient97,True,True,True,4,review_only_not_split_blocking
img_94e5063cdc87,img_2f9d56741924,Alzheimer_MRI_4_classes_dataset/Alzheimer_MRI_4_classes_dataset/NonDemented/12 (100).jpg,Alzheimer_MRI_4_classes_dataset/Alzheimer_MRI_4_classes_dataset/NonDemented/13 (100).jpg,NonDemented,NonDemented,NonDemented,NonDemented,NonDemented_patient100,NonDemented_patient100,True,True,True,3,review_only_not_split_blocking
img_82bb6959209c,img_08a72113f0b4,Alzheimer_MRI_4_classes_dataset/Alzheimer_MRI_4_classes_dataset/NonDemented/12 (13).jpg,Alzheimer_MRI_4_classes_dataset/Alzheimer_MRI_4_classes_dataset/NonDemented/13 (13).jpg,NonDemented,NonDemented,NonDemented,NonDemented,NonDemented_patient13,NonDemented_patient13,True,True,True,3,review_only_not_split_blocking
img_e6a1d65f701d,img_3cd8931a7418,Alzheimer_MRI_4_classes_dataset/Alzheimer_MRI_4_classes_dataset/NonDemented/12 (15).jpg,Alzheimer_MRI_4_classes_dataset/Alzheimer_MRI_4_classes_dataset/NonDemented/13 (15).jpg,NonDemented,NonDemented,NonDemented,NonDemented,NonDemented_patient15,NonDemented_patient15,True,True,True,3,review_only_not_split_blocking
img_983bc288d5fd,img_d4ebf72410f9,Alzheimer_MRI_4_classes_dataset/Alzheimer_MRI_4_classes_dataset/NonDemented/12 (17).jpg,Alzheimer_MRI_4_classes_dataset/Alzheimer_MRI_4_classes_dataset/NonDemented/13 (17).jpg,NonDemented,NonDemented,NonDemented,NonDemented,NonDemented_patient17,NonDemented_patient17,True,True,True,3,review_only_not_split_blocking
img_0d1ed2549845,img_3453b586e70b,Alzheimer_MRI_4_classes_dataset/Alzheimer_MRI_4_classes_dataset/NonDemented/12 (22).jpg,Alzheimer_MRI_4_classes_dataset/Alzheimer_MRI_4_classes_dataset/NonDemented/13 (22).jpg,NonDemented,NonDemented,NonDemented,NonDemented,NonDemented_patient22,NonDemented_patient22,True,True,True,4,review_only_not_split_blocking
img_86f93f202f39,img_09ba38b96ec1,Alzheimer_MRI_4_classes_dataset/Alzheimer_MRI_4_classes_dataset/NonDemented/12 (24).jpg,Alzheimer_MRI_4_classes_dataset/Alzheimer_MRI_4_classes_dataset/NonDemented/13 (24).jpg,NonDemented,NonDemented,NonDemented,NonDemented,NonDemented_patient24,NonDemented_patient24,True,True,True,4,review_only_not_split_blocking
img_e386fed0350b,img_fa9486235267,Alzheimer_MRI_4_classes_dataset/Alzheimer_MRI_4_classes_dataset/NonDemented/12 (26).jpg,Alzheimer_MRI_4_classes_dataset/Alzheimer_MRI_4_classes_dataset/NonDemented/13 (26).jpg,NonDemented,NonDemented,NonDemented,NonDemented,NonDemented_patient26,NonDemented_patient26,True,True,True,3,review_only_not_split_blocking
img_e386fed0350b,img_816d10c5ba19,Alzheimer_MRI_4_classes_dataset/Alzheimer_MRI_4_classes_dataset/NonDemented/12 (26).jpg,Alzheimer_MRI_4_classes_dataset/Alzheimer_MRI_4_classes_dataset/NonDemented/14 (26).jpg,NonDemented,NonDemented,NonDemented,NonDemented,NonDemented_patient26,NonDemented_patient26,True,True,True,3,review_only_not_split_blocking
img_7e8beeb0bbb1,img_37f89d2cd6e2,Alzheimer_MRI_4_classes_dataset/Alzheimer_MRI_4_classes_dataset/NonDemented/12 (31).jpg,Alzheimer_MRI_4_classes_dataset/Alzheimer_MRI_4_classes_dataset/NonDemented/13 (31).jpg,NonDemented,NonDemented,NonDemented,NonDemented,NonDemented_patient31,NonDemented_patient31,True,True,True,4,review_only_not_split_blocking
img_bf87d961bf79,img_9e67d3cfcf2d,Alzheimer_MRI_4_classes_dataset/Alzheimer_MRI_4_classes_dataset/NonDemented/12 (33).jpg,Alzheimer_MRI_4_classes_dataset/Alzheimer_MRI_4_classes_dataset/NonDemented/13 (33).jpg,NonDemented,NonDemented,NonDemented,NonDemented,NonDemented_patient33,NonDemented_patient33,True,True,True,4,review_only_not_split_blocking
img_4fe62b4751f0,img_f918382b5653,Alzheimer_MRI_4_classes_dataset/Alzheimer_MRI_4_classes_dataset/NonDemented/12 (37).jpg,Alzheimer_MRI_4_classes_dataset/Alzheimer_MRI_4_classes_dataset/NonDemented/13 (37).jpg,NonDemented,NonDemented,NonDemented,NonDemented,NonDemented_patient37,NonDemented_patient37,True,True,True,3,review_only_not_split_blocking
img_b57f2acca908,img_fe26939177d0,Alzheimer_MRI_4_classes_dataset/Alzheimer_MRI_4_classes_dataset/NonDemented/12 (4).jpg,Alzheimer_MRI_4_classes_dataset/Alzheimer_MRI_4_classes_dataset/NonDemented/13 (4).jpg,NonDemented,NonDemented,NonDemented,NonDemented,NonDemented_patient4,NonDemented_patient4,True,True,True,4,review_only_not_split_blocking
img_fc74ff591836,img_13c9da6ab8ae,Alzheimer_MRI_4_classes_dataset/Alzheimer_MRI_4_classes_dataset/NonDemented/12 (42).jpg,Alzheimer_MRI_4_classes_dataset/Alzheimer_MRI_4_classes_dataset/NonDemented/13 (42).jpg,NonDemented,NonDemented,NonDemented,NonDemented,NonDemented_patient42,NonDemented_patient42,True,True,True,4,review_only_not_split_blocking
img_2d5c38212f9e,img_d13f225ad1cf,Alzheimer_MRI_4_classes_dataset/Alzheimer_MRI_4_classes_dataset/NonDemented/12 (48).jpg,Alzheimer_MRI_4_classes_dataset/Alzheimer_MRI_4_classes_dataset/NonDemented/13 (48).jpg,NonDemented,NonDemented,NonDemented,NonDemented,NonDemented_patient48,NonDemented_patient48,True,True,True,4,review_only_not_split_blocking
img_49522e1338d2,img_a2a1d4efa886,Alzheimer_MRI_4_classes_dataset/Alzheimer_MRI_4_classes_dataset/NonDemented/12 (49).jpg,Alzheimer_MRI_4_classes_dataset/Alzheimer_MRI_4_classes_dataset/NonDemented/13 (49).jpg,NonDemented,NonDemented,NonDemented,NonDemented,NonDemented_patient49,NonDemented_patient49,True,True,True,4,review_only_not_split_blocking
img_17c819de9c30,img_bdac69a62358,Alzheimer_MRI_4_classes_dataset/Alzheimer_MRI_4_classes_dataset/NonDemented/12 (50).jpg,Alzheimer_MRI_4_classes_dataset/Alzheimer_MRI_4_classes_dataset/NonDemented/13 (50).jpg,NonDemented,NonDemented,NonDemented,NonDemented,NonDemented_patient50,NonDemented_patient50,True,True,True,4,review_only_not_split_blocking
img_8648b384eebf,img_75c68ca0c3a1,Alzheimer_MRI_4_classes_dataset/Alzheimer_MRI_4_classes_dataset/NonDemented/12 (52).jpg,Alzheimer_MRI_4_classes_dataset/Alzheimer_MRI_4_classes_dataset/NonDemented/13 (52).jpg,NonDemented,NonDemented,NonDemented,NonDemented,NonDemented_patient52,NonDemented_patient52,True,True,True,4,review_only_not_split_blocking
img_60d20b3456ca,img_5077a861f890,Alzheimer_MRI_4_classes_dataset/Alzheimer_MRI_4_classes_dataset/NonDemented/12 (54).jpg,Alzheimer_MRI_4_classes_dataset/Alzheimer_MRI_4_classes_dataset/NonDemented/13 (54).jpg,NonDemented,NonDemented,NonDemented,NonDemented,NonDemented_patient54,NonDemented_patient54,True,True,True,4,review_only_not_split_blocking
img_4fff073109d9,img_d560096bb2b0,Alzheimer_MRI_4_classes_dataset/Alzheimer_MRI_4_classes_dataset/NonDemented/12 (56).jpg,Alzheimer_MRI_4_classes_dataset/Alzheimer_MRI_4_classes_dataset/NonDemented/13 (56).jpg,NonDemented,NonDemented,NonDemented,NonDemented,NonDemented_patient56,NonDemented_patient56,True,True,True,4,review_only_not_split_blocking
img_749329f09fad,img_c46a38348b27,Alzheimer_MRI_4_classes_dataset/Alzheimer_MRI_4_classes_dataset/NonDemented/12 (65).jpg,Alzheimer_MRI_4_classes_dataset/Alzheimer_MRI_4_classes_dataset/NonDemented/13 (65).jpg,NonDemented,NonDemented,NonDemented,NonDemented,NonDemented_patient65,NonDemented_patient65,True,True,True,2,review_only_not_split_blocking
img_910eba710d7a,img_f08bdbc83673,Alzheimer_MRI_4_classes_dataset/Alzheimer_MRI_4_classes_dataset/NonDemented/12 (71).jpg,Alzheimer_MRI_4_classes_dataset/Alzheimer_MRI_4_classes_dataset/NonDemented/13 (71).jpg,NonDemented,NonDemented,NonDemented,NonDemented,NonDemented_patient71,NonDemented_patient71,True,True,True,4,review_only_not_split_blocking
img_0de0cf3ceff0,img_bbf022d4b123,Alzheimer_MRI_4_classes_dataset/Alzheimer_MRI_4_classes_dataset/NonDemented/12 (79).jpg,Alzheimer_MRI_4_classes_dataset/Alzheimer_MRI_4_classes_dataset/NonDemented/13 (79).jpg,NonDemented,NonDemented,NonDemented,NonDemented,NonDemented_patient79,NonDemented_patient79,True,True,True,3,review_only_not_split_blocking
img_3aa0c3748c1f,img_f25eb6fc95e5,Alzheimer_MRI_4_classes_dataset/Alzheimer_MRI_4_classes_dataset/NonDemented/12 (80).jpg,Alzheimer_MRI_4_classes_dataset/Alzheimer_MRI_4_classes_dataset/NonDemented/13 (80).jpg,NonDemented,NonDemented,NonDemented,NonDemented,NonDemented_patient80,NonDemented_patient80,True,True,True,4,review_only_not_split_blocking
img_2882f7eca2c2,img_a5988789996c,Alzheimer_MRI_4_classes_dataset/Alzheimer_MRI_4_classes_dataset/NonDemented/12 (85).jpg,Alzheimer_MRI_4_classes_dataset/Alzheimer_MRI_4_classes_dataset/NonDemented/13 (85).jpg,NonDemented,NonDemented,NonDemented,NonDemented,NonDemented_patient85,NonDemented_patient85,True,True,True,4,review_only_not_split_blocking
img_d246efcb018d,img_86443b0f5148,Alzheimer_MRI_4_classes_dataset/Alzheimer_MRI_4_classes_dataset/NonDemented/12 (88).jpg,Alzheimer_MRI_4_classes_dataset/Alzheimer_MRI_4_classes_dataset/NonDemented/13 (88).jpg,NonDemented,NonDemented,NonDemented,NonDemented,NonDemented_patient88,NonDemented_patient88,True,True,True,2,review_only_not_split_blocking
img_2570602c4a01,img_32ea9b7f10b1,Alzheimer_MRI_4_classes_dataset/Alzheimer_MRI_4_classes_dataset/NonDemented/12 (90).jpg,Alzheimer_MRI_4_classes_dataset/Alzheimer_MRI_4_classes_dataset/NonDemented/13 (90).jpg,NonDemented,NonDemented,NonDemented,NonDemented,NonDemented_patient90,NonDemented_patient90,True,True,True,3,review_only_not_split_blocking
img_0d39ba96898d,img_02ca5a84b34f,Alzheimer_MRI_4_classes_dataset/Alzheimer_MRI_4_classes_dataset/NonDemented/12 (91).jpg,Alzheimer_MRI_4_classes_dataset/Alzheimer_MRI_4_classes_dataset/NonDemented/13 (91).jpg,NonDemented,NonDemented,NonDemented,NonDemented,NonDemented_patient91,NonDemented_patient91,True,True,True,2,review_only_not_split_blocking
img_b3faa30466bc,img_e6e2a3a2518f,Alzheimer_MRI_4_classes_dataset/Alzheimer_MRI_4_classes_dataset/NonDemented/12 (97).jpg,Alzheimer_MRI_4_classes_dataset/Alzheimer_MRI_4_classes_dataset/NonDemented/13 (97).jpg,NonDemented,NonDemented,NonDemented,NonDemented,NonDemented_patient97,NonDemented_patient97,True,True,True,3,review_only_not_split_blocking
img_5c4fcbd0c89f,img_52c2287e14bd,Alzheimer_MRI_4_classes_dataset/Alzheimer_MRI_4_classes_dataset/NonDemented/12.jpg,Alzheimer_MRI_4_classes_dataset/Alzheimer_MRI_4_classes_dataset/NonDemented/13.jpg,NonDemented,NonDemented,NonDemented,NonDemented,NonDemented_unique_12_2bbddf51ee5d,NonDemented_unique_13_c2d8617aa832,False,True,True,3,review_only_not_split_blocking
img_93be9ebdcb5c,img_ec3866b7062b,Alzheimer_MRI_4_classes_dataset/Alzheimer_MRI_4_classes_dataset/NonDemented/13 (10).jpg,Alzheimer_MRI_4_classes_dataset/Alzheimer_MRI_4_classes_dataset/NonDemented/14 (10).jpg,NonDemented,NonDemented,NonDemented,NonDemented,NonDemented_patient10,NonDemented_patient10,True,True,True,2,review_only_not_split_blocking
img_08a72113f0b4,img_81710f53a0a6,Alzheimer_MRI_4_classes_dataset/Alzheimer_MRI_4_classes_dataset/NonDemented/13 (13).jpg,Alzheimer_MRI_4_classes_dataset/Alzheimer_MRI_4_classes_dataset/NonDemented/14 (13).jpg,NonDemented,NonDemented,NonDemented,NonDemented,NonDemented_patient13,NonDemented_patient13,True,True,True,3,review_only_not_split_blocking
img_e1f8cfa096c5,img_8097208104b8,Alzheimer_MRI_4_classes_dataset/Alzheimer_MRI_4_classes_dataset/NonDemented/13 (14).jpg,Alzheimer_MRI_4_classes_dataset/Alzheimer_MRI_4_classes_dataset/NonDemented/14 (14).jpg,NonDemented,NonDemented,NonDemented,NonDemented,NonDemented_patient14,NonDemented_patient14,True,True,True,4,review_only_not_split_blocking
img_8960f06ef338,img_8a7263600522,Alzheimer_MRI_4_classes_dataset/Alzheimer_MRI_4_classes_dataset/NonDemented/13 (18).jpg,Alzheimer_MRI_4_classes_dataset/Alzheimer_MRI_4_classes_dataset/NonDemented/14 (18).jpg,NonDemented,NonDemented,NonDemented,NonDemented,NonDemented_patient18,NonDemented_patient18,True,True,True,3,review_only_not_split_blocking
img_871e1f18d818,img_82e7668651a0,Alzheimer_MRI_4_classes_dataset/Alzheimer_MRI_4_classes_dataset/NonDemented/13 (20).jpg,Alzheimer_MRI_4_classes_dataset/Alzheimer_MRI_4_classes_dataset/NonDemented/14 (20).jpg,NonDemented,NonDemented,NonDemented,NonDemented,NonDemented_patient20,NonDemented_patient20,True,True,True,2,review_only_not_split_blocking
img_09ba38b96ec1,img_e209a75a0826,Alzheimer_MRI_4_classes_dataset/Alzheimer_MRI_4_classes_dataset/NonDemented/13 (24).jpg,Alzheimer_MRI_4_classes_dataset/Alzheimer_MRI_4_classes_dataset/NonDemented/14 (24).jpg,NonDemented,NonDemented,NonDemented,NonDemented,NonDemented_patient24,NonDemented_patient24,True,True,True,4,review_only_not_split_blocking
img_fa9486235267,img_816d10c5ba19,Alzheimer_MRI_4_classes_dataset/Alzheimer_MRI_4_classes_dataset/NonDemented/13 (26).jpg,Alzheimer_MRI_4_classes_dataset/Alzheimer_MRI_4_classes_dataset/NonDemented/14 (26).jpg,NonDemented,NonDemented,NonDemented,NonDemented,NonDemented_patient26,NonDemented_patient26,True,True,True,2,review_only_not_split_blocking
img_a6fede6498b1,img_cdfab9033295,Alzheimer_MRI_4_classes_dataset/Alzheimer_MRI_4_classes_dataset/NonDemented/13 (32).jpg,Alzheimer_MRI_4_classes_dataset/Alzheimer_MRI_4_classes_dataset/NonDemented/14 (32).jpg,NonDemented,NonDemented,NonDemented,NonDemented,NonDemented_patient32,NonDemented_patient32,True,True,True,3,review_only_not_split_blocking
img_9e67d3cfcf2d,img_dcf66ead5763,Alzheimer_MRI_4_classes_dataset/Alzheimer_MRI_4_classes_dataset/NonDemented/13 (33).jpg,Alzheimer_MRI_4_classes_dataset/Alzheimer_MRI_4_classes_dataset/NonDemented/14 (33).jpg,NonDemented,NonDemented,NonDemented,NonDemented,NonDemented_patient33,NonDemented_patient33,True,True,True,4,review_only_not_split_blocking
img_d43a9a974eeb,img_32909231d4db,Alzheimer_MRI_4_classes_dataset/Alzheimer_MRI_4_classes_dataset/NonDemented/13 (36).jpg,Alzheimer_MRI_4_classes_dataset/Alzheimer_MRI_4_classes_dataset/NonDemented/14 (36).jpg,NonDemented,NonDemented,NonDemented,NonDemented,NonDemented_patient36,NonDemented_patient36,True,True,True,4,review_only_not_split_blocking
img_fe26939177d0,img_8a593286aa6f,Alzheimer_MRI_4_classes_dataset/Alzheimer_MRI_4_classes_dataset/NonDemented/13 (4).jpg,Alzheimer_MRI_4_classes_dataset/Alzheimer_MRI_4_classes_dataset/NonDemented/14 (4).jpg,NonDemented,NonDemented,NonDemented,NonDemented,NonDemented_patient4,NonDemented_patient4,True,True,True,2,review_only_not_split_blocking
img_ef87b5534e11,img_2fdbd368b786,Alzheimer_MRI_4_classes_dataset/Alzheimer_MRI_4_classes_dataset/NonDemented/13 (46).jpg,Alzheimer_MRI_4_classes_dataset/Alzheimer_MRI_4_classes_dataset/NonDemented/14 (46).jpg,NonDemented,NonDemented,NonDemented,NonDemented,NonDemented_patient46,NonDemented_patient46,True,True,True,2,review_only_not_split_blocking
img_140d6388ef17,img_c0cc9f919ecc,Alzheimer_MRI_4_classes_dataset/Alzheimer_MRI_4_classes_dataset/NonDemented/13 (5).jpg,Alzheimer_MRI_4_classes_dataset/Alzheimer_MRI_4_classes_dataset/NonDemented/14 (5).jpg,NonDemented,NonDemented,NonDemented,NonDemented,NonDemented_patient5,NonDemented_patient5,True,True,True,3,review_only_not_split_blocking
img_5c0b6b463552,img_4bda8b767655,Alzheimer_MRI_4_classes_dataset/Alzheimer_MRI_4_classes_dataset/NonDemented/13 (57).jpg,Alzheimer_MRI_4_classes_dataset/Alzheimer_MRI_4_classes_dataset/NonDemented/14 (57).jpg,NonDemented,NonDemented,NonDemented,NonDemented,NonDemented_patient57,NonDemented_patient57,True,True,True,2,review_only_not_split_blocking
img_ea85c7f07275,img_0af6e3b72fbb,Alzheimer_MRI_4_classes_dataset/Alzheimer_MRI_4_classes_dataset/NonDemented/13 (59).jpg,Alzheimer_MRI_4_classes_dataset/Alzheimer_MRI_4_classes_dataset/NonDemented/14 (59).jpg,NonDemented,NonDemented,NonDemented,NonDemented,NonDemented_patient59,NonDemented_patient59,True,True,True,4,review_only_not_split_blocking
img_544de2bdec08,img_15b84b3313f9,Alzheimer_MRI_4_classes_dataset/Alzheimer_MRI_4_classes_dataset/NonDemented/13 (6).jpg,Alzheimer_MRI_4_classes_dataset/Alzheimer_MRI_4_classes_dataset/NonDemented/14 (6).jpg,NonDemented,NonDemented,NonDemented,NonDemented,NonDemented_patient6,NonDemented_patient6,True,True,True,3,review_only_not_split_blocking
img_cc52d529e36e,img_794dc212eedd,Alzheimer_MRI_4_classes_dataset/Alzheimer_MRI_4_classes_dataset/NonDemented/13 (62).jpg,Alzheimer_MRI_4_classes_dataset/Alzheimer_MRI_4_classes_dataset/NonDemented/14 (62).jpg,NonDemented,NonDemented,NonDemented,NonDemented,NonDemented_patient62,NonDemented_patient62,True,True,True,4,review_only_not_split_blocking
img_037d7567b6fa,img_c172424e2ce1,Alzheimer_MRI_4_classes_dataset/Alzheimer_MRI_4_classes_dataset/NonDemented/13 (63).jpg,Alzheimer_MRI_4_classes_dataset/Alzheimer_MRI_4_classes_dataset/NonDemented/14 (63).jpg,NonDemented,NonDemented,NonDemented,NonDemented,NonDemented_patient63,NonDemented_patient63,True,True,True,2,review_only_not_split_blocking
img_4eae4bd34881,img_b07857d698bb,Alzheimer_MRI_4_classes_dataset/Alzheimer_MRI_4_classes_dataset/NonDemented/13 (66).jpg,Alzheimer_MRI_4_classes_dataset/Alzheimer_MRI_4_classes_dataset/NonDemented/14 (66).jpg,NonDemented,NonDemented,NonDemented,NonDemented,NonDemented_patient66,NonDemented_patient66,True,True,True,3,review_only_not_split_blocking
img_fbabb68a7a3d,img_4a8e932d84fe,Alzheimer_MRI_4_classes_dataset/Alzheimer_MRI_4_classes_dataset/NonDemented/13 (68).jpg,Alzheimer_MRI_4_classes_dataset/Alzheimer_MRI_4_classes_dataset/NonDemented/14 (68).jpg,NonDemented,NonDemented,NonDemented,NonDemented,NonDemented_patient68,NonDemented_patient68,True,True,True,4,review_only_not_split_blocking
img_62bcc54257e4,img_966d69d19493,Alzheimer_MRI_4_classes_dataset/Alzheimer_MRI_4_classes_dataset/NonDemented/13 (7).jpg,Alzheimer_MRI_4_classes_dataset/Alzheimer_MRI_4_classes_dataset/NonDemented/14 (7).jpg,NonDemented,NonDemented,NonDemented,NonDemented,NonDemented_patient7,NonDemented_patient7,True,True,True,4,review_only_not_split_blocking
img_b32cde78a2a1,img_65bf140a94ea,Alzheimer_MRI_4_classes_dataset/Alzheimer_MRI_4_classes_dataset/NonDemented/13 (73).jpg,Alzheimer_MRI_4_classes_dataset/Alzheimer_MRI_4_classes_dataset/NonDemented/14 (73).jpg,NonDemented,NonDemented,NonDemented,NonDemented,NonDemented_patient73,NonDemented_patient73,True,True,True,3,review_only_not_split_blocking
img_49b37dbc6965,img_691e3b682b5c,Alzheimer_MRI_4_classes_dataset/Alzheimer_MRI_4_classes_dataset/NonDemented/13 (76).jpg,Alzheimer_MRI_4_classes_dataset/Alzheimer_MRI_4_classes_dataset/NonDemented/14 (76).jpg,NonDemented,NonDemented,NonDemented,NonDemented,NonDemented_patient76,NonDemented_patient76,True,True,True,4,review_only_not_split_blocking
img_dd3c193f300d,img_f2f4ec80edb0,Alzheimer_MRI_4_classes_dataset/Alzheimer_MRI_4_classes_dataset/NonDemented/13 (78).jpg,Alzheimer_MRI_4_classes_dataset/Alzheimer_MRI_4_classes_dataset/NonDemented/14 (78).jpg,NonDemented,NonDemented,NonDemented,NonDemented,NonDemented_patient78,NonDemented_patient78,True,True,True,2,review_only_not_split_blocking
img_f25eb6fc95e5,img_4353c323aa5f,Alzheimer_MRI_4_classes_dataset/Alzheimer_MRI_4_classes_dataset/NonDemented/13 (80).jpg,Alzheimer_MRI_4_classes_dataset/Alzheimer_MRI_4_classes_dataset/NonDemented/14 (80).jpg,NonDemented,NonDemented,NonDemented,NonDemented,NonDemented_patient80,NonDemented_patient80,True,True,True,2,review_only_not_split_blocking
img_791225c512b9,img_607e0e6bfaed,Alzheimer_MRI_4_classes_dataset/Alzheimer_MRI_4_classes_dataset/NonDemented/13 (96).jpg,Alzheimer_MRI_4_classes_dataset/Alzheimer_MRI_4_classes_dataset/NonDemented/14 (96).jpg,NonDemented,NonDemented,NonDemented,NonDemented,NonDemented_patient96,NonDemented_patient96,True,True,True,4,review_only_not_split_blocking
img_52c2287e14bd,img_2f74e9d8040a,Alzheimer_MRI_4_classes_dataset/Alzheimer_MRI_4_classes_dataset/NonDemented/13.jpg,Alzheimer_MRI_4_classes_dataset/Alzheimer_MRI_4_classes_dataset/NonDemented/14.jpg,NonDemented,NonDemented,NonDemented,NonDemented,NonDemented_unique_13_c2d8617aa832,NonDemented_unique_14_91082e34a4e2,False,True,True,4,review_only_not_split_blocking
img_4309d86c5167,img_7a47b0842b44,Alzheimer_MRI_4_classes_dataset/Alzheimer_MRI_4_classes_dataset/NonDemented/14 (100).jpg,Alzheimer_MRI_4_classes_dataset/Alzheimer_MRI_4_classes_dataset/NonDemented/15 (100).jpg,NonDemented,NonDemented,NonDemented,NonDemented,NonDemented_patient100,NonDemented_patient100,True,True,True,4,review_only_not_split_blocking
img_d187a96a2a70,img_729eb70ed05c,Alzheimer_MRI_4_classes_dataset/Alzheimer_MRI_4_classes_dataset/NonDemented/14 (11).jpg,Alzheimer_MRI_4_classes_dataset/Alzheimer_MRI_4_classes_dataset/NonDemented/15 (11).jpg,NonDemented,NonDemented,NonDemented,NonDemented,NonDemented_patient11,NonDemented_patient11,True,True,True,0,review_only_not_split_blocking
img_d187a96a2a70,img_b22101aa26fc,Alzheimer_MRI_4_classes_dataset/Alzheimer_MRI_4_classes_dataset/NonDemented/14 (11).jpg,Alzheimer_MRI_4_classes_dataset/Alzheimer_MRI_4_classes_dataset/NonDemented/16 (11).jpg,NonDemented,NonDemented,NonDemented,NonDemented,NonDemented_patient11,NonDemented_patient11,True,True,True,4,review_only_not_split_blocking
img_739502ecee3c,img_2d9e451197cc,Alzheimer_MRI_4_classes_dataset/Alzheimer_MRI_4_classes_dataset/NonDemented/14 (12).jpg,Alzheimer_MRI_4_classes_dataset/Alzheimer_MRI_4_classes_dataset/NonDemented/15 (12).jpg,NonDemented,NonDemented,NonDemented,NonDemented,NonDemented_patient12,NonDemented_patient12,True,True,True,1,review_only_not_split_blocking
img_f0955dad99f4,img_cb7d1b649c98,Alzheimer_MRI_4_classes_dataset/Alzheimer_MRI_4_classes_dataset/NonDemented/14 (15).jpg,Alzheimer_MRI_4_classes_dataset/Alzheimer_MRI_4_classes_dataset/NonDemented/15 (15).jpg,NonDemented,NonDemented,NonDemented,NonDemented,NonDemented_patient15,NonDemented_patient15,True,True,True,4,review_only_not_split_blocking
img_2c2a575b8274,img_8f6b68534b7a,Alzheimer_MRI_4_classes_dataset/Alzheimer_MRI_4_classes_dataset/NonDemented/14 (16).jpg,Alzheimer_MRI_4_classes_dataset/Alzheimer_MRI_4_classes_dataset/NonDemented/15 (16).jpg,NonDemented,NonDemented,NonDemented,NonDemented,NonDemented_patient16,NonDemented_patient16,True,True,True,3,review_only_not_split_blocking
img_8a7263600522,img_001570148f71,Alzheimer_MRI_4_classes_dataset/Alzheimer_MRI_4_classes_dataset/NonDemented/14 (18).jpg,Alzheimer_MRI_4_classes_dataset/Alzheimer_MRI_4_classes_dataset/NonDemented/15 (18).jpg,NonDemented,NonDemented,NonDemented,NonDemented,NonDemented_patient18,NonDemented_patient18,True,True,True,3,review_only_not_split_blocking
img_09108d8b33e0,img_c75d1a7382d5,Alzheimer_MRI_4_classes_dataset/Alzheimer_MRI_4_classes_dataset/NonDemented/14 (19).jpg,Alzheimer_MRI_4_classes_dataset/Alzheimer_MRI_4_classes_dataset/NonDemented/15 (19).jpg,NonDemented,NonDemented,NonDemented,NonDemented,NonDemented_patient19,NonDemented_patient19,True,True,True,4,review_only_not_split_blocking
img_6b55884970a0,img_fca00eaf74a3,Alzheimer_MRI_4_classes_dataset/Alzheimer_MRI_4_classes_dataset/NonDemented/14 (21).jpg,Alzheimer_MRI_4_classes_dataset/Alzheimer_MRI_4_classes_dataset/NonDemented/15 (21).jpg,NonDemented,NonDemented,NonDemented,NonDemented,NonDemented_patient21,NonDemented_patient21,True,True,True,4,review_only_not_split_blocking
img_6c13de762a36,img_c9bf7372b310,Alzheimer_MRI_4_classes_dataset/Alzheimer_MRI_4_classes_dataset/NonDemented/14 (27).jpg,Alzheimer_MRI_4_classes_dataset/Alzheimer_MRI_4_classes_dataset/NonDemented/15 (27).jpg,NonDemented,NonDemented,NonDemented,NonDemented,NonDemented_patient27,NonDemented_patient27,True,True,True,4,review_only_not_split_blocking
img_a980843e7eb2,img_e24df0f4f43b,Alzheimer_MRI_4_classes_dataset/Alzheimer_MRI_4_classes_dataset/NonDemented/14 (29).jpg,Alzheimer_MRI_4_classes_dataset/Alzheimer_MRI_4_classes_dataset/NonDemented/15 (29).jpg,NonDemented,NonDemented,NonDemented,NonDemented,NonDemented_patient29,NonDemented_patient29,True,True,True,0,review_only_not_split_blocking
img_22839e14a3a7,img_f295367af719,Alzheimer_MRI_4_classes_dataset/Alzheimer_MRI_4_classes_dataset/NonDemented/14 (30).jpg,Alzheimer_MRI_4_classes_dataset/Alzheimer_MRI_4_classes_dataset/NonDemented/15 (30).jpg,NonDemented,NonDemented,NonDemented,NonDemented,NonDemented_patient30,NonDemented_patient30,True,True,True,4,review_only_not_split_blocking
img_fba99c61c5d4,img_0bc5cbc5588d,Alzheimer_MRI_4_classes_dataset/Alzheimer_MRI_4_classes_dataset/NonDemented/14 (31).jpg,Alzheimer_MRI_4_classes_dataset/Alzheimer_MRI_4_classes_dataset/NonDemented/15 (31).jpg,NonDemented,NonDemented,NonDemented,NonDemented,NonDemented_patient31,NonDemented_patient31,True,True,True,4,review_only_not_split_blocking
img_dcf66ead5763,img_06065d3596ed,Alzheimer_MRI_4_classes_dataset/Alzheimer_MRI_4_classes_dataset/NonDemented/14 (33).jpg,Alzheimer_MRI_4_classes_dataset/Alzheimer_MRI_4_classes_dataset/NonDemented/15 (33).jpg,NonDemented,NonDemented,NonDemented,NonDemented,NonDemented_patient33,NonDemented_patient33,True,True,True,3,review_only_not_split_blocking
img_953736b1e5bf,img_d72feb8cc908,Alzheimer_MRI_4_classes_dataset/Alzheimer_MRI_4_classes_dataset/NonDemented/14 (34).jpg,Alzheimer_MRI_4_classes_dataset/Alzheimer_MRI_4_classes_dataset/NonDemented/15 (34).jpg,NonDemented,NonDemented,NonDemented,NonDemented,NonDemented_patient34,NonDemented_patient34,True,True,True,3,review_only_not_split_blocking
img_953736b1e5bf,img_2688d2478833,Alzheimer_MRI_4_classes_dataset/Alzheimer_MRI_4_classes_dataset/NonDemented/14 (34).jpg,Alzheimer_MRI_4_classes_dataset/Alzheimer_MRI_4_classes_dataset/NonDemented/16 (34).jpg,NonDemented,NonDemented,NonDemented,NonDemented,NonDemented_patient34,NonDemented_patient34,True,True,True,4,review_only_not_split_blocking
img_32909231d4db,img_6d24cb28dc64,Alzheimer_MRI_4_classes_dataset/Alzheimer_MRI_4_classes_dataset/NonDemented/14 (36).jpg,Alzheimer_MRI_4_classes_dataset/Alzheimer_MRI_4_classes_dataset/NonDemented/15 (36).jpg,NonDemented,NonDemented,NonDemented,NonDemented,NonDemented_patient36,NonDemented_patient36,True,True,True,4,review_only_not_split_blocking
img_f1c59fcf0362,img_67b3e1ab0e88,Alzheimer_MRI_4_classes_dataset/Alzheimer_MRI_4_classes_dataset/NonDemented/14 (39).jpg,Alzheimer_MRI_4_classes_dataset/Alzheimer_MRI_4_classes_dataset/NonDemented/15 (39).jpg,NonDemented,NonDemented,NonDemented,NonDemented,NonDemented_patient39,NonDemented_patient39,True,True,True,4,review_only_not_split_blocking
img_8bdcb8590ccf,img_92e4f062a555,Alzheimer_MRI_4_classes_dataset/Alzheimer_MRI_4_classes_dataset/NonDemented/14 (41).jpg,Alzheimer_MRI_4_classes_dataset/Alzheimer_MRI_4_classes_dataset/NonDemented/15 (41).jpg,NonDemented,NonDemented,NonDemented,NonDemented,NonDemented_patient41,NonDemented_patient41,True,True,True,4,review_only_not_split_blocking
img_505099bf42be,img_6687a3a57431,Alzheimer_MRI_4_classes_dataset/Alzheimer_MRI_4_classes_dataset/NonDemented/14 (44).jpg,Alzheimer_MRI_4_classes_dataset/Alzheimer_MRI_4_classes_dataset/NonDemented/15 (44).jpg,NonDemented,NonDemented,NonDemented,NonDemented,NonDemented_patient44,NonDemented_patient44,True,True,True,4,review_only_not_split_blocking
img_951c7d94f334,img_954adc2421d5,Alzheimer_MRI_4_classes_dataset/Alzheimer_MRI_4_classes_dataset/NonDemented/14 (45).jpg,Alzheimer_MRI_4_classes_dataset/Alzheimer_MRI_4_classes_dataset/NonDemented/15 (45).jpg,NonDemented,NonDemented,NonDemented,NonDemented,NonDemented_patient45,NonDemented_patient45,True,True,True,3,review_only_not_split_blocking
img_ecd1fde46eb4,img_8c200ac3aacf,Alzheimer_MRI_4_classes_dataset/Alzheimer_MRI_4_classes_dataset/NonDemented/14 (49).jpg,Alzheimer_MRI_4_classes_dataset/Alzheimer_MRI_4_classes_dataset/NonDemented/15 (49).jpg,NonDemented,NonDemented,NonDemented,NonDemented,NonDemented_patient49,NonDemented_patient49,True,True,True,4,review_only_not_split_blocking
img_c0cc9f919ecc,img_df2abc2611e5,Alzheimer_MRI_4_classes_dataset/Alzheimer_MRI_4_classes_dataset/NonDemented/14 (5).jpg,Alzheimer_MRI_4_classes_dataset/Alzheimer_MRI_4_classes_dataset/NonDemented/15 (5).jpg,NonDemented,NonDemented,NonDemented,NonDemented,NonDemented_patient5,NonDemented_patient5,True,True,True,3,review_only_not_split_blocking
img_c7bedfea9bd0,img_78eadb934ac6,Alzheimer_MRI_4_classes_dataset/Alzheimer_MRI_4_classes_dataset/NonDemented/14 (50).jpg,Alzheimer_MRI_4_classes_dataset/Alzheimer_MRI_4_classes_dataset/NonDemented/15 (50).jpg,NonDemented,NonDemented,NonDemented,NonDemented,NonDemented_patient50,NonDemented_patient50,True,True,True,2,review_only_not_split_blocking
img_6984074e8b1d,img_fc1a8b37b887,Alzheimer_MRI_4_classes_dataset/Alzheimer_MRI_4_classes_dataset/NonDemented/14 (51).jpg,Alzheimer_MRI_4_classes_dataset/Alzheimer_MRI_4_classes_dataset/NonDemented/15 (51).jpg,NonDemented,NonDemented,NonDemented,NonDemented,NonDemented_patient51,NonDemented_patient51,True,True,True,4,review_only_not_split_blocking
img_d7070dee2b21,img_da88b3e7ff72,Alzheimer_MRI_4_classes_dataset/Alzheimer_MRI_4_classes_dataset/NonDemented/14 (53).jpg,Alzheimer_MRI_4_classes_dataset/Alzheimer_MRI_4_classes_dataset/NonDemented/15 (53).jpg,NonDemented,NonDemented,NonDemented,NonDemented,NonDemented_patient53,NonDemented_patient53,True,True,True,3,review_only_not_split_blocking
img_85b58fd88c0c,img_c769c13c9a29,Alzheimer_MRI_4_classes_dataset/Alzheimer_MRI_4_classes_dataset/NonDemented/14 (54).jpg,Alzheimer_MRI_4_classes_dataset/Alzheimer_MRI_4_classes_dataset/NonDemented/15 (54).jpg,NonDemented,NonDemented,NonDemented,NonDemented,NonDemented_patient54,NonDemented_patient54,True,True,True,1,review_only_not_split_blocking
img_4bda8b767655,img_63a951a22e20,Alzheimer_MRI_4_classes_dataset/Alzheimer_MRI_4_classes_dataset/NonDemented/14 (57).jpg,Alzheimer_MRI_4_classes_dataset/Alzheimer_MRI_4_classes_dataset/NonDemented/15 (57).jpg,NonDemented,NonDemented,NonDemented,NonDemented,NonDemented_patient57,NonDemented_patient57,True,True,True,4,review_only_not_split_blocking
img_95b79cdbaaf4,img_762c85c3d1f7,Alzheimer_MRI_4_classes_dataset/Alzheimer_MRI_4_classes_dataset/NonDemented/14 (58).jpg,Alzheimer_MRI_4_classes_dataset/Alzheimer_MRI_4_classes_dataset/NonDemented/15 (58).jpg,NonDemented,NonDemented,NonDemented,NonDemented,NonDemented_patient58,NonDemented_patient58,True,True,True,3,review_only_not_split_blocking
img_794dc212eedd,img_dc19c6ec4490,Alzheimer_MRI_4_classes_dataset/Alzheimer_MRI_4_classes_dataset/NonDemented/14 (62).jpg,Alzheimer_MRI_4_classes_dataset/Alzheimer_MRI_4_classes_dataset/NonDemented/15 (62).jpg,NonDemented,NonDemented,NonDemented,NonDemented,NonDemented_patient62,NonDemented_patient62,True,True,True,4,review_only_not_split_blocking
img_6ed239828148,img_c9930141a201,Alzheimer_MRI_4_classes_dataset/Alzheimer_MRI_4_classes_dataset/NonDemented/14 (67).jpg,Alzheimer_MRI_4_classes_dataset/Alzheimer_MRI_4_classes_dataset/NonDemented/15 (67).jpg,NonDemented,NonDemented,NonDemented,NonDemented,NonDemented_patient67,NonDemented_patient67,True,True,True,4,review_only_not_split_blocking
img_4a8e932d84fe,img_f53dd6b155ad,Alzheimer_MRI_4_classes_dataset/Alzheimer_MRI_4_classes_dataset/NonDemented/14 (68).jpg,Alzheimer_MRI_4_classes_dataset/Alzheimer_MRI_4_classes_dataset/NonDemented/15 (68).jpg,NonDemented,NonDemented,NonDemented,NonDemented,NonDemented_patient68,NonDemented_patient68,True,True,True,2,review_only_not_split_blocking
img_966d69d19493,img_53649b14b1ad,Alzheimer_MRI_4_classes_dataset/Alzheimer_MRI_4_classes_dataset/NonDemented/14 (7).jpg,Alzheimer_MRI_4_classes_dataset/Alzheimer_MRI_4_classes_dataset/NonDemented/15 (7).jpg,NonDemented,NonDemented,NonDemented,NonDemented,NonDemented_patient7,NonDemented_patient7,True,True,True,3,review_only_not_split_blocking
img_f2f4ec80edb0,img_5b7268eee0e9,Alzheimer_MRI_4_classes_dataset/Alzheimer_MRI_4_classes_dataset/NonDemented/14 (78).jpg,Alzheimer_MRI_4_classes_dataset/Alzheimer_MRI_4_classes_dataset/NonDemented/15 (78).jpg,NonDemented,NonDemented,NonDemented,NonDemented,NonDemented_patient78,NonDemented_patient78,True,True,True,4,review_only_not_split_blocking
img_6a3d465d6bc2,img_4ca87fe3b62c,Alzheimer_MRI_4_classes_dataset/Alzheimer_MRI_4_classes_dataset/NonDemented/14 (84).jpg,Alzheimer_MRI_4_classes_dataset/Alzheimer_MRI_4_classes_dataset/NonDemented/15 (84).jpg,NonDemented,NonDemented,NonDemented,NonDemented,NonDemented_patient84,NonDemented_patient84,True,True,True,4,review_only_not_split_blocking
img_c32df018443a,img_4d782eab500b,Alzheimer_MRI_4_classes_dataset/Alzheimer_MRI_4_classes_dataset/NonDemented/14 (89).jpg,Alzheimer_MRI_4_classes_dataset/Alzheimer_MRI_4_classes_dataset/NonDemented/15 (89).jpg,NonDemented,NonDemented,NonDemented,NonDemented,NonDemented_patient89,NonDemented_patient89,True,True,True,3,review_only_not_split_blocking
img_68155a3b03ac,img_4579be807ebf,Alzheimer_MRI_4_classes_dataset/Alzheimer_MRI_4_classes_dataset/NonDemented/14 (91).jpg,Alzheimer_MRI_4_classes_dataset/Alzheimer_MRI_4_classes_dataset/NonDemented/15 (91).jpg,NonDemented,NonDemented,NonDemented,NonDemented,NonDemented_patient91,NonDemented_patient91,True,True,True,3,review_only_not_split_blocking
img_ea97cc37ce96,img_daf30dd4c5ad,Alzheimer_MRI_4_classes_dataset/Alzheimer_MRI_4_classes_dataset/NonDemented/14 (92).jpg,Alzheimer_MRI_4_classes_dataset/Alzheimer_MRI_4_classes_dataset/NonDemented/15 (92).jpg,NonDemented,NonDemented,NonDemented,NonDemented,NonDemented_patient92,NonDemented_patient92,True,True,True,3,review_only_not_split_blocking
img_729eb70ed05c,img_b22101aa26fc,Alzheimer_MRI_4_classes_dataset/Alzheimer_MRI_4_classes_dataset/NonDemented/15 (11).jpg,Alzheimer_MRI_4_classes_dataset/Alzheimer_MRI_4_classes_dataset/NonDemented/16 (11).jpg,NonDemented,NonDemented,NonDemented,NonDemented,NonDemented_patient11,NonDemented_patient11,True,True,True,4,review_only_not_split_blocking
img_001570148f71,img_82aecb0e2bf3,Alzheimer_MRI_4_classes_dataset/Alzheimer_MRI_4_classes_dataset/NonDemented/15 (18).jpg,Alzheimer_MRI_4_classes_dataset/Alzheimer_MRI_4_classes_dataset/NonDemented/16 (18).jpg,NonDemented,NonDemented,NonDemented,NonDemented,NonDemented_patient18,NonDemented_patient18,True,True,True,4,review_only_not_split_blocking
img_ff4a890b620e,img_537295bfd77c,Alzheimer_MRI_4_classes_dataset/Alzheimer_MRI_4_classes_dataset/NonDemented/15 (20).jpg,Alzheimer_MRI_4_classes_dataset/Alzheimer_MRI_4_classes_dataset/NonDemented/16 (20).jpg,NonDemented,NonDemented,NonDemented,NonDemented,NonDemented_patient20,NonDemented_patient20,True,True,True,4,review_only_not_split_blocking
img_27ffd719911d,img_4ce7c9ba4104,Alzheimer_MRI_4_classes_dataset/Alzheimer_MRI_4_classes_dataset/NonDemented/15 (23).jpg,Alzheimer_MRI_4_classes_dataset/Alzheimer_MRI_4_classes_dataset/NonDemented/16 (23).jpg,NonDemented,NonDemented,NonDemented,NonDemented,NonDemented_patient23,NonDemented_patient23,True,True,True,3,review_only_not_split_blocking
img_c9bf7372b310,img_7a7b4a623c49,Alzheimer_MRI_4_classes_dataset/Alzheimer_MRI_4_classes_dataset/NonDemented/15 (27).jpg,Alzheimer_MRI_4_classes_dataset/Alzheimer_MRI_4_classes_dataset/NonDemented/16 (27).jpg,NonDemented,NonDemented,NonDemented,NonDemented,NonDemented_patient27,NonDemented_patient27,True,True,True,4,review_only_not_split_blocking
img_0bc5cbc5588d,img_8d3c6b1e9cd0,Alzheimer_MRI_4_classes_dataset/Alzheimer_MRI_4_classes_dataset/NonDemented/15 (31).jpg,Alzheimer_MRI_4_classes_dataset/Alzheimer_MRI_4_classes_dataset/NonDemented/16 (31).jpg,NonDemented,NonDemented,NonDemented,NonDemented,NonDemented_patient31,NonDemented_patient31,True,True,True,1,review_only_not_split_blocking
img_06065d3596ed,img_b0e81e95453b,Alzheimer_MRI_4_classes_dataset/Alzheimer_MRI_4_classes_dataset/NonDemented/15 (33).jpg,Alzheimer_MRI_4_classes_dataset/Alzheimer_MRI_4_classes_dataset/NonDemented/16 (33).jpg,NonDemented,NonDemented,NonDemented,NonDemented,NonDemented_patient33,NonDemented_patient33,True,True,True,4,review_only_not_split_blocking
img_d72feb8cc908,img_2688d2478833,Alzheimer_MRI_4_classes_dataset/Alzheimer_MRI_4_classes_dataset/NonDemented/15 (34).jpg,Alzheimer_MRI_4_classes_dataset/Alzheimer_MRI_4_classes_dataset/NonDemented/16 (34).jpg,NonDemented,NonDemented,NonDemented,NonDemented,NonDemented_patient34,NonDemented_patient34,True,True,True,1,review_only_not_split_blocking
img_a981483d6eb4,img_b5746715721c,Alzheimer_MRI_4_classes_dataset/Alzheimer_MRI_4_classes_dataset/NonDemented/15 (37).jpg,Alzheimer_MRI_4_classes_dataset/Alzheimer_MRI_4_classes_dataset/NonDemented/16 (37).jpg,NonDemented,NonDemented,NonDemented,NonDemented,NonDemented_patient37,NonDemented_patient37,True,True,True,4,review_only_not_split_blocking
img_d7edd5853471,img_eebeef3c7f74,Alzheimer_MRI_4_classes_dataset/Alzheimer_MRI_4_classes_dataset/NonDemented/15 (38).jpg,Alzheimer_MRI_4_classes_dataset/Alzheimer_MRI_4_classes_dataset/NonDemented/16 (38).jpg,NonDemented,NonDemented,NonDemented,NonDemented,NonDemented_patient38,NonDemented_patient38,True,True,True,4,review_only_not_split_blocking
img_3ab035dadd53,img_dbcb989dab1e,Alzheimer_MRI_4_classes_dataset/Alzheimer_MRI_4_classes_dataset/NonDemented/15 (40).jpg,Alzheimer_MRI_4_classes_dataset/Alzheimer_MRI_4_classes_dataset/NonDemented/16 (40).jpg,NonDemented,NonDemented,NonDemented,NonDemented,NonDemented_patient40,NonDemented_patient40,True,True,True,4,review_only_not_split_blocking
img_6687a3a57431,img_acc868730a69,Alzheimer_MRI_4_classes_dataset/Alzheimer_MRI_4_classes_dataset/NonDemented/15 (44).jpg,Alzheimer_MRI_4_classes_dataset/Alzheimer_MRI_4_classes_dataset/NonDemented/16 (44).jpg,NonDemented,NonDemented,NonDemented,NonDemented,NonDemented_patient44,NonDemented_patient44,True,True,True,3,review_only_not_split_blocking
img_781ba70f0863,img_77fade2375e4,Alzheimer_MRI_4_classes_dataset/Alzheimer_MRI_4_classes_dataset/NonDemented/15 (46).jpg,Alzheimer_MRI_4_classes_dataset/Alzheimer_MRI_4_classes_dataset/NonDemented/16 (46).jpg,NonDemented,NonDemented,NonDemented,NonDemented,NonDemented_patient46,NonDemented_patient46,True,True,True,4,review_only_not_split_blocking
img_44c8d8617774,img_734d266095a2,Alzheimer_MRI_4_classes_dataset/Alzheimer_MRI_4_classes_dataset/NonDemented/15 (47).jpg,Alzheimer_MRI_4_classes_dataset/Alzheimer_MRI_4_classes_dataset/NonDemented/16 (47).jpg,NonDemented,NonDemented,NonDemented,NonDemented,NonDemented_patient47,NonDemented_patient47,True,True,True,3,review_only_not_split_blocking
img_661e3269958e,img_10484908a4e9,Alzheimer_MRI_4_classes_dataset/Alzheimer_MRI_4_classes_dataset/NonDemented/15 (48).jpg,Alzheimer_MRI_4_classes_dataset/Alzheimer_MRI_4_classes_dataset/NonDemented/16 (48).jpg,NonDemented,NonDemented,NonDemented,NonDemented,NonDemented_patient48,NonDemented_patient48,True,True,True,3,review_only_not_split_blocking
img_8c200ac3aacf,img_23e7bedabf08,Alzheimer_MRI_4_classes_dataset/Alzheimer_MRI_4_classes_dataset/NonDemented/15 (49).jpg,Alzheimer_MRI_4_classes_dataset/Alzheimer_MRI_4_classes_dataset/NonDemented/16 (49).jpg,NonDemented,NonDemented,NonDemented,NonDemented,NonDemented_patient49,NonDemented_patient49,True,True,True,2,review_only_not_split_blocking
img_fc1a8b37b887,img_30fa61995b1b,Alzheimer_MRI_4_classes_dataset/Alzheimer_MRI_4_classes_dataset/NonDemented/15 (51).jpg,Alzheimer_MRI_4_classes_dataset/Alzheimer_MRI_4_classes_dataset/NonDemented/16 (51).jpg,NonDemented,NonDemented,NonDemented,NonDemented,NonDemented_patient51,NonDemented_patient51,True,True,True,2,review_only_not_split_blocking
img_da88b3e7ff72,img_4ded16994774,Alzheimer_MRI_4_classes_dataset/Alzheimer_MRI_4_classes_dataset/NonDemented/15 (53).jpg,Alzheimer_MRI_4_classes_dataset/Alzheimer_MRI_4_classes_dataset/NonDemented/16 (53).jpg,NonDemented,NonDemented,NonDemented,NonDemented,NonDemented_patient53,NonDemented_patient53,True,True,True,4,review_only_not_split_blocking
img_b9cfc87a0f80,img_9b82c3dbaa86,Alzheimer_MRI_4_classes_dataset/Alzheimer_MRI_4_classes_dataset/NonDemented/15 (56).jpg,Alzheimer_MRI_4_classes_dataset/Alzheimer_MRI_4_classes_dataset/NonDemented/16 (56).jpg,NonDemented,NonDemented,NonDemented,NonDemented,NonDemented_patient56,NonDemented_patient56,True,True,True,4,review_only_not_split_blocking
img_762c85c3d1f7,img_1e8cb12350a9,Alzheimer_MRI_4_classes_dataset/Alzheimer_MRI_4_classes_dataset/NonDemented/15 (58).jpg,Alzheimer_MRI_4_classes_dataset/Alzheimer_MRI_4_classes_dataset/NonDemented/16 (58).jpg,NonDemented,NonDemented,NonDemented,NonDemented,NonDemented_patient58,NonDemented_patient58,True,True,True,4,review_only_not_split_blocking
img_b0f3bc35ea9d,img_04e32bfcb2ad,Alzheimer_MRI_4_classes_dataset/Alzheimer_MRI_4_classes_dataset/NonDemented/15 (6).jpg,Alzheimer_MRI_4_classes_dataset/Alzheimer_MRI_4_classes_dataset/NonDemented/16 (6).jpg,NonDemented,NonDemented,NonDemented,NonDemented,NonDemented_patient6,NonDemented_patient6,True,True,True,4,review_only_not_split_blocking
img_4b0d0e4740d6,img_1feda1b2dc5d,Alzheimer_MRI_4_classes_dataset/Alzheimer_MRI_4_classes_dataset/NonDemented/15 (65).jpg,Alzheimer_MRI_4_classes_dataset/Alzheimer_MRI_4_classes_dataset/NonDemented/16 (65).jpg,NonDemented,NonDemented,NonDemented,NonDemented,NonDemented_patient65,NonDemented_patient65,True,True,True,4,review_only_not_split_blocking
img_c9930141a201,img_f9941e54c172,Alzheimer_MRI_4_classes_dataset/Alzheimer_MRI_4_classes_dataset/NonDemented/15 (67).jpg,Alzheimer_MRI_4_classes_dataset/Alzheimer_MRI_4_classes_dataset/NonDemented/16 (67).jpg,NonDemented,NonDemented,NonDemented,NonDemented,NonDemented_patient67,NonDemented_patient67,True,True,True,4,review_only_not_split_blocking
img_f53dd6b155ad,img_c09abec114c1,Alzheimer_MRI_4_classes_dataset/Alzheimer_MRI_4_classes_dataset/NonDemented/15 (68).jpg,Alzheimer_MRI_4_classes_dataset/Alzheimer_MRI_4_classes_dataset/NonDemented/16 (68).jpg,NonDemented,NonDemented,NonDemented,NonDemented,NonDemented_patient68,NonDemented_patient68,True,True,True,4,review_only_not_split_blocking
img_53649b14b1ad,img_2e53cebd0f5b,Alzheimer_MRI_4_classes_dataset/Alzheimer_MRI_4_classes_dataset/NonDemented/15 (7).jpg,Alzheimer_MRI_4_classes_dataset/Alzheimer_MRI_4_classes_dataset/NonDemented/16 (7).jpg,NonDemented,NonDemented,NonDemented,NonDemented,NonDemented_patient7,NonDemented_patient7,True,True,True,4,review_only_not_split_blocking
img_5537e40bb8df,img_b66796ede2ca,Alzheimer_MRI_4_classes_dataset/Alzheimer_MRI_4_classes_dataset/NonDemented/15 (75).jpg,Alzheimer_MRI_4_classes_dataset/Alzheimer_MRI_4_classes_dataset/NonDemented/16 (75).jpg,NonDemented,NonDemented,NonDemented,NonDemented,NonDemented_patient75,NonDemented_patient75,True,True,True,4,review_only_not_split_blocking
img_fc17941ece4a,img_b18543d3c2ae,Alzheimer_MRI_4_classes_dataset/Alzheimer_MRI_4_classes_dataset/NonDemented/15 (76).jpg,Alzheimer_MRI_4_classes_dataset/Alzheimer_MRI_4_classes_dataset/NonDemented/16 (76).jpg,NonDemented,NonDemented,NonDemented,NonDemented,NonDemented_patient76,NonDemented_patient76,True,True,True,4,review_only_not_split_blocking
img_5b7268eee0e9,img_510818c209d4,Alzheimer_MRI_4_classes_dataset/Alzheimer_MRI_4_classes_dataset/NonDemented/15 (78).jpg,Alzheimer_MRI_4_classes_dataset/Alzheimer_MRI_4_classes_dataset/NonDemented/16 (78).jpg,NonDemented,NonDemented,NonDemented,NonDemented,NonDemented_patient78,NonDemented_patient78,True,True,True,3,review_only_not_split_blocking
img_3aed5c84e651,img_bcda5c64ffc2,Alzheimer_MRI_4_classes_dataset/Alzheimer_MRI_4_classes_dataset/NonDemented/15 (79).jpg,Alzheimer_MRI_4_classes_dataset/Alzheimer_MRI_4_classes_dataset/NonDemented/16 (79).jpg,NonDemented,NonDemented,NonDemented,NonDemented,NonDemented_patient79,NonDemented_patient79,True,True,True,3,review_only_not_split_blocking
img_ad575f71f0b3,img_fcbd9123736e,Alzheimer_MRI_4_classes_dataset/Alzheimer_MRI_4_classes_dataset/NonDemented/15 (8).jpg,Alzheimer_MRI_4_classes_dataset/Alzheimer_MRI_4_classes_dataset/NonDemented/16 (8).jpg,NonDemented,NonDemented,NonDemented,NonDemented,NonDemented_patient8,NonDemented_patient8,True,True,True,4,review_only_not_split_blocking
img_d9a944533bcf,img_39384d69025b,Alzheimer_MRI_4_classes_dataset/Alzheimer_MRI_4_classes_dataset/NonDemented/15 (80).jpg,Alzheimer_MRI_4_classes_dataset/Alzheimer_MRI_4_classes_dataset/NonDemented/16 (80).jpg,NonDemented,NonDemented,NonDemented,NonDemented,NonDemented_patient80,NonDemented_patient80,True,True,True,3,review_only_not_split_blocking
img_4ca87fe3b62c,img_492423b7bfd2,Alzheimer_MRI_4_classes_dataset/Alzheimer_MRI_4_classes_dataset/NonDemented/15 (84).jpg,Alzheimer_MRI_4_classes_dataset/Alzheimer_MRI_4_classes_dataset/NonDemented/16 (84).jpg,NonDemented,NonDemented,NonDemented,NonDemented,NonDemented_patient84,NonDemented_patient84,True,True,True,4,review_only_not_split_blocking
img_4d782eab500b,img_cef20783e7b8,Alzheimer_MRI_4_classes_dataset/Alzheimer_MRI_4_classes_dataset/NonDemented/15 (89).jpg,Alzheimer_MRI_4_classes_dataset/Alzheimer_MRI_4_classes_dataset/NonDemented/16 (89).jpg,NonDemented,NonDemented,NonDemented,NonDemented,NonDemented_patient89,NonDemented_patient89,True,True,True,3,review_only_not_split_blocking
img_9f959d29faa9,img_273f692dc988,Alzheimer_MRI_4_classes_dataset/Alzheimer_MRI_4_classes_dataset/NonDemented/15 (90).jpg,Alzheimer_MRI_4_classes_dataset/Alzheimer_MRI_4_classes_dataset/NonDemented/16 (90).jpg,NonDemented,NonDemented,NonDemented,NonDemented,NonDemented_patient90,NonDemented_patient90,True,True,True,4,review_only_not_split_blocking
img_daf30dd4c5ad,img_a5ae17c32557,Alzheimer_MRI_4_classes_dataset/Alzheimer_MRI_4_classes_dataset/NonDemented/15 (92).jpg,Alzheimer_MRI_4_classes_dataset/Alzheimer_MRI_4_classes_dataset/NonDemented/16 (92).jpg,NonDemented,NonDemented,NonDemented,NonDemented,NonDemented_patient92,NonDemented_patient92,True,True,True,3,review_only_not_split_blocking
img_dea35af6cb28,img_d88aadbde584,Alzheimer_MRI_4_classes_dataset/Alzheimer_MRI_4_classes_dataset/NonDemented/15 (94).jpg,Alzheimer_MRI_4_classes_dataset/Alzheimer_MRI_4_classes_dataset/NonDemented/16 (94).jpg,NonDemented,NonDemented,NonDemented,NonDemented,NonDemented_patient94,NonDemented_patient94,True,True,True,4,review_only_not_split_blocking
img_323ab77461d0,img_dcdc41732bd0,Alzheimer_MRI_4_classes_dataset/Alzheimer_MRI_4_classes_dataset/NonDemented/15 (96).jpg,Alzheimer_MRI_4_classes_dataset/Alzheimer_MRI_4_classes_dataset/NonDemented/16 (96).jpg,NonDemented,NonDemented,NonDemented,NonDemented,NonDemented_patient96,NonDemented_patient96,True,True,True,4,review_only_not_split_blocking
img_9f8c3273d994,img_447f5745a2a0,Alzheimer_MRI_4_classes_dataset/Alzheimer_MRI_4_classes_dataset/NonDemented/16 (10).jpg,Alzheimer_MRI_4_classes_dataset/Alzheimer_MRI_4_classes_dataset/NonDemented/17 (10).jpg,NonDemented,NonDemented,NonDemented,NonDemented,NonDemented_patient10,NonDemented_patient10,True,True,True,4,review_only_not_split_blocking
img_b22101aa26fc,img_1f32c7d66943,Alzheimer_MRI_4_classes_dataset/Alzheimer_MRI_4_classes_dataset/NonDemented/16 (11).jpg,Alzheimer_MRI_4_classes_dataset/Alzheimer_MRI_4_classes_dataset/NonDemented/17 (11).jpg,NonDemented,NonDemented,NonDemented,NonDemented,NonDemented_patient11,NonDemented_patient11,True,True,True,4,review_only_not_split_blocking
img_bb2685eace56,img_48ad3efe42b1,Alzheimer_MRI_4_classes_dataset/Alzheimer_MRI_4_classes_dataset/NonDemented/16 (16).jpg,Alzheimer_MRI_4_classes_dataset/Alzheimer_MRI_4_classes_dataset/NonDemented/17 (16).jpg,NonDemented,NonDemented,NonDemented,NonDemented,NonDemented_patient16,NonDemented_patient16,True,True,True,3,review_only_not_split_blocking
img_537295bfd77c,img_fd0ab26fd1bd,Alzheimer_MRI_4_classes_dataset/Alzheimer_MRI_4_classes_dataset/NonDemented/16 (20).jpg,Alzheimer_MRI_4_classes_dataset/Alzheimer_MRI_4_classes_dataset/NonDemented/17 (20).jpg,NonDemented,NonDemented,NonDemented,NonDemented,NonDemented_patient20,NonDemented_patient20,True,True,True,4,review_only_not_split_blocking
img_5ff0fd9ebf5d,img_ec342b0d3af0,Alzheimer_MRI_4_classes_dataset/Alzheimer_MRI_4_classes_dataset/NonDemented/16 (24).jpg,Alzheimer_MRI_4_classes_dataset/Alzheimer_MRI_4_classes_dataset/NonDemented/17 (24).jpg,NonDemented,NonDemented,NonDemented,NonDemented,NonDemented_patient24,NonDemented_patient24,True,True,True,2,review_only_not_split_blocking
img_5ff0fd9ebf5d,img_9b454f3ee934,Alzheimer_MRI_4_classes_dataset/Alzheimer_MRI_4_classes_dataset/NonDemented/16 (24).jpg,Alzheimer_MRI_4_classes_dataset/Alzheimer_MRI_4_classes_dataset/NonDemented/18 (24).jpg,NonDemented,NonDemented,NonDemented,NonDemented,NonDemented_patient24,NonDemented_patient24,True,True,True,4,review_only_not_split_blocking
img_065c85e0ce46,img_9ecfe2c493a2,Alzheimer_MRI_4_classes_dataset/Alzheimer_MRI_4_classes_dataset/NonDemented/16 (25).jpg,Alzheimer_MRI_4_classes_dataset/Alzheimer_MRI_4_classes_dataset/NonDemented/17 (25).jpg,NonDemented,NonDemented,NonDemented,NonDemented,NonDemented_patient25,NonDemented_patient25,True,True,True,4,review_only_not_split_blocking
img_ea6076e79cfe,img_20285a3f8c2e,Alzheimer_MRI_4_classes_dataset/Alzheimer_MRI_4_classes_dataset/NonDemented/16 (26).jpg,Alzheimer_MRI_4_classes_dataset/Alzheimer_MRI_4_classes_dataset/NonDemented/17 (26).jpg,NonDemented,NonDemented,NonDemented,NonDemented,NonDemented_patient26,NonDemented_patient26,True,True,True,4,review_only_not_split_blocking
img_d2c3d4eb341b,img_429be73ad1f1,Alzheimer_MRI_4_classes_dataset/Alzheimer_MRI_4_classes_dataset/NonDemented/16 (28).jpg,Alzheimer_MRI_4_classes_dataset/Alzheimer_MRI_4_classes_dataset/NonDemented/17 (28).jpg,NonDemented,NonDemented,NonDemented,NonDemented,NonDemented_patient28,NonDemented_patient28,True,True,True,2,review_only_not_split_blocking
img_d2c3d4eb341b,img_b5f1ee4be00c,Alzheimer_MRI_4_classes_dataset/Alzheimer_MRI_4_classes_dataset/NonDemented/16 (28).jpg,Alzheimer_MRI_4_classes_dataset/Alzheimer_MRI_4_classes_dataset/NonDemented/18 (28).jpg,NonDemented,NonDemented,NonDemented,NonDemented,NonDemented_patient28,NonDemented_patient28,True,True,True,4,review_only_not_split_blocking
img_b0e81e95453b,img_e81c2ec53997,Alzheimer_MRI_4_classes_dataset/Alzheimer_MRI_4_classes_dataset/NonDemented/16 (33).jpg,Alzheimer_MRI_4_classes_dataset/Alzheimer_MRI_4_classes_dataset/NonDemented/17 (33).jpg,NonDemented,NonDemented,NonDemented,NonDemented,NonDemented_patient33,NonDemented_patient33,True,True,True,2,review_only_not_split_blocking
img_2688d2478833,img_f6947de57244,Alzheimer_MRI_4_classes_dataset/Alzheimer_MRI_4_classes_dataset/NonDemented/16 (34).jpg,Alzheimer_MRI_4_classes_dataset/Alzheimer_MRI_4_classes_dataset/NonDemented/17 (34).jpg,NonDemented,NonDemented,NonDemented,NonDemented,NonDemented_patient34,NonDemented_patient34,True,True,True,4,review_only_not_split_blocking
img_dbcb989dab1e,img_a153baa673cf,Alzheimer_MRI_4_classes_dataset/Alzheimer_MRI_4_classes_dataset/NonDemented/16 (40).jpg,Alzheimer_MRI_4_classes_dataset/Alzheimer_MRI_4_classes_dataset/NonDemented/17 (40).jpg,NonDemented,NonDemented,NonDemented,NonDemented,NonDemented_patient40,NonDemented_patient40,True,True,True,4,review_only_not_split_blocking
img_994ce3feeb2e,img_207d98ad24f5,Alzheimer_MRI_4_classes_dataset/Alzheimer_MRI_4_classes_dataset/NonDemented/16 (41).jpg,Alzheimer_MRI_4_classes_dataset/Alzheimer_MRI_4_classes_dataset/NonDemented/17 (41).jpg,NonDemented,NonDemented,NonDemented,NonDemented,NonDemented_patient41,NonDemented_patient41,True,True,True,4,review_only_not_split_blocking
img_77fade2375e4,img_1ed0d28a3e64,Alzheimer_MRI_4_classes_dataset/Alzheimer_MRI_4_classes_dataset/NonDemented/16 (46).jpg,Alzheimer_MRI_4_classes_dataset/Alzheimer_MRI_4_classes_dataset/NonDemented/17 (46).jpg,NonDemented,NonDemented,NonDemented,NonDemented,NonDemented_patient46,NonDemented_patient46,True,True,True,4,review_only_not_split_blocking
img_8784a2d7afe8,img_c4cf95284729,Alzheimer_MRI_4_classes_dataset/Alzheimer_MRI_4_classes_dataset/NonDemented/16 (5).jpg,Alzheimer_MRI_4_classes_dataset/Alzheimer_MRI_4_classes_dataset/NonDemented/17 (5).jpg,NonDemented,NonDemented,NonDemented,NonDemented,NonDemented_patient5,NonDemented_patient5,True,True,True,4,review_only_not_split_blocking
img_49bdd1086645,img_220ace88832f,Alzheimer_MRI_4_classes_dataset/Alzheimer_MRI_4_classes_dataset/NonDemented/16 (50).jpg,Alzheimer_MRI_4_classes_dataset/Alzheimer_MRI_4_classes_dataset/NonDemented/17 (50).jpg,NonDemented,NonDemented,NonDemented,NonDemented,NonDemented_patient50,NonDemented_patient50,True,True,True,3,review_only_not_split_blocking
img_30fa61995b1b,img_85e78fa99127,Alzheimer_MRI_4_classes_dataset/Alzheimer_MRI_4_classes_dataset/NonDemented/16 (51).jpg,Alzheimer_MRI_4_classes_dataset/Alzheimer_MRI_4_classes_dataset/NonDemented/17 (51).jpg,NonDemented,NonDemented,NonDemented,NonDemented,NonDemented_patient51,NonDemented_patient51,True,True,True,4,review_only_not_split_blocking
img_24bf9fb2ee98,img_85b105a47526,Alzheimer_MRI_4_classes_dataset/Alzheimer_MRI_4_classes_dataset/NonDemented/16 (52).jpg,Alzheimer_MRI_4_classes_dataset/Alzheimer_MRI_4_classes_dataset/NonDemented/17 (52).jpg,NonDemented,NonDemented,NonDemented,NonDemented,NonDemented_patient52,NonDemented_patient52,True,True,True,4,review_only_not_split_blocking
img_e7628f4286df,img_61edfff29fbf,Alzheimer_MRI_4_classes_dataset/Alzheimer_MRI_4_classes_dataset/NonDemented/16 (61).jpg,Alzheimer_MRI_4_classes_dataset/Alzheimer_MRI_4_classes_dataset/NonDemented/17 (61).jpg,NonDemented,NonDemented,NonDemented,NonDemented,NonDemented_patient61,NonDemented_patient61,True,True,True,3,review_only_not_split_blocking
img_0971bfea0d55,img_a77c1b496153,Alzheimer_MRI_4_classes_dataset/Alzheimer_MRI_4_classes_dataset/NonDemented/16 (63).jpg,Alzheimer_MRI_4_classes_dataset/Alzheimer_MRI_4_classes_dataset/NonDemented/17 (63).jpg,NonDemented,NonDemented,NonDemented,NonDemented,NonDemented_patient63,NonDemented_patient63,True,True,True,3,review_only_not_split_blocking
img_e0b7408f6d59,img_8e5a69a1b7bd,Alzheimer_MRI_4_classes_dataset/Alzheimer_MRI_4_classes_dataset/NonDemented/16 (64).jpg,Alzheimer_MRI_4_classes_dataset/Alzheimer_MRI_4_classes_dataset/NonDemented/17 (64).jpg,NonDemented,NonDemented,NonDemented,NonDemented,NonDemented_patient64,NonDemented_patient64,True,True,True,4,review_only_not_split_blocking
img_1feda1b2dc5d,img_852cfd4146cb,Alzheimer_MRI_4_classes_dataset/Alzheimer_MRI_4_classes_dataset/NonDemented/16 (65).jpg,Alzheimer_MRI_4_classes_dataset/Alzheimer_MRI_4_classes_dataset/NonDemented/17 (65).jpg,NonDemented,NonDemented,NonDemented,NonDemented,NonDemented_patient65,NonDemented_patient65,True,True,True,4,review_only_not_split_blocking
img_108bb5356369,img_0e2946854de2,Alzheimer_MRI_4_classes_dataset/Alzheimer_MRI_4_classes_dataset/NonDemented/16 (71).jpg,Alzheimer_MRI_4_classes_dataset/Alzheimer_MRI_4_classes_dataset/NonDemented/17 (71).jpg,NonDemented,NonDemented,NonDemented,NonDemented,NonDemented_patient71,NonDemented_patient71,True,True,True,3,review_only_not_split_blocking
img_a463e4933ce1,img_4f382035c591,Alzheimer_MRI_4_classes_dataset/Alzheimer_MRI_4_classes_dataset/NonDemented/16 (74).jpg,Alzheimer_MRI_4_classes_dataset/Alzheimer_MRI_4_classes_dataset/NonDemented/17 (74).jpg,NonDemented,NonDemented,NonDemented,NonDemented,NonDemented_patient74,NonDemented_patient74,True,True,True,4,review_only_not_split_blocking
img_b18543d3c2ae,img_fc79ca7eeafb,Alzheimer_MRI_4_classes_dataset/Alzheimer_MRI_4_classes_dataset/NonDemented/16 (76).jpg,Alzheimer_MRI_4_classes_dataset/Alzheimer_MRI_4_classes_dataset/NonDemented/17 (76).jpg,NonDemented,NonDemented,NonDemented,NonDemented,NonDemented_patient76,NonDemented_patient76,True,True,True,4,review_only_not_split_blocking
img_510818c209d4,img_46798a39e637,Alzheimer_MRI_4_classes_dataset/Alzheimer_MRI_4_classes_dataset/NonDemented/16 (78).jpg,Alzheimer_MRI_4_classes_dataset/Alzheimer_MRI_4_classes_dataset/NonDemented/17 (78).jpg,NonDemented,NonDemented,NonDemented,NonDemented,NonDemented_patient78,NonDemented_patient78,True,True,True,2,review_only_not_split_blocking
img_bcda5c64ffc2,img_21a766b60392,Alzheimer_MRI_4_classes_dataset/Alzheimer_MRI_4_classes_dataset/NonDemented/16 (79).jpg,Alzheimer_MRI_4_classes_dataset/Alzheimer_MRI_4_classes_dataset/NonDemented/17 (79).jpg,NonDemented,NonDemented,NonDemented,NonDemented,NonDemented_patient79,NonDemented_patient79,True,True,True,2,review_only_not_split_blocking
img_cef20783e7b8,img_9bc3d2044bac,Alzheimer_MRI_4_classes_dataset/Alzheimer_MRI_4_classes_dataset/NonDemented/16 (89).jpg,Alzheimer_MRI_4_classes_dataset/Alzheimer_MRI_4_classes_dataset/NonDemented/17 (89).jpg,NonDemented,NonDemented,NonDemented,NonDemented,NonDemented_patient89,NonDemented_patient89,True,True,True,4,review_only_not_split_blocking
img_273f692dc988,img_67c4a9f16052,Alzheimer_MRI_4_classes_dataset/Alzheimer_MRI_4_classes_dataset/NonDemented/16 (90).jpg,Alzheimer_MRI_4_classes_dataset/Alzheimer_MRI_4_classes_dataset/NonDemented/17 (90).jpg,NonDemented,NonDemented,NonDemented,NonDemented,NonDemented_patient90,NonDemented_patient90,True,True,True,4,review_only_not_split_blocking
img_01e559034b59,img_dedd5189dbd8,Alzheimer_MRI_4_classes_dataset/Alzheimer_MRI_4_classes_dataset/NonDemented/16 (91).jpg,Alzheimer_MRI_4_classes_dataset/Alzheimer_MRI_4_classes_dataset/NonDemented/17 (91).jpg,NonDemented,NonDemented,NonDemented,NonDemented,NonDemented_patient91,NonDemented_patient91,True,True,True,3,review_only_not_split_blocking
img_a5ae17c32557,img_087a49281eff,Alzheimer_MRI_4_classes_dataset/Alzheimer_MRI_4_classes_dataset/NonDemented/16 (92).jpg,Alzheimer_MRI_4_classes_dataset/Alzheimer_MRI_4_classes_dataset/NonDemented/17 (92).jpg,NonDemented,NonDemented,NonDemented,NonDemented,NonDemented_patient92,NonDemented_patient92,True,True,True,4,review_only_not_split_blocking
img_dcdc41732bd0,img_ad52a3f340d9,Alzheimer_MRI_4_classes_dataset/Alzheimer_MRI_4_classes_dataset/NonDemented/16 (96).jpg,Alzheimer_MRI_4_classes_dataset/Alzheimer_MRI_4_classes_dataset/NonDemented/17 (96).jpg,NonDemented,NonDemented,NonDemented,NonDemented,NonDemented_patient96,NonDemented_patient96,True,True,True,2,review_only_not_split_blocking
img_c3905f52d520,img_fbb212f2aee2,Alzheimer_MRI_4_classes_dataset/Alzheimer_MRI_4_classes_dataset/NonDemented/16 (97).jpg,Alzheimer_MRI_4_classes_dataset/Alzheimer_MRI_4_classes_dataset/NonDemented/17 (97).jpg,NonDemented,NonDemented,NonDemented,NonDemented,NonDemented_patient97,NonDemented_patient97,True,True,True,2,review_only_not_split_blocking
img_f8afbd794bfc,img_fb4de5e41779,Alzheimer_MRI_4_classes_dataset/Alzheimer_MRI_4_classes_dataset/NonDemented/16 (98).jpg,Alzheimer_MRI_4_classes_dataset/Alzheimer_MRI_4_classes_dataset/NonDemented/17 (98).jpg,NonDemented,NonDemented,NonDemented,NonDemented,NonDemented_patient98,NonDemented_patient98,True,True,True,3,review_only_not_split_blocking
img_1f32c7d66943,img_265ab686384d,Alzheimer_MRI_4_classes_dataset/Alzheimer_MRI_4_classes_dataset/NonDemented/17 (11).jpg,Alzheimer_MRI_4_classes_dataset/Alzheimer_MRI_4_classes_dataset/NonDemented/18 (11).jpg,NonDemented,NonDemented,NonDemented,NonDemented,NonDemented_patient11,NonDemented_patient11,True,True,True,4,review_only_not_split_blocking
img_f4bc9c870eeb,img_0c5e7bb236af,Alzheimer_MRI_4_classes_dataset/Alzheimer_MRI_4_classes_dataset/NonDemented/17 (12).jpg,Alzheimer_MRI_4_classes_dataset/Alzheimer_MRI_4_classes_dataset/NonDemented/18 (12).jpg,NonDemented,NonDemented,NonDemented,NonDemented,NonDemented_patient12,NonDemented_patient12,True,True,True,3,review_only_not_split_blocking
img_48ad3efe42b1,img_2c822633d13c,Alzheimer_MRI_4_classes_dataset/Alzheimer_MRI_4_classes_dataset/NonDemented/17 (16).jpg,Alzheimer_MRI_4_classes_dataset/Alzheimer_MRI_4_classes_dataset/NonDemented/18 (16).jpg,NonDemented,NonDemented,NonDemented,NonDemented,NonDemented_patient16,NonDemented_patient16,True,True,True,3,review_only_not_split_blocking
img_b3ca88b55842,img_e475d38edb07,Alzheimer_MRI_4_classes_dataset/Alzheimer_MRI_4_classes_dataset/NonDemented/17 (2).jpg,Alzheimer_MRI_4_classes_dataset/Alzheimer_MRI_4_classes_dataset/NonDemented/18 (2).jpg,NonDemented,NonDemented,NonDemented,NonDemented,NonDemented_patient2,NonDemented_patient2,True,True,True,4,review_only_not_split_blocking
img_ec342b0d3af0,img_9b454f3ee934,Alzheimer_MRI_4_classes_dataset/Alzheimer_MRI_4_classes_dataset/NonDemented/17 (24).jpg,Alzheimer_MRI_4_classes_dataset/Alzheimer_MRI_4_classes_dataset/NonDemented/18 (24).jpg,NonDemented,NonDemented,NonDemented,NonDemented,NonDemented_patient24,NonDemented_patient24,True,True,True,2,review_only_not_split_blocking
img_429be73ad1f1,img_b5f1ee4be00c,Alzheimer_MRI_4_classes_dataset/Alzheimer_MRI_4_classes_dataset/NonDemented/17 (28).jpg,Alzheimer_MRI_4_classes_dataset/Alzheimer_MRI_4_classes_dataset/NonDemented/18 (28).jpg,NonDemented,NonDemented,NonDemented,NonDemented,NonDemented_patient28,NonDemented_patient28,True,True,True,2,review_only_not_split_blocking
img_858ff4e20280,img_320293811929,Alzheimer_MRI_4_classes_dataset/Alzheimer_MRI_4_classes_dataset/NonDemented/17 (29).jpg,Alzheimer_MRI_4_classes_dataset/Alzheimer_MRI_4_classes_dataset/NonDemented/18 (29).jpg,NonDemented,NonDemented,NonDemented,NonDemented,NonDemented_patient29,NonDemented_patient29,True,True,True,4,review_only_not_split_blocking
img_ba656af67ad9,img_c8c37ea772df,Alzheimer_MRI_4_classes_dataset/Alzheimer_MRI_4_classes_dataset/NonDemented/17 (32).jpg,Alzheimer_MRI_4_classes_dataset/Alzheimer_MRI_4_classes_dataset/NonDemented/18 (32).jpg,NonDemented,NonDemented,NonDemented,NonDemented,NonDemented_patient32,NonDemented_patient32,True,True,True,3,review_only_not_split_blocking
img_f6947de57244,img_757841a4dbfd,Alzheimer_MRI_4_classes_dataset/Alzheimer_MRI_4_classes_dataset/NonDemented/17 (34).jpg,Alzheimer_MRI_4_classes_dataset/Alzheimer_MRI_4_classes_dataset/NonDemented/18 (34).jpg,NonDemented,NonDemented,NonDemented,NonDemented,NonDemented_patient34,NonDemented_patient34,True,True,True,3,review_only_not_split_blocking
img_55ae491f16f4,img_07805c017c4c,Alzheimer_MRI_4_classes_dataset/Alzheimer_MRI_4_classes_dataset/NonDemented/17 (36).jpg,Alzheimer_MRI_4_classes_dataset/Alzheimer_MRI_4_classes_dataset/NonDemented/18 (36).jpg,NonDemented,NonDemented,NonDemented,NonDemented,NonDemented_patient36,NonDemented_patient36,True,True,True,4,review_only_not_split_blocking
img_c005b5995388,img_c24ae6a84ee7,Alzheimer_MRI_4_classes_dataset/Alzheimer_MRI_4_classes_dataset/NonDemented/17 (39).jpg,Alzheimer_MRI_4_classes_dataset/Alzheimer_MRI_4_classes_dataset/NonDemented/18 (39).jpg,NonDemented,NonDemented,NonDemented,NonDemented,NonDemented_patient39,NonDemented_patient39,True,True,True,3,review_only_not_split_blocking
img_6dce5ae45154,img_19f72d23201b,Alzheimer_MRI_4_classes_dataset/Alzheimer_MRI_4_classes_dataset/NonDemented/17 (4).jpg,Alzheimer_MRI_4_classes_dataset/Alzheimer_MRI_4_classes_dataset/NonDemented/18 (4).jpg,NonDemented,NonDemented,NonDemented,NonDemented,NonDemented_patient4,NonDemented_patient4,True,True,True,4,review_only_not_split_blocking
img_f3bba4633211,img_d27551004e66,Alzheimer_MRI_4_classes_dataset/Alzheimer_MRI_4_classes_dataset/NonDemented/17 (44).jpg,Alzheimer_MRI_4_classes_dataset/Alzheimer_MRI_4_classes_dataset/NonDemented/18 (44).jpg,NonDemented,NonDemented,NonDemented,NonDemented,NonDemented_patient44,NonDemented_patient44,True,True,True,4,review_only_not_split_blocking
img_c4cf95284729,img_f7c0de633c31,Alzheimer_MRI_4_classes_dataset/Alzheimer_MRI_4_classes_dataset/NonDemented/17 (5).jpg,Alzheimer_MRI_4_classes_dataset/Alzheimer_MRI_4_classes_dataset/NonDemented/18 (5).jpg,NonDemented,NonDemented,NonDemented,NonDemented,NonDemented_patient5,NonDemented_patient5,True,True,True,2,review_only_not_split_blocking
img_c4cf95284729,img_aabc07e01eec,Alzheimer_MRI_4_classes_dataset/Alzheimer_MRI_4_classes_dataset/NonDemented/17 (5).jpg,Alzheimer_MRI_4_classes_dataset/Alzheimer_MRI_4_classes_dataset/NonDemented/19 (5).jpg,NonDemented,NonDemented,NonDemented,NonDemented,NonDemented_patient5,NonDemented_patient5,True,True,True,3,review_only_not_split_blocking
img_16e4d79d7a1e,img_ede525606be8,Alzheimer_MRI_4_classes_dataset/Alzheimer_MRI_4_classes_dataset/NonDemented/17 (53).jpg,Alzheimer_MRI_4_classes_dataset/Alzheimer_MRI_4_classes_dataset/NonDemented/18 (53).jpg,NonDemented,NonDemented,NonDemented,NonDemented,NonDemented_patient53,NonDemented_patient53,True,True,True,2,review_only_not_split_blocking
img_32ec63474b5a,img_e402afd50eda,Alzheimer_MRI_4_classes_dataset/Alzheimer_MRI_4_classes_dataset/NonDemented/17 (55).jpg,Alzheimer_MRI_4_classes_dataset/Alzheimer_MRI_4_classes_dataset/NonDemented/18 (55).jpg,NonDemented,NonDemented,NonDemented,NonDemented,NonDemented_patient55,NonDemented_patient55,True,True,True,2,review_only_not_split_blocking
img_eefc5a3a0ce5,img_48f9f5215d0d,Alzheimer_MRI_4_classes_dataset/Alzheimer_MRI_4_classes_dataset/NonDemented/17 (59).jpg,Alzheimer_MRI_4_classes_dataset/Alzheimer_MRI_4_classes_dataset/NonDemented/18 (59).jpg,NonDemented,NonDemented,NonDemented,NonDemented,NonDemented_patient59,NonDemented_patient59,True,True,True,3,review_only_not_split_blocking
img_68ca5cbff590,img_d3f5b87bb7a3,Alzheimer_MRI_4_classes_dataset/Alzheimer_MRI_4_classes_dataset/NonDemented/17 (6).jpg,Alzheimer_MRI_4_classes_dataset/Alzheimer_MRI_4_classes_dataset/NonDemented/18 (6).jpg,NonDemented,NonDemented,NonDemented,NonDemented,NonDemented_patient6,NonDemented_patient6,True,True,True,4,review_only_not_split_blocking
img_61edfff29fbf,img_d19dbcda766f,Alzheimer_MRI_4_classes_dataset/Alzheimer_MRI_4_classes_dataset/NonDemented/17 (61).jpg,Alzheimer_MRI_4_classes_dataset/Alzheimer_MRI_4_classes_dataset/NonDemented/18 (61).jpg,NonDemented,NonDemented,NonDemented,NonDemented,NonDemented_patient61,NonDemented_patient61,True,True,True,4,review_only_not_split_blocking
img_a77c1b496153,img_56e24a474f4a,Alzheimer_MRI_4_classes_dataset/Alzheimer_MRI_4_classes_dataset/NonDemented/17 (63).jpg,Alzheimer_MRI_4_classes_dataset/Alzheimer_MRI_4_classes_dataset/NonDemented/18 (63).jpg,NonDemented,NonDemented,NonDemented,NonDemented,NonDemented_patient63,NonDemented_patient63,True,True,True,4,review_only_not_split_blocking
img_852cfd4146cb,img_f13984a33383,Alzheimer_MRI_4_classes_dataset/Alzheimer_MRI_4_classes_dataset/NonDemented/17 (65).jpg,Alzheimer_MRI_4_classes_dataset/Alzheimer_MRI_4_classes_dataset/NonDemented/18 (65).jpg,NonDemented,NonDemented,NonDemented,NonDemented,NonDemented_patient65,NonDemented_patient65,True,True,True,3,review_only_not_split_blocking
img_8e0f2e666f61,img_9350bc5d722f,Alzheimer_MRI_4_classes_dataset/Alzheimer_MRI_4_classes_dataset/NonDemented/17 (67).jpg,Alzheimer_MRI_4_classes_dataset/Alzheimer_MRI_4_classes_dataset/NonDemented/18 (67).jpg,NonDemented,NonDemented,NonDemented,NonDemented,NonDemented_patient67,NonDemented_patient67,True,True,True,4,review_only_not_split_blocking
img_0e2946854de2,img_489ed1d3c60b,Alzheimer_MRI_4_classes_dataset/Alzheimer_MRI_4_classes_dataset/NonDemented/17 (71).jpg,Alzheimer_MRI_4_classes_dataset/Alzheimer_MRI_4_classes_dataset/NonDemented/18 (71).jpg,NonDemented,NonDemented,NonDemented,NonDemented,NonDemented_patient71,NonDemented_patient71,True,True,True,4,review_only_not_split_blocking
img_0e2946854de2,img_704a0180012b,Alzheimer_MRI_4_classes_dataset/Alzheimer_MRI_4_classes_dataset/NonDemented/17 (71).jpg,Alzheimer_MRI_4_classes_dataset/Alzheimer_MRI_4_classes_dataset/NonDemented/19 (71).jpg,NonDemented,NonDemented,NonDemented,NonDemented,NonDemented_patient71,NonDemented_patient71,True,True,True,4,review_only_not_split_blocking
img_4f382035c591,img_721eefff0645,Alzheimer_MRI_4_classes_dataset/Alzheimer_MRI_4_classes_dataset/NonDemented/17 (74).jpg,Alzheimer_MRI_4_classes_dataset/Alzheimer_MRI_4_classes_dataset/NonDemented/18 (74).jpg,NonDemented,NonDemented,NonDemented,NonDemented,NonDemented_patient74,NonDemented_patient74,True,True,True,1,review_only_not_split_blocking
img_3265003578e3,img_e19d3bc25e93,Alzheimer_MRI_4_classes_dataset/Alzheimer_MRI_4_classes_dataset/NonDemented/17 (75).jpg,Alzheimer_MRI_4_classes_dataset/Alzheimer_MRI_4_classes_dataset/NonDemented/18 (75).jpg,NonDemented,NonDemented,NonDemented,NonDemented,NonDemented_patient75,NonDemented_patient75,True,True,True,2,review_only_not_split_blocking
img_7503c920b773,img_c832559be32b,Alzheimer_MRI_4_classes_dataset/Alzheimer_MRI_4_classes_dataset/NonDemented/17 (80).jpg,Alzheimer_MRI_4_classes_dataset/Alzheimer_MRI_4_classes_dataset/NonDemented/18 (80).jpg,NonDemented,NonDemented,NonDemented,NonDemented,NonDemented_patient80,NonDemented_patient80,True,True,True,4,review_only_not_split_blocking
img_9e2f1af99c1b,img_d54bbd2b1dae,Alzheimer_MRI_4_classes_dataset/Alzheimer_MRI_4_classes_dataset/NonDemented/17 (81).jpg,Alzheimer_MRI_4_classes_dataset/Alzheimer_MRI_4_classes_dataset/NonDemented/18 (81).jpg,NonDemented,NonDemented,NonDemented,NonDemented,NonDemented_patient81,NonDemented_patient81,True,True,True,4,review_only_not_split_blocking
img_12a70c4f718b,img_5f96c68a5f97,Alzheimer_MRI_4_classes_dataset/Alzheimer_MRI_4_classes_dataset/NonDemented/17 (84).jpg,Alzheimer_MRI_4_classes_dataset/Alzheimer_MRI_4_classes_dataset/NonDemented/18 (84).jpg,NonDemented,NonDemented,NonDemented,NonDemented,NonDemented_patient84,NonDemented_patient84,True,True,True,2,review_only_not_split_blocking
img_9bc3d2044bac,img_2e39ef5c0674,Alzheimer_MRI_4_classes_dataset/Alzheimer_MRI_4_classes_dataset/NonDemented/17 (89).jpg,Alzheimer_MRI_4_classes_dataset/Alzheimer_MRI_4_classes_dataset/NonDemented/18 (89).jpg,NonDemented,NonDemented,NonDemented,NonDemented,NonDemented_patient89,NonDemented_patient89,True,True,True,3,review_only_not_split_blocking
img_446525cbe7e7,img_1ca52178a5c4,Alzheimer_MRI_4_classes_dataset/Alzheimer_MRI_4_classes_dataset/NonDemented/17 (9).jpg,Alzheimer_MRI_4_classes_dataset/Alzheimer_MRI_4_classes_dataset/NonDemented/18 (9).jpg,NonDemented,NonDemented,NonDemented,NonDemented,NonDemented_patient9,NonDemented_patient9,True,True,True,4,review_only_not_split_blocking
img_dedd5189dbd8,img_69445fc96163,Alzheimer_MRI_4_classes_dataset/Alzheimer_MRI_4_classes_dataset/NonDemented/17 (91).jpg,Alzheimer_MRI_4_classes_dataset/Alzheimer_MRI_4_classes_dataset/NonDemented/18 (91).jpg,NonDemented,NonDemented,NonDemented,NonDemented,NonDemented_patient91,NonDemented_patient91,True,True,True,4,review_only_not_split_blocking
img_e6c4452536f8,img_410da2abfa56,Alzheimer_MRI_4_classes_dataset/Alzheimer_MRI_4_classes_dataset/NonDemented/17 (99).jpg,Alzheimer_MRI_4_classes_dataset/Alzheimer_MRI_4_classes_dataset/NonDemented/18 (99).jpg,NonDemented,NonDemented,NonDemented,NonDemented,NonDemented_patient99,NonDemented_patient99,True,True,True,3,review_only_not_split_blocking
img_c5ee61da723b,img_070865524eff,Alzheimer_MRI_4_classes_dataset/Alzheimer_MRI_4_classes_dataset/NonDemented/17.jpg,Alzheimer_MRI_4_classes_dataset/Alzheimer_MRI_4_classes_dataset/NonDemented/18.jpg,NonDemented,NonDemented,NonDemented,NonDemented,NonDemented_unique_17_4e2750fab3e5,NonDemented_unique_18_76344ef372b1,False,True,True,3,review_only_not_split_blocking
img_ccee36609619,img_f7ca363fa04c,Alzheimer_MRI_4_classes_dataset/Alzheimer_MRI_4_classes_dataset/NonDemented/18 (100).jpg,Alzheimer_MRI_4_classes_dataset/Alzheimer_MRI_4_classes_dataset/NonDemented/19 (100).jpg,NonDemented,NonDemented,NonDemented,NonDemented,NonDemented_patient100,NonDemented_patient100,True,True,True,4,review_only_not_split_blocking
img_0c5e7bb236af,img_c7eb8307d6fc,Alzheimer_MRI_4_classes_dataset/Alzheimer_MRI_4_classes_dataset/NonDemented/18 (12).jpg,Alzheimer_MRI_4_classes_dataset/Alzheimer_MRI_4_classes_dataset/NonDemented/19 (12).jpg,NonDemented,NonDemented,NonDemented,NonDemented,NonDemented_patient12,NonDemented_patient12,True,True,True,4,review_only_not_split_blocking
img_6a980deedb1d,img_3ff4a1aad48f,Alzheimer_MRI_4_classes_dataset/Alzheimer_MRI_4_classes_dataset/NonDemented/18 (13).jpg,Alzheimer_MRI_4_classes_dataset/Alzheimer_MRI_4_classes_dataset/NonDemented/19 (13).jpg,NonDemented,NonDemented,NonDemented,NonDemented,NonDemented_patient13,NonDemented_patient13,True,True,True,4,review_only_not_split_blocking
img_9cb53fd6d995,img_a6ab88724f02,Alzheimer_MRI_4_classes_dataset/Alzheimer_MRI_4_classes_dataset/NonDemented/18 (15).jpg,Alzheimer_MRI_4_classes_dataset/Alzheimer_MRI_4_classes_dataset/NonDemented/19 (15).jpg,NonDemented,NonDemented,NonDemented,NonDemented,NonDemented_patient15,NonDemented_patient15,True,True,True,4,review_only_not_split_blocking
img_98f4146db14b,img_20e7a563a271,Alzheimer_MRI_4_classes_dataset/Alzheimer_MRI_4_classes_dataset/NonDemented/18 (17).jpg,Alzheimer_MRI_4_classes_dataset/Alzheimer_MRI_4_classes_dataset/NonDemented/19 (17).jpg,NonDemented,NonDemented,NonDemented,NonDemented,NonDemented_patient17,NonDemented_patient17,True,True,True,4,review_only_not_split_blocking
img_51bb2f743077,img_4d6d0a1c384d,Alzheimer_MRI_4_classes_dataset/Alzheimer_MRI_4_classes_dataset/NonDemented/18 (19).jpg,Alzheimer_MRI_4_classes_dataset/Alzheimer_MRI_4_classes_dataset/NonDemented/19 (19).jpg,NonDemented,NonDemented,NonDemented,NonDemented,NonDemented_patient19,NonDemented_patient19,True,True,True,4,review_only_not_split_blocking
img_e08cbcf7fa5c,img_57178a70b3e7,Alzheimer_MRI_4_classes_dataset/Alzheimer_MRI_4_classes_dataset/NonDemented/18 (21).jpg,Alzheimer_MRI_4_classes_dataset/Alzheimer_MRI_4_classes_dataset/NonDemented/19 (21).jpg,NonDemented,NonDemented,NonDemented,NonDemented,NonDemented_patient21,NonDemented_patient21,True,True,True,3,review_only_not_split_blocking
img_3810546eeb1b,img_23ad8a2c4ff5,Alzheimer_MRI_4_classes_dataset/Alzheimer_MRI_4_classes_dataset/NonDemented/18 (23).jpg,Alzheimer_MRI_4_classes_dataset/Alzheimer_MRI_4_classes_dataset/NonDemented/19 (23).jpg,NonDemented,NonDemented,NonDemented,NonDemented,NonDemented_patient23,NonDemented_patient23,True,True,True,4,review_only_not_split_blocking
img_9b454f3ee934,img_94add8524d50,Alzheimer_MRI_4_classes_dataset/Alzheimer_MRI_4_classes_dataset/NonDemented/18 (24).jpg,Alzheimer_MRI_4_classes_dataset/Alzheimer_MRI_4_classes_dataset/NonDemented/19 (24).jpg,NonDemented,NonDemented,NonDemented,NonDemented,NonDemented_patient24,NonDemented_patient24,True,True,True,3,review_only_not_split_blocking
img_bff5030cb626,img_cd42dc19e6eb,Alzheimer_MRI_4_classes_dataset/Alzheimer_MRI_4_classes_dataset/NonDemented/18 (26).jpg,Alzheimer_MRI_4_classes_dataset/Alzheimer_MRI_4_classes_dataset/NonDemented/19 (26).jpg,NonDemented,NonDemented,NonDemented,NonDemented,NonDemented_patient26,NonDemented_patient26,True,True,True,1,review_only_not_split_blocking
img_b5f1ee4be00c,img_31a198785561,Alzheimer_MRI_4_classes_dataset/Alzheimer_MRI_4_classes_dataset/NonDemented/18 (28).jpg,Alzheimer_MRI_4_classes_dataset/Alzheimer_MRI_4_classes_dataset/NonDemented/19 (28).jpg,NonDemented,NonDemented,NonDemented,NonDemented,NonDemented_patient28,NonDemented_patient28,True,True,True,4,review_only_not_split_blocking
img_c8c37ea772df,img_8133cbd44db8,Alzheimer_MRI_4_classes_dataset/Alzheimer_MRI_4_classes_dataset/NonDemented/18 (32).jpg,Alzheimer_MRI_4_classes_dataset/Alzheimer_MRI_4_classes_dataset/NonDemented/19 (32).jpg,NonDemented,NonDemented,NonDemented,NonDemented,NonDemented_patient32,NonDemented_patient32,True,True,True,4,review_only_not_split_blocking
img_05dc1d5a599f,img_5604fa806a87,Alzheimer_MRI_4_classes_dataset/Alzheimer_MRI_4_classes_dataset/NonDemented/18 (43).jpg,Alzheimer_MRI_4_classes_dataset/Alzheimer_MRI_4_classes_dataset/NonDemented/19 (43).jpg,NonDemented,NonDemented,NonDemented,NonDemented,NonDemented_patient43,NonDemented_patient43,True,True,True,4,review_only_not_split_blocking
img_c5c75e10901f,img_544e744bad7f,Alzheimer_MRI_4_classes_dataset/Alzheimer_MRI_4_classes_dataset/NonDemented/18 (48).jpg,Alzheimer_MRI_4_classes_dataset/Alzheimer_MRI_4_classes_dataset/NonDemented/19 (48).jpg,NonDemented,NonDemented,NonDemented,NonDemented,NonDemented_patient48,NonDemented_patient48,True,True,True,2,review_only_not_split_blocking
img_f7c0de633c31,img_aabc07e01eec,Alzheimer_MRI_4_classes_dataset/Alzheimer_MRI_4_classes_dataset/NonDemented/18 (5).jpg,Alzheimer_MRI_4_classes_dataset/Alzheimer_MRI_4_classes_dataset/NonDemented/19 (5).jpg,NonDemented,NonDemented,NonDemented,NonDemented,NonDemented_patient5,NonDemented_patient5,True,True,True,3,review_only_not_split_blocking
img_4f8b523ee165,img_eb503d42fd9e,Alzheimer_MRI_4_classes_dataset/Alzheimer_MRI_4_classes_dataset/NonDemented/18 (50).jpg,Alzheimer_MRI_4_classes_dataset/Alzheimer_MRI_4_classes_dataset/NonDemented/19 (50).jpg,NonDemented,NonDemented,NonDemented,NonDemented,NonDemented_patient50,NonDemented_patient50,True,True,True,2,review_only_not_split_blocking
img_ad4010529762,img_6f4c29ee0d0a,Alzheimer_MRI_4_classes_dataset/Alzheimer_MRI_4_classes_dataset/NonDemented/18 (51).jpg,Alzheimer_MRI_4_classes_dataset/Alzheimer_MRI_4_classes_dataset/NonDemented/19 (51).jpg,NonDemented,NonDemented,NonDemented,NonDemented,NonDemented_patient51,NonDemented_patient51,True,True,True,2,review_only_not_split_blocking
img_153f39f5304d,img_798cf5ac7225,Alzheimer_MRI_4_classes_dataset/Alzheimer_MRI_4_classes_dataset/NonDemented/18 (64).jpg,Alzheimer_MRI_4_classes_dataset/Alzheimer_MRI_4_classes_dataset/NonDemented/19 (64).jpg,NonDemented,NonDemented,NonDemented,NonDemented,NonDemented_patient64,NonDemented_patient64,True,True,True,4,review_only_not_split_blocking
img_f13984a33383,img_ef989d7abdef,Alzheimer_MRI_4_classes_dataset/Alzheimer_MRI_4_classes_dataset/NonDemented/18 (65).jpg,Alzheimer_MRI_4_classes_dataset/Alzheimer_MRI_4_classes_dataset/NonDemented/19 (65).jpg,NonDemented,NonDemented,NonDemented,NonDemented,NonDemented_patient65,NonDemented_patient65,True,True,True,3,review_only_not_split_blocking
img_89746b936a2b,img_d6d72a9293c1,Alzheimer_MRI_4_classes_dataset/Alzheimer_MRI_4_classes_dataset/NonDemented/18 (69).jpg,Alzheimer_MRI_4_classes_dataset/Alzheimer_MRI_4_classes_dataset/NonDemented/19 (69).jpg,NonDemented,NonDemented,NonDemented,NonDemented,NonDemented_patient69,NonDemented_patient69,True,True,True,3,review_only_not_split_blocking
img_c70726c88867,img_00cc4ca0eb1a,Alzheimer_MRI_4_classes_dataset/Alzheimer_MRI_4_classes_dataset/NonDemented/18 (70).jpg,Alzheimer_MRI_4_classes_dataset/Alzheimer_MRI_4_classes_dataset/NonDemented/19 (70).jpg,NonDemented,NonDemented,NonDemented,NonDemented,NonDemented_patient70,NonDemented_patient70,True,True,True,3,review_only_not_split_blocking
img_489ed1d3c60b,img_704a0180012b,Alzheimer_MRI_4_classes_dataset/Alzheimer_MRI_4_classes_dataset/NonDemented/18 (71).jpg,Alzheimer_MRI_4_classes_dataset/Alzheimer_MRI_4_classes_dataset/NonDemented/19 (71).jpg,NonDemented,NonDemented,NonDemented,NonDemented,NonDemented_patient71,NonDemented_patient71,True,True,True,0,review_only_not_split_blocking
img_b4c1bdf7b36c,img_c1f47f20caaf,Alzheimer_MRI_4_classes_dataset/Alzheimer_MRI_4_classes_dataset/NonDemented/18 (76).jpg,Alzheimer_MRI_4_classes_dataset/Alzheimer_MRI_4_classes_dataset/NonDemented/19 (76).jpg,NonDemented,NonDemented,NonDemented,NonDemented,NonDemented_patient76,NonDemented_patient76,True,True,True,2,review_only_not_split_blocking
img_bc8b218fe037,img_b2b79ca1c805,Alzheimer_MRI_4_classes_dataset/Alzheimer_MRI_4_classes_dataset/NonDemented/18 (88).jpg,Alzheimer_MRI_4_classes_dataset/Alzheimer_MRI_4_classes_dataset/NonDemented/19 (88).jpg,NonDemented,NonDemented,NonDemented,NonDemented,NonDemented_patient88,NonDemented_patient88,True,True,True,3,review_only_not_split_blocking
img_2e39ef5c0674,img_f2af512fa46c,Alzheimer_MRI_4_classes_dataset/Alzheimer_MRI_4_classes_dataset/NonDemented/18 (89).jpg,Alzheimer_MRI_4_classes_dataset/Alzheimer_MRI_4_classes_dataset/NonDemented/19 (89).jpg,NonDemented,NonDemented,NonDemented,NonDemented,NonDemented_patient89,NonDemented_patient89,True,True,True,3,review_only_not_split_blocking
img_c7eb8307d6fc,img_85e4e7712187,Alzheimer_MRI_4_classes_dataset/Alzheimer_MRI_4_classes_dataset/NonDemented/19 (12).jpg,Alzheimer_MRI_4_classes_dataset/Alzheimer_MRI_4_classes_dataset/NonDemented/20 (12).jpg,NonDemented,NonDemented,NonDemented,NonDemented,NonDemented_patient12,NonDemented_patient12,True,True,True,3,review_only_not_split_blocking
img_4d6d0a1c384d,img_058ede493120,Alzheimer_MRI_4_classes_dataset/Alzheimer_MRI_4_classes_dataset/NonDemented/19 (19).jpg,Alzheimer_MRI_4_classes_dataset/Alzheimer_MRI_4_classes_dataset/NonDemented/20 (19).jpg,NonDemented,NonDemented,NonDemented,NonDemented,NonDemented_patient19,NonDemented_patient19,True,True,True,4,review_only_not_split_blocking
img_d53d13f777b1,img_8bf8bcd33bca,Alzheimer_MRI_4_classes_dataset/Alzheimer_MRI_4_classes_dataset/NonDemented/19 (25).jpg,Alzheimer_MRI_4_classes_dataset/Alzheimer_MRI_4_classes_dataset/NonDemented/20 (25).jpg,NonDemented,NonDemented,NonDemented,NonDemented,NonDemented_patient25,NonDemented_patient25,True,True,True,4,review_only_not_split_blocking
img_20e324d4697b,img_548e7fa34d6c,Alzheimer_MRI_4_classes_dataset/Alzheimer_MRI_4_classes_dataset/NonDemented/19 (30).jpg,Alzheimer_MRI_4_classes_dataset/Alzheimer_MRI_4_classes_dataset/NonDemented/20 (30).jpg,NonDemented,NonDemented,NonDemented,NonDemented,NonDemented_patient30,NonDemented_patient30,True,True,True,3,review_only_not_split_blocking
img_777158879059,img_2c2b64256b78,Alzheimer_MRI_4_classes_dataset/Alzheimer_MRI_4_classes_dataset/NonDemented/19 (31).jpg,Alzheimer_MRI_4_classes_dataset/Alzheimer_MRI_4_classes_dataset/NonDemented/20 (31).jpg,NonDemented,NonDemented,NonDemented,NonDemented,NonDemented_patient31,NonDemented_patient31,True,True,True,4,review_only_not_split_blocking
img_756bf6d7bc14,img_577f11a308a2,Alzheimer_MRI_4_classes_dataset/Alzheimer_MRI_4_classes_dataset/NonDemented/19 (34).jpg,Alzheimer_MRI_4_classes_dataset/Alzheimer_MRI_4_classes_dataset/NonDemented/20 (34).jpg,NonDemented,NonDemented,NonDemented,NonDemented,NonDemented_patient34,NonDemented_patient34,True,True,True,4,review_only_not_split_blocking
img_8fac040e32f2,img_563380e83d62,Alzheimer_MRI_4_classes_dataset/Alzheimer_MRI_4_classes_dataset/NonDemented/19 (41).jpg,Alzheimer_MRI_4_classes_dataset/Alzheimer_MRI_4_classes_dataset/NonDemented/20 (41).jpg,NonDemented,NonDemented,NonDemented,NonDemented,NonDemented_patient41,NonDemented_patient41,True,True,True,4,review_only_not_split_blocking
img_3b36ee1d6d53,img_d2c5205f8c7c,Alzheimer_MRI_4_classes_dataset/Alzheimer_MRI_4_classes_dataset/NonDemented/19 (42).jpg,Alzheimer_MRI_4_classes_dataset/Alzheimer_MRI_4_classes_dataset/NonDemented/20 (42).jpg,NonDemented,NonDemented,NonDemented,NonDemented,NonDemented_patient42,NonDemented_patient42,True,True,True,4,review_only_not_split_blocking
img_a408ac7dabe7,img_1ea97da85448,Alzheimer_MRI_4_classes_dataset/Alzheimer_MRI_4_classes_dataset/NonDemented/19 (45).jpg,Alzheimer_MRI_4_classes_dataset/Alzheimer_MRI_4_classes_dataset/NonDemented/20 (45).jpg,NonDemented,NonDemented,NonDemented,NonDemented,NonDemented_patient45,NonDemented_patient45,True,True,True,2,review_only_not_split_blocking
img_5b29e61dd1d3,img_a70df84ba15b,Alzheimer_MRI_4_classes_dataset/Alzheimer_MRI_4_classes_dataset/NonDemented/19 (47).jpg,Alzheimer_MRI_4_classes_dataset/Alzheimer_MRI_4_classes_dataset/NonDemented/20 (47).jpg,NonDemented,NonDemented,NonDemented,NonDemented,NonDemented_patient47,NonDemented_patient47,True,True,True,3,review_only_not_split_blocking
img_8327fe4668e8,img_49a3509e85c3,Alzheimer_MRI_4_classes_dataset/Alzheimer_MRI_4_classes_dataset/NonDemented/19 (54).jpg,Alzheimer_MRI_4_classes_dataset/Alzheimer_MRI_4_classes_dataset/NonDemented/20 (54).jpg,NonDemented,NonDemented,NonDemented,NonDemented,NonDemented_patient54,NonDemented_patient54,True,True,True,2,review_only_not_split_blocking
img_1fcc4d011661,img_6989bb12619d,Alzheimer_MRI_4_classes_dataset/Alzheimer_MRI_4_classes_dataset/NonDemented/19 (56).jpg,Alzheimer_MRI_4_classes_dataset/Alzheimer_MRI_4_classes_dataset/NonDemented/20 (56).jpg,NonDemented,NonDemented,NonDemented,NonDemented,NonDemented_patient56,NonDemented_patient56,True,True,True,4,review_only_not_split_blocking
img_be5ec01ccdb8,img_43b4050ee0b5,Alzheimer_MRI_4_classes_dataset/Alzheimer_MRI_4_classes_dataset/NonDemented/19 (61).jpg,Alzheimer_MRI_4_classes_dataset/Alzheimer_MRI_4_classes_dataset/NonDemented/20 (61).jpg,NonDemented,NonDemented,NonDemented,NonDemented,NonDemented_patient61,NonDemented_patient61,True,True,True,3,review_only_not_split_blocking
img_c1f47f20caaf,img_e90b508b6439,Alzheimer_MRI_4_classes_dataset/Alzheimer_MRI_4_classes_dataset/NonDemented/19 (76).jpg,Alzheimer_MRI_4_classes_dataset/Alzheimer_MRI_4_classes_dataset/NonDemented/20 (76).jpg,NonDemented,NonDemented,NonDemented,NonDemented,NonDemented_patient76,NonDemented_patient76,True,True,True,4,review_only_not_split_blocking
img_295efe0215f2,img_64c3463cd8c5,Alzheimer_MRI_4_classes_dataset/Alzheimer_MRI_4_classes_dataset/NonDemented/19 (78).jpg,Alzheimer_MRI_4_classes_dataset/Alzheimer_MRI_4_classes_dataset/NonDemented/20 (78).jpg,NonDemented,NonDemented,NonDemented,NonDemented,NonDemented_patient78,NonDemented_patient78,True,True,True,4,review_only_not_split_blocking
img_f4f5f5f65abc,img_0c4dcdbd295c,Alzheimer_MRI_4_classes_dataset/Alzheimer_MRI_4_classes_dataset/NonDemented/19 (81).jpg,Alzheimer_MRI_4_classes_dataset/Alzheimer_MRI_4_classes_dataset/NonDemented/20 (81).jpg,NonDemented,NonDemented,NonDemented,NonDemented,NonDemented_patient81,NonDemented_patient81,True,True,True,1,review_only_not_split_blocking
img_d1c576471b44,img_f2dd35b5cc56,Alzheimer_MRI_4_classes_dataset/Alzheimer_MRI_4_classes_dataset/NonDemented/19 (90).jpg,Alzheimer_MRI_4_classes_dataset/Alzheimer_MRI_4_classes_dataset/NonDemented/20 (90).jpg,NonDemented,NonDemented,NonDemented,NonDemented,NonDemented_patient90,NonDemented_patient90,True,True,True,4,review_only_not_split_blocking
img_0a8ebb7f4834,img_5122143c890e,Alzheimer_MRI_4_classes_dataset/Alzheimer_MRI_4_classes_dataset/NonDemented/19 (91).jpg,Alzheimer_MRI_4_classes_dataset/Alzheimer_MRI_4_classes_dataset/NonDemented/20 (91).jpg,NonDemented,NonDemented,NonDemented,NonDemented,NonDemented_patient91,NonDemented_patient91,True,True,True,4,review_only_not_split_blocking
img_d8d2d35a237b,img_2d913e45a8cc,Alzheimer_MRI_4_classes_dataset/Alzheimer_MRI_4_classes_dataset/NonDemented/19 (95).jpg,Alzheimer_MRI_4_classes_dataset/Alzheimer_MRI_4_classes_dataset/NonDemented/20 (95).jpg,NonDemented,NonDemented,NonDemented,NonDemented,NonDemented_patient95,NonDemented_patient95,True,True,True,4,review_only_not_split_blocking
img_e12375189b74,img_2f760dcde902,Alzheimer_MRI_4_classes_dataset/Alzheimer_MRI_4_classes_dataset/NonDemented/19 (96).jpg,Alzheimer_MRI_4_classes_dataset/Alzheimer_MRI_4_classes_dataset/NonDemented/20 (96).jpg,NonDemented,NonDemented,NonDemented,NonDemented,NonDemented_patient96,NonDemented_patient96,True,True,True,2,review_only_not_split_blocking
img_503ded0eff5e,img_feba4ae73f11,Alzheimer_MRI_4_classes_dataset/Alzheimer_MRI_4_classes_dataset/NonDemented/19 (99).jpg,Alzheimer_MRI_4_classes_dataset/Alzheimer_MRI_4_classes_dataset/NonDemented/20 (99).jpg,NonDemented,NonDemented,NonDemented,NonDemented,NonDemented_patient99,NonDemented_patient99,True,True,True,4,review_only_not_split_blocking
img_a3bedae80209,img_356b8e50342a,Alzheimer_MRI_4_classes_dataset/Alzheimer_MRI_4_classes_dataset/NonDemented/2 (13).jpg,Alzheimer_MRI_4_classes_dataset/Alzheimer_MRI_4_classes_dataset/NonDemented/3 (13).jpg,NonDemented,NonDemented,NonDemented,NonDemented,NonDemented_patient13,NonDemented_patient13,True,True,True,3,review_only_not_split_blocking
img_75d3fcc3b94b,img_88cb904f4d0e,Alzheimer_MRI_4_classes_dataset/Alzheimer_MRI_4_classes_dataset/NonDemented/2 (16).jpg,Alzheimer_MRI_4_classes_dataset/Alzheimer_MRI_4_classes_dataset/NonDemented/3 (16).jpg,NonDemented,NonDemented,NonDemented,NonDemented,NonDemented_patient16,NonDemented_patient16,True,True,True,3,review_only_not_split_blocking
img_5e3eb844b320,img_45290738481e,Alzheimer_MRI_4_classes_dataset/Alzheimer_MRI_4_classes_dataset/NonDemented/2 (24).jpg,Alzheimer_MRI_4_classes_dataset/Alzheimer_MRI_4_classes_dataset/NonDemented/3 (24).jpg,NonDemented,NonDemented,NonDemented,NonDemented,NonDemented_patient24,NonDemented_patient24,True,True,True,3,review_only_not_split_blocking
img_d91e697eefae,img_df4ebfa03ad4,Alzheimer_MRI_4_classes_dataset/Alzheimer_MRI_4_classes_dataset/NonDemented/2 (32).jpg,Alzheimer_MRI_4_classes_dataset/Alzheimer_MRI_4_classes_dataset/NonDemented/3 (32).jpg,NonDemented,NonDemented,NonDemented,NonDemented,NonDemented_patient32,NonDemented_patient32,True,True,True,4,review_only_not_split_blocking
img_34b93af9f62e,img_54b81de4b110,Alzheimer_MRI_4_classes_dataset/Alzheimer_MRI_4_classes_dataset/NonDemented/2 (33).jpg,Alzheimer_MRI_4_classes_dataset/Alzheimer_MRI_4_classes_dataset/NonDemented/3 (33).jpg,NonDemented,NonDemented,NonDemented,NonDemented,NonDemented_patient33,NonDemented_patient33,True,True,True,4,review_only_not_split_blocking
img_1810c3a87fe3,img_e5944f147d84,Alzheimer_MRI_4_classes_dataset/Alzheimer_MRI_4_classes_dataset/NonDemented/2 (34).jpg,Alzheimer_MRI_4_classes_dataset/Alzheimer_MRI_4_classes_dataset/NonDemented/3 (34).jpg,NonDemented,NonDemented,NonDemented,NonDemented,NonDemented_patient34,NonDemented_patient34,True,True,True,3,review_only_not_split_blocking
img_9c6a6dbe9f2d,img_f760c4f3e049,Alzheimer_MRI_4_classes_dataset/Alzheimer_MRI_4_classes_dataset/NonDemented/2 (38).jpg,Alzheimer_MRI_4_classes_dataset/Alzheimer_MRI_4_classes_dataset/NonDemented/3 (38).jpg,NonDemented,NonDemented,NonDemented,NonDemented,NonDemented_patient38,NonDemented_patient38,True,True,True,4,review_only_not_split_blocking
img_ceeaa999abf8,img_01e7ea010d8c,Alzheimer_MRI_4_classes_dataset/Alzheimer_MRI_4_classes_dataset/NonDemented/2 (39).jpg,Alzheimer_MRI_4_classes_dataset/Alzheimer_MRI_4_classes_dataset/NonDemented/3 (39).jpg,NonDemented,NonDemented,NonDemented,NonDemented,NonDemented_patient39,NonDemented_patient39,True,True,True,1,review_only_not_split_blocking
img_004fbfa83c83,img_a09b7bd616fd,Alzheimer_MRI_4_classes_dataset/Alzheimer_MRI_4_classes_dataset/NonDemented/2 (4).jpg,Alzheimer_MRI_4_classes_dataset/Alzheimer_MRI_4_classes_dataset/NonDemented/3 (4).jpg,NonDemented,NonDemented,NonDemented,NonDemented,NonDemented_patient4,NonDemented_patient4,True,True,True,3,review_only_not_split_blocking
img_793afb851b82,img_39208e283b1a,Alzheimer_MRI_4_classes_dataset/Alzheimer_MRI_4_classes_dataset/NonDemented/2 (56).jpg,Alzheimer_MRI_4_classes_dataset/Alzheimer_MRI_4_classes_dataset/NonDemented/3 (56).jpg,NonDemented,NonDemented,NonDemented,NonDemented,NonDemented_patient56,NonDemented_patient56,True,True,True,4,review_only_not_split_blocking
img_afe57745e04e,img_0e605cb705ef,Alzheimer_MRI_4_classes_dataset/Alzheimer_MRI_4_classes_dataset/NonDemented/2 (62).jpg,Alzheimer_MRI_4_classes_dataset/Alzheimer_MRI_4_classes_dataset/NonDemented/3 (62).jpg,NonDemented,NonDemented,NonDemented,NonDemented,NonDemented_patient62,NonDemented_patient62,True,True,True,4,review_only_not_split_blocking
img_42900155fd67,img_74ea6bfbfbd6,Alzheimer_MRI_4_classes_dataset/Alzheimer_MRI_4_classes_dataset/NonDemented/2 (63).jpg,Alzheimer_MRI_4_classes_dataset/Alzheimer_MRI_4_classes_dataset/NonDemented/3 (63).jpg,NonDemented,NonDemented,NonDemented,NonDemented,NonDemented_patient63,NonDemented_patient63,True,True,True,4,review_only_not_split_blocking
img_f6830afc9f30,img_e7d38e3e406b,Alzheimer_MRI_4_classes_dataset/Alzheimer_MRI_4_classes_dataset/NonDemented/2 (64).jpg,Alzheimer_MRI_4_classes_dataset/Alzheimer_MRI_4_classes_dataset/NonDemented/3 (64).jpg,NonDemented,NonDemented,NonDemented,NonDemented,NonDemented_patient64,NonDemented_patient64,True,True,True,4,review_only_not_split_blocking
img_459dd4ff8992,img_43045acb4bd7,Alzheimer_MRI_4_classes_dataset/Alzheimer_MRI_4_classes_dataset/NonDemented/2 (66).jpg,Alzheimer_MRI_4_classes_dataset/Alzheimer_MRI_4_classes_dataset/NonDemented/3 (66).jpg,NonDemented,NonDemented,NonDemented,NonDemented,NonDemented_patient66,NonDemented_patient66,True,True,True,2,review_only_not_split_blocking
img_a0761722a1b8,img_341267a1e6e8,Alzheimer_MRI_4_classes_dataset/Alzheimer_MRI_4_classes_dataset/NonDemented/2 (67).jpg,Alzheimer_MRI_4_classes_dataset/Alzheimer_MRI_4_classes_dataset/NonDemented/3 (67).jpg,NonDemented,NonDemented,NonDemented,NonDemented,NonDemented_patient67,NonDemented_patient67,True,True,True,4,review_only_not_split_blocking
img_130c1857b6cd,img_e828664592d8,Alzheimer_MRI_4_classes_dataset/Alzheimer_MRI_4_classes_dataset/NonDemented/2 (70).jpg,Alzheimer_MRI_4_classes_dataset/Alzheimer_MRI_4_classes_dataset/NonDemented/3 (70).jpg,NonDemented,NonDemented,NonDemented,NonDemented,NonDemented_patient70,NonDemented_patient70,True,True,True,3,review_only_not_split_blocking
img_130c1857b6cd,img_df1d854b86a6,Alzheimer_MRI_4_classes_dataset/Alzheimer_MRI_4_classes_dataset/NonDemented/2 (70).jpg,Alzheimer_MRI_4_classes_dataset/Alzheimer_MRI_4_classes_dataset/NonDemented/4 (70).jpg,NonDemented,NonDemented,NonDemented,NonDemented,NonDemented_patient70,NonDemented_patient70,True,True,True,4,review_only_not_split_blocking
img_52ca9b3f3c5a,img_24dbfd7df0ea,Alzheimer_MRI_4_classes_dataset/Alzheimer_MRI_4_classes_dataset/NonDemented/2 (80).jpg,Alzheimer_MRI_4_classes_dataset/Alzheimer_MRI_4_classes_dataset/NonDemented/3 (80).jpg,NonDemented,NonDemented,NonDemented,NonDemented,NonDemented_patient80,NonDemented_patient80,True,True,True,3,review_only_not_split_blocking
img_36518ab26c32,img_6a7186271102,Alzheimer_MRI_4_classes_dataset/Alzheimer_MRI_4_classes_dataset/NonDemented/2 (83).jpg,Alzheimer_MRI_4_classes_dataset/Alzheimer_MRI_4_classes_dataset/NonDemented/3 (83).jpg,NonDemented,NonDemented,NonDemented,NonDemented,NonDemented_patient83,NonDemented_patient83,True,True,True,2,review_only_not_split_blocking
img_2eba677d1fe5,img_97723f2d93f2,Alzheimer_MRI_4_classes_dataset/Alzheimer_MRI_4_classes_dataset/NonDemented/2 (97).jpg,Alzheimer_MRI_4_classes_dataset/Alzheimer_MRI_4_classes_dataset/NonDemented/3 (97).jpg,NonDemented,NonDemented,NonDemented,NonDemented,NonDemented_patient97,NonDemented_patient97,True,True,True,4,review_only_not_split_blocking
img_85e4e7712187,img_624954c284a5,Alzheimer_MRI_4_classes_dataset/Alzheimer_MRI_4_classes_dataset/NonDemented/20 (12).jpg,Alzheimer_MRI_4_classes_dataset/Alzheimer_MRI_4_classes_dataset/NonDemented/21 (12).jpg,NonDemented,NonDemented,NonDemented,NonDemented,NonDemented_patient12,NonDemented_patient12,True,True,True,4,review_only_not_split_blocking
img_5a22299500c0,img_bd7517aa9444,Alzheimer_MRI_4_classes_dataset/Alzheimer_MRI_4_classes_dataset/NonDemented/20 (13).jpg,Alzheimer_MRI_4_classes_dataset/Alzheimer_MRI_4_classes_dataset/NonDemented/21 (13).jpg,NonDemented,NonDemented,NonDemented,NonDemented,NonDemented_patient13,NonDemented_patient13,True,True,True,3,review_only_not_split_blocking
img_6095ff2e6757,img_82cba371182d,Alzheimer_MRI_4_classes_dataset/Alzheimer_MRI_4_classes_dataset/NonDemented/20 (16).jpg,Alzheimer_MRI_4_classes_dataset/Alzheimer_MRI_4_classes_dataset/NonDemented/21 (16).jpg,NonDemented,NonDemented,NonDemented,NonDemented,NonDemented_patient16,NonDemented_patient16,True,True,True,1,review_only_not_split_blocking
img_058ede493120,img_6622c81fef35,Alzheimer_MRI_4_classes_dataset/Alzheimer_MRI_4_classes_dataset/NonDemented/20 (19).jpg,Alzheimer_MRI_4_classes_dataset/Alzheimer_MRI_4_classes_dataset/NonDemented/21 (19).jpg,NonDemented,NonDemented,NonDemented,NonDemented,NonDemented_patient19,NonDemented_patient19,True,True,True,4,review_only_not_split_blocking
img_577f11a308a2,img_f36dfbf43396,Alzheimer_MRI_4_classes_dataset/Alzheimer_MRI_4_classes_dataset/NonDemented/20 (34).jpg,Alzheimer_MRI_4_classes_dataset/Alzheimer_MRI_4_classes_dataset/NonDemented/21 (34).jpg,NonDemented,NonDemented,NonDemented,NonDemented,NonDemented_patient34,NonDemented_patient34,True,True,True,2,review_only_not_split_blocking
img_14b7a1cb584f,img_60d139df56d6,Alzheimer_MRI_4_classes_dataset/Alzheimer_MRI_4_classes_dataset/NonDemented/20 (35).jpg,Alzheimer_MRI_4_classes_dataset/Alzheimer_MRI_4_classes_dataset/NonDemented/21 (35).jpg,NonDemented,NonDemented,NonDemented,NonDemented,NonDemented_patient35,NonDemented_patient35,True,True,True,4,review_only_not_split_blocking
img_cb90ffbcd231,img_8bbae7b284f8,Alzheimer_MRI_4_classes_dataset/Alzheimer_MRI_4_classes_dataset/NonDemented/20 (38).jpg,Alzheimer_MRI_4_classes_dataset/Alzheimer_MRI_4_classes_dataset/NonDemented/21 (38).jpg,NonDemented,NonDemented,NonDemented,NonDemented,NonDemented_patient38,NonDemented_patient38,True,True,True,4,review_only_not_split_blocking
img_8821fed22d97,img_4b67924c7c8e,Alzheimer_MRI_4_classes_dataset/Alzheimer_MRI_4_classes_dataset/NonDemented/20 (39).jpg,Alzheimer_MRI_4_classes_dataset/Alzheimer_MRI_4_classes_dataset/NonDemented/21 (39).jpg,NonDemented,NonDemented,NonDemented,NonDemented,NonDemented_patient39,NonDemented_patient39,True,True,True,4,review_only_not_split_blocking
img_563380e83d62,img_7983c76fb89c,Alzheimer_MRI_4_classes_dataset/Alzheimer_MRI_4_classes_dataset/NonDemented/20 (41).jpg,Alzheimer_MRI_4_classes_dataset/Alzheimer_MRI_4_classes_dataset/NonDemented/21 (41).jpg,NonDemented,NonDemented,NonDemented,NonDemented,NonDemented_patient41,NonDemented_patient41,True,True,True,3,review_only_not_split_blocking
img_bac2fa417889,img_fac3918104c3,Alzheimer_MRI_4_classes_dataset/Alzheimer_MRI_4_classes_dataset/NonDemented/20 (43).jpg,Alzheimer_MRI_4_classes_dataset/Alzheimer_MRI_4_classes_dataset/NonDemented/21 (43).jpg,NonDemented,NonDemented,NonDemented,NonDemented,NonDemented_patient43,NonDemented_patient43,True,True,True,1,review_only_not_split_blocking
img_27a675b95d4b,img_036e9dfacb9f,Alzheimer_MRI_4_classes_dataset/Alzheimer_MRI_4_classes_dataset/NonDemented/20 (46).jpg,Alzheimer_MRI_4_classes_dataset/Alzheimer_MRI_4_classes_dataset/NonDemented/21 (46).jpg,NonDemented,NonDemented,NonDemented,NonDemented,NonDemented_patient46,NonDemented_patient46,True,True,True,4,review_only_not_split_blocking
img_79a0e4d95dd6,img_24e25c41469f,Alzheimer_MRI_4_classes_dataset/Alzheimer_MRI_4_classes_dataset/NonDemented/20 (48).jpg,Alzheimer_MRI_4_classes_dataset/Alzheimer_MRI_4_classes_dataset/NonDemented/21 (48).jpg,NonDemented,NonDemented,NonDemented,NonDemented,NonDemented_patient48,NonDemented_patient48,True,True,True,4,review_only_not_split_blocking
img_79a0e4d95dd6,img_a2db405d5944,Alzheimer_MRI_4_classes_dataset/Alzheimer_MRI_4_classes_dataset/NonDemented/20 (48).jpg,Alzheimer_MRI_4_classes_dataset/Alzheimer_MRI_4_classes_dataset/NonDemented/22 (48).jpg,NonDemented,NonDemented,NonDemented,NonDemented,NonDemented_patient48,NonDemented_patient48,True,True,True,4,review_only_not_split_blocking
img_ad7b6c2a4d3d,img_d43e3d7b669d,Alzheimer_MRI_4_classes_dataset/Alzheimer_MRI_4_classes_dataset/NonDemented/20 (49).jpg,Alzheimer_MRI_4_classes_dataset/Alzheimer_MRI_4_classes_dataset/NonDemented/21 (49).jpg,NonDemented,NonDemented,NonDemented,NonDemented,NonDemented_patient49,NonDemented_patient49,True,True,True,3,review_only_not_split_blocking
img_adb425226c62,img_fb178fc9630f,Alzheimer_MRI_4_classes_dataset/Alzheimer_MRI_4_classes_dataset/NonDemented/20 (55).jpg,Alzheimer_MRI_4_classes_dataset/Alzheimer_MRI_4_classes_dataset/NonDemented/21 (55).jpg,NonDemented,NonDemented,NonDemented,NonDemented,NonDemented_patient55,NonDemented_patient55,True,True,True,4,review_only_not_split_blocking
img_6989bb12619d,img_d9cf07a29032,Alzheimer_MRI_4_classes_dataset/Alzheimer_MRI_4_classes_dataset/NonDemented/20 (56).jpg,Alzheimer_MRI_4_classes_dataset/Alzheimer_MRI_4_classes_dataset/NonDemented/21 (56).jpg,NonDemented,NonDemented,NonDemented,NonDemented,NonDemented_patient56,NonDemented_patient56,True,True,True,3,review_only_not_split_blocking
img_cd06897b02f2,img_887a4d96a70f,Alzheimer_MRI_4_classes_dataset/Alzheimer_MRI_4_classes_dataset/NonDemented/20 (6).jpg,Alzheimer_MRI_4_classes_dataset/Alzheimer_MRI_4_classes_dataset/NonDemented/21 (6).jpg,NonDemented,NonDemented,NonDemented,NonDemented,NonDemented_patient6,NonDemented_patient6,True,True,True,4,review_only_not_split_blocking
img_2e63a3c50a65,img_38efc70124d2,Alzheimer_MRI_4_classes_dataset/Alzheimer_MRI_4_classes_dataset/NonDemented/20 (77).jpg,Alzheimer_MRI_4_classes_dataset/Alzheimer_MRI_4_classes_dataset/NonDemented/21 (77).jpg,NonDemented,NonDemented,NonDemented,NonDemented,NonDemented_patient77,NonDemented_patient77,True,True,True,2,review_only_not_split_blocking
img_33719f809b7d,img_cbe5b3279103,Alzheimer_MRI_4_classes_dataset/Alzheimer_MRI_4_classes_dataset/NonDemented/20 (8).jpg,Alzheimer_MRI_4_classes_dataset/Alzheimer_MRI_4_classes_dataset/NonDemented/21 (8).jpg,NonDemented,NonDemented,NonDemented,NonDemented,NonDemented_patient8,NonDemented_patient8,True,True,True,3,review_only_not_split_blocking
img_8dbd03ed6b16,img_2299b00346a8,Alzheimer_MRI_4_classes_dataset/Alzheimer_MRI_4_classes_dataset/NonDemented/20 (82).jpg,Alzheimer_MRI_4_classes_dataset/Alzheimer_MRI_4_classes_dataset/NonDemented/21 (82).jpg,NonDemented,NonDemented,NonDemented,NonDemented,NonDemented_patient82,NonDemented_patient82,True,True,True,4,review_only_not_split_blocking
img_03461d801b2b,img_a3c3aef40fa3,Alzheimer_MRI_4_classes_dataset/Alzheimer_MRI_4_classes_dataset/NonDemented/20 (83).jpg,Alzheimer_MRI_4_classes_dataset/Alzheimer_MRI_4_classes_dataset/NonDemented/21 (83).jpg,NonDemented,NonDemented,NonDemented,NonDemented,NonDemented_patient83,NonDemented_patient83,True,True,True,3,review_only_not_split_blocking
img_736465b45a8c,img_9e6db32a183d,Alzheimer_MRI_4_classes_dataset/Alzheimer_MRI_4_classes_dataset/NonDemented/20 (98).jpg,Alzheimer_MRI_4_classes_dataset/Alzheimer_MRI_4_classes_dataset/NonDemented/21 (98).jpg,NonDemented,NonDemented,NonDemented,NonDemented,NonDemented_patient98,NonDemented_patient98,True,True,True,3,review_only_not_split_blocking
img_1b297f21b696,img_190649b49a85,Alzheimer_MRI_4_classes_dataset/Alzheimer_MRI_4_classes_dataset/NonDemented/20.jpg,Alzheimer_MRI_4_classes_dataset/Alzheimer_MRI_4_classes_dataset/NonDemented/21.jpg,NonDemented,NonDemented,NonDemented,NonDemented,NonDemented_unique_20_b5ee32e8c00f,NonDemented_unique_21_ebd28519efa7,False,True,True,4,review_only_not_split_blocking
img_75af003391f9,img_5187d4ae23df,Alzheimer_MRI_4_classes_dataset/Alzheimer_MRI_4_classes_dataset/NonDemented/21 (100).jpg,Alzheimer_MRI_4_classes_dataset/Alzheimer_MRI_4_classes_dataset/NonDemented/22 (100).jpg,NonDemented,NonDemented,NonDemented,NonDemented,NonDemented_patient100,NonDemented_patient100,True,True,True,4,review_only_not_split_blocking
img_4ea9b53d8509,img_0a5063408e91,Alzheimer_MRI_4_classes_dataset/Alzheimer_MRI_4_classes_dataset/NonDemented/21 (11).jpg,Alzheimer_MRI_4_classes_dataset/Alzheimer_MRI_4_classes_dataset/NonDemented/22 (11).jpg,NonDemented,NonDemented,NonDemented,NonDemented,NonDemented_patient11,NonDemented_patient11,True,True,True,2,review_only_not_split_blocking
img_32ea1752f32c,img_c350bb2c54f9,Alzheimer_MRI_4_classes_dataset/Alzheimer_MRI_4_classes_dataset/NonDemented/21 (18).jpg,Alzheimer_MRI_4_classes_dataset/Alzheimer_MRI_4_classes_dataset/NonDemented/22 (18).jpg,NonDemented,NonDemented,NonDemented,NonDemented,NonDemented_patient18,NonDemented_patient18,True,True,True,3,review_only_not_split_blocking
img_6622c81fef35,img_a582d5b250d2,Alzheimer_MRI_4_classes_dataset/Alzheimer_MRI_4_classes_dataset/NonDemented/21 (19).jpg,Alzheimer_MRI_4_classes_dataset/Alzheimer_MRI_4_classes_dataset/NonDemented/22 (19).jpg,NonDemented,NonDemented,NonDemented,NonDemented,NonDemented_patient19,NonDemented_patient19,True,True,True,3,review_only_not_split_blocking
img_6264073d1d6e,img_98e117489166,Alzheimer_MRI_4_classes_dataset/Alzheimer_MRI_4_classes_dataset/NonDemented/21 (24).jpg,Alzheimer_MRI_4_classes_dataset/Alzheimer_MRI_4_classes_dataset/NonDemented/22 (24).jpg,NonDemented,NonDemented,NonDemented,NonDemented,NonDemented_patient24,NonDemented_patient24,True,True,True,2,review_only_not_split_blocking
img_df15c9a6df15,img_08b5ba9830ac,Alzheimer_MRI_4_classes_dataset/Alzheimer_MRI_4_classes_dataset/NonDemented/21 (26).jpg,Alzheimer_MRI_4_classes_dataset/Alzheimer_MRI_4_classes_dataset/NonDemented/22 (26).jpg,NonDemented,NonDemented,NonDemented,NonDemented,NonDemented_patient26,NonDemented_patient26,True,True,True,4,review_only_not_split_blocking
img_4e0ab38ad7c0,img_520287294f29,Alzheimer_MRI_4_classes_dataset/Alzheimer_MRI_4_classes_dataset/NonDemented/21 (32).jpg,Alzheimer_MRI_4_classes_dataset/Alzheimer_MRI_4_classes_dataset/NonDemented/22 (32).jpg,NonDemented,NonDemented,NonDemented,NonDemented,NonDemented_patient32,NonDemented_patient32,True,True,True,4,review_only_not_split_blocking
img_cb0d550e5de5,img_52b924ee0cdc,Alzheimer_MRI_4_classes_dataset/Alzheimer_MRI_4_classes_dataset/NonDemented/21 (33).jpg,Alzheimer_MRI_4_classes_dataset/Alzheimer_MRI_4_classes_dataset/NonDemented/22 (33).jpg,NonDemented,NonDemented,NonDemented,NonDemented,NonDemented_patient33,NonDemented_patient33,True,True,True,4,review_only_not_split_blocking
img_8bbae7b284f8,img_4940184577cc,Alzheimer_MRI_4_classes_dataset/Alzheimer_MRI_4_classes_dataset/NonDemented/21 (38).jpg,Alzheimer_MRI_4_classes_dataset/Alzheimer_MRI_4_classes_dataset/NonDemented/22 (38).jpg,NonDemented,NonDemented,NonDemented,NonDemented,NonDemented_patient38,NonDemented_patient38,True,True,True,4,review_only_not_split_blocking
img_4b67924c7c8e,img_954eddddd22b,Alzheimer_MRI_4_classes_dataset/Alzheimer_MRI_4_classes_dataset/NonDemented/21 (39).jpg,Alzheimer_MRI_4_classes_dataset/Alzheimer_MRI_4_classes_dataset/NonDemented/22 (39).jpg,NonDemented,NonDemented,NonDemented,NonDemented,NonDemented_patient39,NonDemented_patient39,True,True,True,4,review_only_not_split_blocking
img_7983c76fb89c,img_49deb2778f23,Alzheimer_MRI_4_classes_dataset/Alzheimer_MRI_4_classes_dataset/NonDemented/21 (41).jpg,Alzheimer_MRI_4_classes_dataset/Alzheimer_MRI_4_classes_dataset/NonDemented/22 (41).jpg,NonDemented,NonDemented,NonDemented,NonDemented,NonDemented_patient41,NonDemented_patient41,True,True,True,4,review_only_not_split_blocking
img_fac3918104c3,img_5f0da5e3c6a9,Alzheimer_MRI_4_classes_dataset/Alzheimer_MRI_4_classes_dataset/NonDemented/21 (43).jpg,Alzheimer_MRI_4_classes_dataset/Alzheimer_MRI_4_classes_dataset/NonDemented/22 (43).jpg,NonDemented,NonDemented,NonDemented,NonDemented,NonDemented_patient43,NonDemented_patient43,True,True,True,4,review_only_not_split_blocking
img_036e9dfacb9f,img_f5671bebe67a,Alzheimer_MRI_4_classes_dataset/Alzheimer_MRI_4_classes_dataset/NonDemented/21 (46).jpg,Alzheimer_MRI_4_classes_dataset/Alzheimer_MRI_4_classes_dataset/NonDemented/22 (46).jpg,NonDemented,NonDemented,NonDemented,NonDemented,NonDemented_patient46,NonDemented_patient46,True,True,True,3,review_only_not_split_blocking
img_a3823c694e8f,img_04798e4a0b4d,Alzheimer_MRI_4_classes_dataset/Alzheimer_MRI_4_classes_dataset/NonDemented/21 (47).jpg,Alzheimer_MRI_4_classes_dataset/Alzheimer_MRI_4_classes_dataset/NonDemented/22 (47).jpg,NonDemented,NonDemented,NonDemented,NonDemented,NonDemented_patient47,NonDemented_patient47,True,True,True,4,review_only_not_split_blocking
img_24e25c41469f,img_a2db405d5944,Alzheimer_MRI_4_classes_dataset/Alzheimer_MRI_4_classes_dataset/NonDemented/21 (48).jpg,Alzheimer_MRI_4_classes_dataset/Alzheimer_MRI_4_classes_dataset/NonDemented/22 (48).jpg,NonDemented,NonDemented,NonDemented,NonDemented,NonDemented_patient48,NonDemented_patient48,True,True,True,2,review_only_not_split_blocking
img_a0654befb3ad,img_d5353bd0bf0f,Alzheimer_MRI_4_classes_dataset/Alzheimer_MRI_4_classes_dataset/NonDemented/21 (5).jpg,Alzheimer_MRI_4_classes_dataset/Alzheimer_MRI_4_classes_dataset/NonDemented/22 (5).jpg,NonDemented,NonDemented,NonDemented,NonDemented,NonDemented_patient5,NonDemented_patient5,True,True,True,2,review_only_not_split_blocking
img_fb178fc9630f,img_76b835eff991,Alzheimer_MRI_4_classes_dataset/Alzheimer_MRI_4_classes_dataset/NonDemented/21 (55).jpg,Alzheimer_MRI_4_classes_dataset/Alzheimer_MRI_4_classes_dataset/NonDemented/22 (55).jpg,NonDemented,NonDemented,NonDemented,NonDemented,NonDemented_patient55,NonDemented_patient55,True,True,True,3,review_only_not_split_blocking
img_d9cf07a29032,img_89d1260464e7,Alzheimer_MRI_4_classes_dataset/Alzheimer_MRI_4_classes_dataset/NonDemented/21 (56).jpg,Alzheimer_MRI_4_classes_dataset/Alzheimer_MRI_4_classes_dataset/NonDemented/22 (56).jpg,NonDemented,NonDemented,NonDemented,NonDemented,NonDemented_patient56,NonDemented_patient56,True,True,True,2,review_only_not_split_blocking
img_e4df0a61d7c4,img_a84d21d52ca8,Alzheimer_MRI_4_classes_dataset/Alzheimer_MRI_4_classes_dataset/NonDemented/21 (62).jpg,Alzheimer_MRI_4_classes_dataset/Alzheimer_MRI_4_classes_dataset/NonDemented/22 (62).jpg,NonDemented,NonDemented,NonDemented,NonDemented,NonDemented_patient62,NonDemented_patient62,True,True,True,4,review_only_not_split_blocking
img_6033985139fe,img_53d2dadef079,Alzheimer_MRI_4_classes_dataset/Alzheimer_MRI_4_classes_dataset/NonDemented/21 (67).jpg,Alzheimer_MRI_4_classes_dataset/Alzheimer_MRI_4_classes_dataset/NonDemented/22 (67).jpg,NonDemented,NonDemented,NonDemented,NonDemented,NonDemented_patient67,NonDemented_patient67,True,True,True,4,review_only_not_split_blocking
img_b679bd98c186,img_07ed8f872992,Alzheimer_MRI_4_classes_dataset/Alzheimer_MRI_4_classes_dataset/NonDemented/21 (73).jpg,Alzheimer_MRI_4_classes_dataset/Alzheimer_MRI_4_classes_dataset/NonDemented/22 (73).jpg,NonDemented,NonDemented,NonDemented,NonDemented,NonDemented_patient73,NonDemented_patient73,True,True,True,4,review_only_not_split_blocking
img_061a17a084f0,img_4c31c017e67a,Alzheimer_MRI_4_classes_dataset/Alzheimer_MRI_4_classes_dataset/NonDemented/21 (75).jpg,Alzheimer_MRI_4_classes_dataset/Alzheimer_MRI_4_classes_dataset/NonDemented/22 (75).jpg,NonDemented,NonDemented,NonDemented,NonDemented,NonDemented_patient75,NonDemented_patient75,True,True,True,3,review_only_not_split_blocking
img_2299b00346a8,img_c32c189ff41a,Alzheimer_MRI_4_classes_dataset/Alzheimer_MRI_4_classes_dataset/NonDemented/21 (82).jpg,Alzheimer_MRI_4_classes_dataset/Alzheimer_MRI_4_classes_dataset/NonDemented/22 (82).jpg,NonDemented,NonDemented,NonDemented,NonDemented,NonDemented_patient82,NonDemented_patient82,True,True,True,4,review_only_not_split_blocking
img_c170fdc9851c,img_81db3f35ce9d,Alzheimer_MRI_4_classes_dataset/Alzheimer_MRI_4_classes_dataset/NonDemented/21 (90).jpg,Alzheimer_MRI_4_classes_dataset/Alzheimer_MRI_4_classes_dataset/NonDemented/22 (90).jpg,NonDemented,NonDemented,NonDemented,NonDemented,NonDemented_patient90,NonDemented_patient90,True,True,True,3,review_only_not_split_blocking
img_87eb235d8e82,img_92de68cde33f,Alzheimer_MRI_4_classes_dataset/Alzheimer_MRI_4_classes_dataset/NonDemented/21 (93).jpg,Alzheimer_MRI_4_classes_dataset/Alzheimer_MRI_4_classes_dataset/NonDemented/22 (93).jpg,NonDemented,NonDemented,NonDemented,NonDemented,NonDemented_patient93,NonDemented_patient93,True,True,True,3,review_only_not_split_blocking
img_25e8720653c4,img_23980c7a64b9,Alzheimer_MRI_4_classes_dataset/Alzheimer_MRI_4_classes_dataset/NonDemented/21 (96).jpg,Alzheimer_MRI_4_classes_dataset/Alzheimer_MRI_4_classes_dataset/NonDemented/22 (96).jpg,NonDemented,NonDemented,NonDemented,NonDemented,NonDemented_patient96,NonDemented_patient96,True,True,True,4,review_only_not_split_blocking
img_1ec9b471f97b,img_cdfb9124759f,Alzheimer_MRI_4_classes_dataset/Alzheimer_MRI_4_classes_dataset/NonDemented/21 (97).jpg,Alzheimer_MRI_4_classes_dataset/Alzheimer_MRI_4_classes_dataset/NonDemented/22 (97).jpg,NonDemented,NonDemented,NonDemented,NonDemented,NonDemented_patient97,NonDemented_patient97,True,True,True,4,review_only_not_split_blocking
img_5187d4ae23df,img_cdb489de348a,Alzheimer_MRI_4_classes_dataset/Alzheimer_MRI_4_classes_dataset/NonDemented/22 (100).jpg,Alzheimer_MRI_4_classes_dataset/Alzheimer_MRI_4_classes_dataset/NonDemented/23 (100).jpg,NonDemented,NonDemented,NonDemented,NonDemented,NonDemented_patient100,NonDemented_patient100,True,True,True,2,review_only_not_split_blocking
img_b9cb7ab5e76d,img_f8d0d0076b66,Alzheimer_MRI_4_classes_dataset/Alzheimer_MRI_4_classes_dataset/NonDemented/22 (13).jpg,Alzheimer_MRI_4_classes_dataset/Alzheimer_MRI_4_classes_dataset/NonDemented/23 (13).jpg,NonDemented,NonDemented,NonDemented,NonDemented,NonDemented_patient13,NonDemented_patient13,True,True,True,4,review_only_not_split_blocking
img_96751e84584c,img_01e6ed992aa6,Alzheimer_MRI_4_classes_dataset/Alzheimer_MRI_4_classes_dataset/NonDemented/22 (17).jpg,Alzheimer_MRI_4_classes_dataset/Alzheimer_MRI_4_classes_dataset/NonDemented/23 (17).jpg,NonDemented,NonDemented,NonDemented,NonDemented,NonDemented_patient17,NonDemented_patient17,True,True,True,4,review_only_not_split_blocking
img_9627eee950ab,img_a7860a6156cd,Alzheimer_MRI_4_classes_dataset/Alzheimer_MRI_4_classes_dataset/NonDemented/22 (2).jpg,Alzheimer_MRI_4_classes_dataset/Alzheimer_MRI_4_classes_dataset/NonDemented/23 (2).jpg,NonDemented,NonDemented,NonDemented,NonDemented,NonDemented_patient2,NonDemented_patient2,True,True,True,4,review_only_not_split_blocking
img_afef287d4ec5,img_ce31faa4ded6,Alzheimer_MRI_4_classes_dataset/Alzheimer_MRI_4_classes_dataset/NonDemented/22 (20).jpg,Alzheimer_MRI_4_classes_dataset/Alzheimer_MRI_4_classes_dataset/NonDemented/23 (20).jpg,NonDemented,NonDemented,NonDemented,NonDemented,NonDemented_patient20,NonDemented_patient20,True,True,True,4,review_only_not_split_blocking
img_4a244a9c1273,img_a82ac1f401fb,Alzheimer_MRI_4_classes_dataset/Alzheimer_MRI_4_classes_dataset/NonDemented/22 (22).jpg,Alzheimer_MRI_4_classes_dataset/Alzheimer_MRI_4_classes_dataset/NonDemented/23 (22).jpg,NonDemented,NonDemented,NonDemented,NonDemented,NonDemented_patient22,NonDemented_patient22,True,True,True,4,review_only_not_split_blocking
img_08b5ba9830ac,img_4c94334d153c,Alzheimer_MRI_4_classes_dataset/Alzheimer_MRI_4_classes_dataset/NonDemented/22 (26).jpg,Alzheimer_MRI_4_classes_dataset/Alzheimer_MRI_4_classes_dataset/NonDemented/23 (26).jpg,NonDemented,NonDemented,NonDemented,NonDemented,NonDemented_patient26,NonDemented_patient26,True,True,True,2,review_only_not_split_blocking
img_52b924ee0cdc,img_b9bd3c9847e1,Alzheimer_MRI_4_classes_dataset/Alzheimer_MRI_4_classes_dataset/NonDemented/22 (33).jpg,Alzheimer_MRI_4_classes_dataset/Alzheimer_MRI_4_classes_dataset/NonDemented/23 (33).jpg,NonDemented,NonDemented,NonDemented,NonDemented,NonDemented_patient33,NonDemented_patient33,True,True,True,4,review_only_not_split_blocking
img_5fa0d0906dc9,img_6d7fddf76cb8,Alzheimer_MRI_4_classes_dataset/Alzheimer_MRI_4_classes_dataset/NonDemented/22 (34).jpg,Alzheimer_MRI_4_classes_dataset/Alzheimer_MRI_4_classes_dataset/NonDemented/23 (34).jpg,NonDemented,NonDemented,NonDemented,NonDemented,NonDemented_patient34,NonDemented_patient34,True,True,True,4,review_only_not_split_blocking
img_0777820e90fb,img_2daa94db7e50,Alzheimer_MRI_4_classes_dataset/Alzheimer_MRI_4_classes_dataset/NonDemented/22 (35).jpg,Alzheimer_MRI_4_classes_dataset/Alzheimer_MRI_4_classes_dataset/NonDemented/23 (35).jpg,NonDemented,NonDemented,NonDemented,NonDemented,NonDemented_patient35,NonDemented_patient35,True,True,True,3,review_only_not_split_blocking
img_8240aba418e3,img_db16a0c0c51c,Alzheimer_MRI_4_classes_dataset/Alzheimer_MRI_4_classes_dataset/NonDemented/22 (45).jpg,Alzheimer_MRI_4_classes_dataset/Alzheimer_MRI_4_classes_dataset/NonDemented/23 (45).jpg,NonDemented,NonDemented,NonDemented,NonDemented,NonDemented_patient45,NonDemented_patient45,True,True,True,3,review_only_not_split_blocking
img_f5671bebe67a,img_f5edbfcee1dd,Alzheimer_MRI_4_classes_dataset/Alzheimer_MRI_4_classes_dataset/NonDemented/22 (46).jpg,Alzheimer_MRI_4_classes_dataset/Alzheimer_MRI_4_classes_dataset/NonDemented/23 (46).jpg,NonDemented,NonDemented,NonDemented,NonDemented,NonDemented_patient46,NonDemented_patient46,True,True,True,3,review_only_not_split_blocking
img_04798e4a0b4d,img_618c902e68bd,Alzheimer_MRI_4_classes_dataset/Alzheimer_MRI_4_classes_dataset/NonDemented/22 (47).jpg,Alzheimer_MRI_4_classes_dataset/Alzheimer_MRI_4_classes_dataset/NonDemented/23 (47).jpg,NonDemented,NonDemented,NonDemented,NonDemented,NonDemented_patient47,NonDemented_patient47,True,True,True,3,review_only_not_split_blocking
img_d5353bd0bf0f,img_7ddd24b21df2,Alzheimer_MRI_4_classes_dataset/Alzheimer_MRI_4_classes_dataset/NonDemented/22 (5).jpg,Alzheimer_MRI_4_classes_dataset/Alzheimer_MRI_4_classes_dataset/NonDemented/23 (5).jpg,NonDemented,NonDemented,NonDemented,NonDemented,NonDemented_patient5,NonDemented_patient5,True,True,True,4,review_only_not_split_blocking
img_76b835eff991,img_4aee292c82fa,Alzheimer_MRI_4_classes_dataset/Alzheimer_MRI_4_classes_dataset/NonDemented/22 (55).jpg,Alzheimer_MRI_4_classes_dataset/Alzheimer_MRI_4_classes_dataset/NonDemented/23 (55).jpg,NonDemented,NonDemented,NonDemented,NonDemented,NonDemented_patient55,NonDemented_patient55,True,True,True,2,review_only_not_split_blocking
img_1a3b3b798e7c,img_96f5172adb12,Alzheimer_MRI_4_classes_dataset/Alzheimer_MRI_4_classes_dataset/NonDemented/22 (6).jpg,Alzheimer_MRI_4_classes_dataset/Alzheimer_MRI_4_classes_dataset/NonDemented/23 (6).jpg,NonDemented,NonDemented,NonDemented,NonDemented,NonDemented_patient6,NonDemented_patient6,True,True,True,2,review_only_not_split_blocking
img_9d5ce79fbe41,img_e3c0e1e77b9c,Alzheimer_MRI_4_classes_dataset/Alzheimer_MRI_4_classes_dataset/NonDemented/22 (64).jpg,Alzheimer_MRI_4_classes_dataset/Alzheimer_MRI_4_classes_dataset/NonDemented/23 (64).jpg,NonDemented,NonDemented,NonDemented,NonDemented,NonDemented_patient64,NonDemented_patient64,True,True,True,4,review_only_not_split_blocking
img_c1d62256e479,img_a763ffbf0cb2,Alzheimer_MRI_4_classes_dataset/Alzheimer_MRI_4_classes_dataset/NonDemented/22 (7).jpg,Alzheimer_MRI_4_classes_dataset/Alzheimer_MRI_4_classes_dataset/NonDemented/23 (7).jpg,NonDemented,NonDemented,NonDemented,NonDemented,NonDemented_patient7,NonDemented_patient7,True,True,True,2,review_only_not_split_blocking
img_a442c6d2e56c,img_1b49f170dcdc,Alzheimer_MRI_4_classes_dataset/Alzheimer_MRI_4_classes_dataset/NonDemented/22 (8).jpg,Alzheimer_MRI_4_classes_dataset/Alzheimer_MRI_4_classes_dataset/NonDemented/23 (8).jpg,NonDemented,NonDemented,NonDemented,NonDemented,NonDemented_patient8,NonDemented_patient8,True,True,True,3,review_only_not_split_blocking
img_1c7be5e843fb,img_951372ce0cb2,Alzheimer_MRI_4_classes_dataset/Alzheimer_MRI_4_classes_dataset/NonDemented/22 (81).jpg,Alzheimer_MRI_4_classes_dataset/Alzheimer_MRI_4_classes_dataset/NonDemented/23 (81).jpg,NonDemented,NonDemented,NonDemented,NonDemented,NonDemented_patient81,NonDemented_patient81,True,True,True,4,review_only_not_split_blocking
img_4137f312daef,img_e4e19a63877e,Alzheimer_MRI_4_classes_dataset/Alzheimer_MRI_4_classes_dataset/NonDemented/22 (85).jpg,Alzheimer_MRI_4_classes_dataset/Alzheimer_MRI_4_classes_dataset/NonDemented/23 (85).jpg,NonDemented,NonDemented,NonDemented,NonDemented,NonDemented_patient85,NonDemented_patient85,True,True,True,2,review_only_not_split_blocking
img_5269f095b7f6,img_65b4b8083d45,Alzheimer_MRI_4_classes_dataset/Alzheimer_MRI_4_classes_dataset/NonDemented/22 (87).jpg,Alzheimer_MRI_4_classes_dataset/Alzheimer_MRI_4_classes_dataset/NonDemented/23 (87).jpg,NonDemented,NonDemented,NonDemented,NonDemented,NonDemented_patient87,NonDemented_patient87,True,True,True,2,review_only_not_split_blocking
img_818cf980dd88,img_0373aa2c2da0,Alzheimer_MRI_4_classes_dataset/Alzheimer_MRI_4_classes_dataset/NonDemented/22 (89).jpg,Alzheimer_MRI_4_classes_dataset/Alzheimer_MRI_4_classes_dataset/NonDemented/23 (89).jpg,NonDemented,NonDemented,NonDemented,NonDemented,NonDemented_patient89,NonDemented_patient89,True,True,True,4,review_only_not_split_blocking
img_f864e75630ae,img_754a11792818,Alzheimer_MRI_4_classes_dataset/Alzheimer_MRI_4_classes_dataset/NonDemented/22 (92).jpg,Alzheimer_MRI_4_classes_dataset/Alzheimer_MRI_4_classes_dataset/NonDemented/23 (92).jpg,NonDemented,NonDemented,NonDemented,NonDemented,NonDemented_patient92,NonDemented_patient92,True,True,True,3,review_only_not_split_blocking
img_9c0de8fd3eb1,img_852a0f0e7053,Alzheimer_MRI_4_classes_dataset/Alzheimer_MRI_4_classes_dataset/NonDemented/22 (99).jpg,Alzheimer_MRI_4_classes_dataset/Alzheimer_MRI_4_classes_dataset/NonDemented/23 (99).jpg,NonDemented,NonDemented,NonDemented,NonDemented,NonDemented_patient99,NonDemented_patient99,True,True,True,4,review_only_not_split_blocking
img_f9ea397f0049,img_2b2c0bb0747a,Alzheimer_MRI_4_classes_dataset/Alzheimer_MRI_4_classes_dataset/NonDemented/23 (15).jpg,Alzheimer_MRI_4_classes_dataset/Alzheimer_MRI_4_classes_dataset/NonDemented/24 (15).jpg,NonDemented,NonDemented,NonDemented,NonDemented,NonDemented_patient15,NonDemented_patient15,True,True,True,2,review_only_not_split_blocking
img_ccd8481147bf,img_748db8ca37e5,Alzheimer_MRI_4_classes_dataset/Alzheimer_MRI_4_classes_dataset/NonDemented/23 (19).jpg,Alzheimer_MRI_4_classes_dataset/Alzheimer_MRI_4_classes_dataset/NonDemented/24 (19).jpg,NonDemented,NonDemented,NonDemented,NonDemented,NonDemented_patient19,NonDemented_patient19,True,True,True,3,review_only_not_split_blocking
img_a7860a6156cd,img_2ae4696e02b3,Alzheimer_MRI_4_classes_dataset/Alzheimer_MRI_4_classes_dataset/NonDemented/23 (2).jpg,Alzheimer_MRI_4_classes_dataset/Alzheimer_MRI_4_classes_dataset/NonDemented/24 (2).jpg,NonDemented,NonDemented,NonDemented,NonDemented,NonDemented_patient2,NonDemented_patient2,True,True,True,4,review_only_not_split_blocking
img_ce31faa4ded6,img_7c289cf05263,Alzheimer_MRI_4_classes_dataset/Alzheimer_MRI_4_classes_dataset/NonDemented/23 (20).jpg,Alzheimer_MRI_4_classes_dataset/Alzheimer_MRI_4_classes_dataset/NonDemented/24 (20).jpg,NonDemented,NonDemented,NonDemented,NonDemented,NonDemented_patient20,NonDemented_patient20,True,True,True,3,review_only_not_split_blocking
img_af4a36609aeb,img_c2b187fb4818,Alzheimer_MRI_4_classes_dataset/Alzheimer_MRI_4_classes_dataset/NonDemented/23 (24).jpg,Alzheimer_MRI_4_classes_dataset/Alzheimer_MRI_4_classes_dataset/NonDemented/24 (24).jpg,NonDemented,NonDemented,NonDemented,NonDemented,NonDemented_patient24,NonDemented_patient24,True,True,True,4,review_only_not_split_blocking
img_a327dd0dbf03,img_5eb2b34e2ae2,Alzheimer_MRI_4_classes_dataset/Alzheimer_MRI_4_classes_dataset/NonDemented/23 (25).jpg,Alzheimer_MRI_4_classes_dataset/Alzheimer_MRI_4_classes_dataset/NonDemented/24 (25).jpg,NonDemented,NonDemented,NonDemented,NonDemented,NonDemented_patient25,NonDemented_patient25,True,True,True,3,review_only_not_split_blocking
img_11856bc839f7,img_d4b27134a08d,Alzheimer_MRI_4_classes_dataset/Alzheimer_MRI_4_classes_dataset/NonDemented/23 (28).jpg,Alzheimer_MRI_4_classes_dataset/Alzheimer_MRI_4_classes_dataset/NonDemented/24 (28).jpg,NonDemented,NonDemented,NonDemented,NonDemented,NonDemented_patient28,NonDemented_patient28,True,True,True,4,review_only_not_split_blocking
img_f8cf153b5530,img_0b8e89646529,Alzheimer_MRI_4_classes_dataset/Alzheimer_MRI_4_classes_dataset/NonDemented/23 (3).jpg,Alzheimer_MRI_4_classes_dataset/Alzheimer_MRI_4_classes_dataset/NonDemented/24 (3).jpg,NonDemented,NonDemented,NonDemented,NonDemented,NonDemented_patient3,NonDemented_patient3,True,True,True,3,review_only_not_split_blocking
img_89d08540465a,img_9d81a446a012,Alzheimer_MRI_4_classes_dataset/Alzheimer_MRI_4_classes_dataset/NonDemented/23 (30).jpg,Alzheimer_MRI_4_classes_dataset/Alzheimer_MRI_4_classes_dataset/NonDemented/24 (30).jpg,NonDemented,NonDemented,NonDemented,NonDemented,NonDemented_patient30,NonDemented_patient30,True,True,True,3,review_only_not_split_blocking
img_f02ddfc64349,img_76954a79bf89,Alzheimer_MRI_4_classes_dataset/Alzheimer_MRI_4_classes_dataset/NonDemented/23 (31).jpg,Alzheimer_MRI_4_classes_dataset/Alzheimer_MRI_4_classes_dataset/NonDemented/24 (31).jpg,NonDemented,NonDemented,NonDemented,NonDemented,NonDemented_patient31,NonDemented_patient31,True,True,True,4,review_only_not_split_blocking
img_6cd1c37768a7,img_bfe31d5d6073,Alzheimer_MRI_4_classes_dataset/Alzheimer_MRI_4_classes_dataset/NonDemented/23 (36).jpg,Alzheimer_MRI_4_classes_dataset/Alzheimer_MRI_4_classes_dataset/NonDemented/24 (36).jpg,NonDemented,NonDemented,NonDemented,NonDemented,NonDemented_patient36,NonDemented_patient36,True,True,True,2,review_only_not_split_blocking
img_23b6a49e39ac,img_468e501e004c,Alzheimer_MRI_4_classes_dataset/Alzheimer_MRI_4_classes_dataset/NonDemented/23 (4).jpg,Alzheimer_MRI_4_classes_dataset/Alzheimer_MRI_4_classes_dataset/NonDemented/24 (4).jpg,NonDemented,NonDemented,NonDemented,NonDemented,NonDemented_patient4,NonDemented_patient4,True,True,True,3,review_only_not_split_blocking
img_64504d8d3016,img_2953427684f7,Alzheimer_MRI_4_classes_dataset/Alzheimer_MRI_4_classes_dataset/NonDemented/23 (41).jpg,Alzheimer_MRI_4_classes_dataset/Alzheimer_MRI_4_classes_dataset/NonDemented/24 (41).jpg,NonDemented,NonDemented,NonDemented,NonDemented,NonDemented_patient41,NonDemented_patient41,True,True,True,4,review_only_not_split_blocking
img_f5edbfcee1dd,img_d6ef996738c5,Alzheimer_MRI_4_classes_dataset/Alzheimer_MRI_4_classes_dataset/NonDemented/23 (46).jpg,Alzheimer_MRI_4_classes_dataset/Alzheimer_MRI_4_classes_dataset/NonDemented/24 (46).jpg,NonDemented,NonDemented,NonDemented,NonDemented,NonDemented_patient46,NonDemented_patient46,True,True,True,4,review_only_not_split_blocking
img_1d0faf3d5089,img_94f0998dafbf,Alzheimer_MRI_4_classes_dataset/Alzheimer_MRI_4_classes_dataset/NonDemented/23 (48).jpg,Alzheimer_MRI_4_classes_dataset/Alzheimer_MRI_4_classes_dataset/NonDemented/24 (48).jpg,NonDemented,NonDemented,NonDemented,NonDemented,NonDemented_patient48,NonDemented_patient48,True,True,True,3,review_only_not_split_blocking
img_f60df030ee45,img_1b02a4fc61d4,Alzheimer_MRI_4_classes_dataset/Alzheimer_MRI_4_classes_dataset/NonDemented/23 (53).jpg,Alzheimer_MRI_4_classes_dataset/Alzheimer_MRI_4_classes_dataset/NonDemented/24 (53).jpg,NonDemented,NonDemented,NonDemented,NonDemented,NonDemented_patient53,NonDemented_patient53,True,True,True,4,review_only_not_split_blocking
img_d73a762d9492,img_0f7c19c4df23,Alzheimer_MRI_4_classes_dataset/Alzheimer_MRI_4_classes_dataset/NonDemented/23 (54).jpg,Alzheimer_MRI_4_classes_dataset/Alzheimer_MRI_4_classes_dataset/NonDemented/24 (54).jpg,NonDemented,NonDemented,NonDemented,NonDemented,NonDemented_patient54,NonDemented_patient54,True,True,True,3,review_only_not_split_blocking
img_11e6b6694c97,img_b0bd9bffcb8d,Alzheimer_MRI_4_classes_dataset/Alzheimer_MRI_4_classes_dataset/NonDemented/23 (56).jpg,Alzheimer_MRI_4_classes_dataset/Alzheimer_MRI_4_classes_dataset/NonDemented/24 (56).jpg,NonDemented,NonDemented,NonDemented,NonDemented,NonDemented_patient56,NonDemented_patient56,True,True,True,4,review_only_not_split_blocking
img_d4b5b108c9b3,img_b43c849d6750,Alzheimer_MRI_4_classes_dataset/Alzheimer_MRI_4_classes_dataset/NonDemented/23 (58).jpg,Alzheimer_MRI_4_classes_dataset/Alzheimer_MRI_4_classes_dataset/NonDemented/24 (58).jpg,NonDemented,NonDemented,NonDemented,NonDemented,NonDemented_patient58,NonDemented_patient58,True,True,True,4,review_only_not_split_blocking
img_951372ce0cb2,img_16b04c275df7,Alzheimer_MRI_4_classes_dataset/Alzheimer_MRI_4_classes_dataset/NonDemented/23 (81).jpg,Alzheimer_MRI_4_classes_dataset/Alzheimer_MRI_4_classes_dataset/NonDemented/24 (81).jpg,NonDemented,NonDemented,NonDemented,NonDemented,NonDemented_patient81,NonDemented_patient81,True,True,True,3,review_only_not_split_blocking
img_74638ec0750f,img_597b519b125d,Alzheimer_MRI_4_classes_dataset/Alzheimer_MRI_4_classes_dataset/NonDemented/23 (82).jpg,Alzheimer_MRI_4_classes_dataset/Alzheimer_MRI_4_classes_dataset/NonDemented/24 (82).jpg,NonDemented,NonDemented,NonDemented,NonDemented,NonDemented_patient82,NonDemented_patient82,True,True,True,0,review_only_not_split_blocking
img_65b4b8083d45,img_4fe01e2d1fb5,Alzheimer_MRI_4_classes_dataset/Alzheimer_MRI_4_classes_dataset/NonDemented/23 (87).jpg,Alzheimer_MRI_4_classes_dataset/Alzheimer_MRI_4_classes_dataset/NonDemented/24 (87).jpg,NonDemented,NonDemented,NonDemented,NonDemented,NonDemented_patient87,NonDemented_patient87,True,True,True,4,review_only_not_split_blocking
img_754a11792818,img_b96d343918eb,Alzheimer_MRI_4_classes_dataset/Alzheimer_MRI_4_classes_dataset/NonDemented/23 (92).jpg,Alzheimer_MRI_4_classes_dataset/Alzheimer_MRI_4_classes_dataset/NonDemented/24 (92).jpg,NonDemented,NonDemented,NonDemented,NonDemented,NonDemented_patient92,NonDemented_patient92,True,True,True,4,review_only_not_split_blocking
img_c2d419c46d2d,img_0f7c19c4df23,Alzheimer_MRI_4_classes_dataset/Alzheimer_MRI_4_classes_dataset/NonDemented/23 (93).jpg,Alzheimer_MRI_4_classes_dataset/Alzheimer_MRI_4_classes_dataset/NonDemented/24 (54).jpg,NonDemented,NonDemented,NonDemented,NonDemented,NonDemented_patient93,NonDemented_patient54,False,True,True,4,review_only_not_split_blocking
img_06b2e10f7239,img_91cffd535055,Alzheimer_MRI_4_classes_dataset/Alzheimer_MRI_4_classes_dataset/NonDemented/24 (10).jpg,Alzheimer_MRI_4_classes_dataset/Alzheimer_MRI_4_classes_dataset/NonDemented/25 (10).jpg,NonDemented,NonDemented,NonDemented,NonDemented,NonDemented_patient10,NonDemented_patient10,True,True,True,4,review_only_not_split_blocking
img_76702e73d5a3,img_83f5d36bf4c3,Alzheimer_MRI_4_classes_dataset/Alzheimer_MRI_4_classes_dataset/NonDemented/24 (11).jpg,Alzheimer_MRI_4_classes_dataset/Alzheimer_MRI_4_classes_dataset/NonDemented/25 (5).jpg,NonDemented,NonDemented,NonDemented,NonDemented,NonDemented_patient11,NonDemented_patient5,False,True,True,4,review_only_not_split_blocking
img_2b2c0bb0747a,img_828339eda53a,Alzheimer_MRI_4_classes_dataset/Alzheimer_MRI_4_classes_dataset/NonDemented/24 (15).jpg,Alzheimer_MRI_4_classes_dataset/Alzheimer_MRI_4_classes_dataset/NonDemented/25 (15).jpg,NonDemented,NonDemented,NonDemented,NonDemented,NonDemented_patient15,NonDemented_patient15,True,True,True,4,review_only_not_split_blocking
img_7ac2f6287a36,img_518dca953f8b,Alzheimer_MRI_4_classes_dataset/Alzheimer_MRI_4_classes_dataset/NonDemented/24 (16).jpg,Alzheimer_MRI_4_classes_dataset/Alzheimer_MRI_4_classes_dataset/NonDemented/25 (16).jpg,NonDemented,NonDemented,NonDemented,NonDemented,NonDemented_patient16,NonDemented_patient16,True,True,True,4,review_only_not_split_blocking
img_c4fc40c0fa3d,img_5dbfae580ce0,Alzheimer_MRI_4_classes_dataset/Alzheimer_MRI_4_classes_dataset/NonDemented/24 (17).jpg,Alzheimer_MRI_4_classes_dataset/Alzheimer_MRI_4_classes_dataset/NonDemented/25 (17).jpg,NonDemented,NonDemented,NonDemented,NonDemented,NonDemented_patient17,NonDemented_patient17,True,True,True,3,review_only_not_split_blocking
img_365eac810946,img_a77826b9f33b,Alzheimer_MRI_4_classes_dataset/Alzheimer_MRI_4_classes_dataset/NonDemented/24 (18).jpg,Alzheimer_MRI_4_classes_dataset/Alzheimer_MRI_4_classes_dataset/NonDemented/25 (18).jpg,NonDemented,NonDemented,NonDemented,NonDemented,NonDemented_patient18,NonDemented_patient18,True,True,True,4,review_only_not_split_blocking
img_10960752c47c,img_ffe4db281af8,Alzheimer_MRI_4_classes_dataset/Alzheimer_MRI_4_classes_dataset/NonDemented/24 (22).jpg,Alzheimer_MRI_4_classes_dataset/Alzheimer_MRI_4_classes_dataset/NonDemented/25 (22).jpg,NonDemented,NonDemented,NonDemented,NonDemented,NonDemented_patient22,NonDemented_patient22,True,True,True,3,review_only_not_split_blocking
img_211d8a1615fb,img_1f673630a089,Alzheimer_MRI_4_classes_dataset/Alzheimer_MRI_4_classes_dataset/NonDemented/24 (23).jpg,Alzheimer_MRI_4_classes_dataset/Alzheimer_MRI_4_classes_dataset/NonDemented/25 (23).jpg,NonDemented,NonDemented,NonDemented,NonDemented,NonDemented_patient23,NonDemented_patient23,True,True,True,4,review_only_not_split_blocking
img_d4b27134a08d,img_b5ca05de365b,Alzheimer_MRI_4_classes_dataset/Alzheimer_MRI_4_classes_dataset/NonDemented/24 (28).jpg,Alzheimer_MRI_4_classes_dataset/Alzheimer_MRI_4_classes_dataset/NonDemented/24 (86).jpg,NonDemented,NonDemented,NonDemented,NonDemented,NonDemented_patient28,NonDemented_patient86,False,True,True,4,review_only_not_split_blocking
img_d4b27134a08d,img_15854ba706a9,Alzheimer_MRI_4_classes_dataset/Alzheimer_MRI_4_classes_dataset/NonDemented/24 (28).jpg,Alzheimer_MRI_4_classes_dataset/Alzheimer_MRI_4_classes_dataset/NonDemented/25 (28).jpg,NonDemented,NonDemented,NonDemented,NonDemented,NonDemented_patient28,NonDemented_patient28,True,True,True,4,review_only_not_split_blocking
img_63563ae3199b,img_9eee6411f092,Alzheimer_MRI_4_classes_dataset/Alzheimer_MRI_4_classes_dataset/NonDemented/24 (29).jpg,Alzheimer_MRI_4_classes_dataset/Alzheimer_MRI_4_classes_dataset/NonDemented/25 (29).jpg,NonDemented,NonDemented,NonDemented,NonDemented,NonDemented_patient29,NonDemented_patient29,True,True,True,3,review_only_not_split_blocking
img_0b8e89646529,img_bb2ac99261aa,Alzheimer_MRI_4_classes_dataset/Alzheimer_MRI_4_classes_dataset/NonDemented/24 (3).jpg,Alzheimer_MRI_4_classes_dataset/Alzheimer_MRI_4_classes_dataset/NonDemented/25 (3).jpg,NonDemented,NonDemented,NonDemented,NonDemented,NonDemented_patient3,NonDemented_patient3,True,True,True,3,review_only_not_split_blocking
img_76954a79bf89,img_92dc1393b72d,Alzheimer_MRI_4_classes_dataset/Alzheimer_MRI_4_classes_dataset/NonDemented/24 (31).jpg,Alzheimer_MRI_4_classes_dataset/Alzheimer_MRI_4_classes_dataset/NonDemented/25 (31).jpg,NonDemented,NonDemented,NonDemented,NonDemented,NonDemented_patient31,NonDemented_patient31,True,True,True,4,review_only_not_split_blocking
img_17c57b0f7410,img_61a607faf7a0,Alzheimer_MRI_4_classes_dataset/Alzheimer_MRI_4_classes_dataset/NonDemented/24 (34).jpg,Alzheimer_MRI_4_classes_dataset/Alzheimer_MRI_4_classes_dataset/NonDemented/25 (34).jpg,NonDemented,NonDemented,NonDemented,NonDemented,NonDemented_patient34,NonDemented_patient34,True,True,True,3,review_only_not_split_blocking
img_17c57b0f7410,img_b366546968f4,Alzheimer_MRI_4_classes_dataset/Alzheimer_MRI_4_classes_dataset/NonDemented/24 (34).jpg,Alzheimer_MRI_4_classes_dataset/Alzheimer_MRI_4_classes_dataset/NonDemented/25 (93).jpg,NonDemented,NonDemented,NonDemented,NonDemented,NonDemented_patient34,NonDemented_patient93,False,True,True,4,review_only_not_split_blocking
img_08e691441a50,img_dc5cc82c5687,Alzheimer_MRI_4_classes_dataset/Alzheimer_MRI_4_classes_dataset/NonDemented/24 (35).jpg,Alzheimer_MRI_4_classes_dataset/Alzheimer_MRI_4_classes_dataset/NonDemented/25 (35).jpg,NonDemented,NonDemented,NonDemented,NonDemented,NonDemented_patient35,NonDemented_patient35,True,True,True,2,review_only_not_split_blocking
img_3aec0b3ded43,img_8f5a0443569b,Alzheimer_MRI_4_classes_dataset/Alzheimer_MRI_4_classes_dataset/NonDemented/24 (38).jpg,Alzheimer_MRI_4_classes_dataset/Alzheimer_MRI_4_classes_dataset/NonDemented/25 (38).jpg,NonDemented,NonDemented,NonDemented,NonDemented,NonDemented_patient38,NonDemented_patient38,True,True,True,4,review_only_not_split_blocking
img_5618a6e3f67a,img_aaae7faadf9e,Alzheimer_MRI_4_classes_dataset/Alzheimer_MRI_4_classes_dataset/NonDemented/24 (42).jpg,Alzheimer_MRI_4_classes_dataset/Alzheimer_MRI_4_classes_dataset/NonDemented/25 (42).jpg,NonDemented,NonDemented,NonDemented,NonDemented,NonDemented_patient42,NonDemented_patient42,True,True,True,4,review_only_not_split_blocking
img_88154e489e18,img_ff72ea93698d,Alzheimer_MRI_4_classes_dataset/Alzheimer_MRI_4_classes_dataset/NonDemented/24 (44).jpg,Alzheimer_MRI_4_classes_dataset/Alzheimer_MRI_4_classes_dataset/NonDemented/25 (44).jpg,NonDemented,NonDemented,NonDemented,NonDemented,NonDemented_patient44,NonDemented_patient44,True,True,True,3,review_only_not_split_blocking
img_d6ef996738c5,img_32797907342e,Alzheimer_MRI_4_classes_dataset/Alzheimer_MRI_4_classes_dataset/NonDemented/24 (46).jpg,Alzheimer_MRI_4_classes_dataset/Alzheimer_MRI_4_classes_dataset/VeryMildDemented/23 (30).jpg,NonDemented,VeryMildDemented,NonDemented,Demented,NonDemented_patient46,VeryMildDemented_patient30,False,False,False,4,review_only_not_split_blocking
img_94f0998dafbf,img_6b191270dd8d,Alzheimer_MRI_4_classes_dataset/Alzheimer_MRI_4_classes_dataset/NonDemented/24 (48).jpg,Alzheimer_MRI_4_classes_dataset/Alzheimer_MRI_4_classes_dataset/NonDemented/25 (48).jpg,NonDemented,NonDemented,NonDemented,NonDemented,NonDemented_patient48,NonDemented_patient48,True,True,True,4,review_only_not_split_blocking
img_34b4a172e2e8,img_1498d3fc6d77,Alzheimer_MRI_4_classes_dataset/Alzheimer_MRI_4_classes_dataset/NonDemented/24 (49).jpg,Alzheimer_MRI_4_classes_dataset/Alzheimer_MRI_4_classes_dataset/NonDemented/25 (49).jpg,NonDemented,NonDemented,NonDemented,NonDemented,NonDemented_patient49,NonDemented_patient49,True,True,True,4,review_only_not_split_blocking
img_827dc382c078,img_187395b23fca,Alzheimer_MRI_4_classes_dataset/Alzheimer_MRI_4_classes_dataset/NonDemented/24 (55).jpg,Alzheimer_MRI_4_classes_dataset/Alzheimer_MRI_4_classes_dataset/NonDemented/25 (55).jpg,NonDemented,NonDemented,NonDemented,NonDemented,NonDemented_patient55,NonDemented_patient55,True,True,True,4,review_only_not_split_blocking
img_6996cfd987a8,img_6a942256a1d6,Alzheimer_MRI_4_classes_dataset/Alzheimer_MRI_4_classes_dataset/NonDemented/24 (59).jpg,Alzheimer_MRI_4_classes_dataset/Alzheimer_MRI_4_classes_dataset/NonDemented/25 (59).jpg,NonDemented,NonDemented,NonDemented,NonDemented,NonDemented_patient59,NonDemented_patient59,True,True,True,3,review_only_not_split_blocking
img_6996cfd987a8,img_a3f2e3a316cb,Alzheimer_MRI_4_classes_dataset/Alzheimer_MRI_4_classes_dataset/NonDemented/24 (59).jpg,Alzheimer_MRI_4_classes_dataset/Alzheimer_MRI_4_classes_dataset/NonDemented/26 (15).jpg,NonDemented,NonDemented,NonDemented,NonDemented,NonDemented_patient59,NonDemented_patient15,False,True,True,4,review_only_not_split_blocking
img_91ac58b5f077,img_348401ee8ef1,Alzheimer_MRI_4_classes_dataset/Alzheimer_MRI_4_classes_dataset/NonDemented/24 (6).jpg,Alzheimer_MRI_4_classes_dataset/Alzheimer_MRI_4_classes_dataset/NonDemented/25 (6).jpg,NonDemented,NonDemented,NonDemented,NonDemented,NonDemented_patient6,NonDemented_patient6,True,True,True,4,review_only_not_split_blocking
img_c1a4a16852e7,img_3b6a5f1da605,Alzheimer_MRI_4_classes_dataset/Alzheimer_MRI_4_classes_dataset/NonDemented/24 (60).jpg,Alzheimer_MRI_4_classes_dataset/Alzheimer_MRI_4_classes_dataset/NonDemented/25 (60).jpg,NonDemented,NonDemented,NonDemented,NonDemented,NonDemented_patient60,NonDemented_patient60,True,True,True,2,review_only_not_split_blocking
img_8571d9817edc,img_cbdb58570c6d,Alzheimer_MRI_4_classes_dataset/Alzheimer_MRI_4_classes_dataset/NonDemented/24 (62).jpg,Alzheimer_MRI_4_classes_dataset/Alzheimer_MRI_4_classes_dataset/NonDemented/25 (62).jpg,NonDemented,NonDemented,NonDemented,NonDemented,NonDemented_patient62,NonDemented_patient62,True,True,True,3,review_only_not_split_blocking
img_be833c2a2c87,img_4d2e0755b8eb,Alzheimer_MRI_4_classes_dataset/Alzheimer_MRI_4_classes_dataset/NonDemented/24 (66).jpg,Alzheimer_MRI_4_classes_dataset/Alzheimer_MRI_4_classes_dataset/NonDemented/25 (66).jpg,NonDemented,NonDemented,NonDemented,NonDemented,NonDemented_patient66,NonDemented_patient66,True,True,True,4,review_only_not_split_blocking
img_ba65c131144d,img_74e7daa55ee7,Alzheimer_MRI_4_classes_dataset/Alzheimer_MRI_4_classes_dataset/NonDemented/24 (69).jpg,Alzheimer_MRI_4_classes_dataset/Alzheimer_MRI_4_classes_dataset/NonDemented/25 (69).jpg,NonDemented,NonDemented,NonDemented,NonDemented,NonDemented_patient69,NonDemented_patient69,True,True,True,3,review_only_not_split_blocking
img_3ca449164051,img_a1a2ad9c321c,Alzheimer_MRI_4_classes_dataset/Alzheimer_MRI_4_classes_dataset/NonDemented/24 (72).jpg,Alzheimer_MRI_4_classes_dataset/Alzheimer_MRI_4_classes_dataset/NonDemented/25 (72).jpg,NonDemented,NonDemented,NonDemented,NonDemented,NonDemented_patient72,NonDemented_patient72,True,True,True,3,review_only_not_split_blocking
img_5ff48deb83d4,img_6be3354f4820,Alzheimer_MRI_4_classes_dataset/Alzheimer_MRI_4_classes_dataset/NonDemented/24 (73).jpg,Alzheimer_MRI_4_classes_dataset/Alzheimer_MRI_4_classes_dataset/NonDemented/25 (73).jpg,NonDemented,NonDemented,NonDemented,NonDemented,NonDemented_patient73,NonDemented_patient73,True,True,True,3,review_only_not_split_blocking
img_a2838a86a551,img_b48232cef0c4,Alzheimer_MRI_4_classes_dataset/Alzheimer_MRI_4_classes_dataset/NonDemented/24 (75).jpg,Alzheimer_MRI_4_classes_dataset/Alzheimer_MRI_4_classes_dataset/NonDemented/25 (75).jpg,NonDemented,NonDemented,NonDemented,NonDemented,NonDemented_patient75,NonDemented_patient75,True,True,True,4,review_only_not_split_blocking
img_5bbc53126431,img_9ef3db6fe337,Alzheimer_MRI_4_classes_dataset/Alzheimer_MRI_4_classes_dataset/NonDemented/24 (8).jpg,Alzheimer_MRI_4_classes_dataset/Alzheimer_MRI_4_classes_dataset/NonDemented/25 (8).jpg,NonDemented,NonDemented,NonDemented,NonDemented,NonDemented_patient8,NonDemented_patient8,True,True,True,4,review_only_not_split_blocking
img_5bbc53126431,img_3cd7196f0892,Alzheimer_MRI_4_classes_dataset/Alzheimer_MRI_4_classes_dataset/NonDemented/24 (8).jpg,Alzheimer_MRI_4_classes_dataset/Alzheimer_MRI_4_classes_dataset/VeryMildDemented/23 (64).jpg,NonDemented,VeryMildDemented,NonDemented,Demented,NonDemented_patient8,VeryMildDemented_patient64,False,False,False,4,review_only_not_split_blocking
img_5bbc53126431,img_f0fd3c4ac0f4,Alzheimer_MRI_4_classes_dataset/Alzheimer_MRI_4_classes_dataset/NonDemented/24 (8).jpg,Alzheimer_MRI_4_classes_dataset/Alzheimer_MRI_4_classes_dataset/VeryMildDemented/24 (64).jpg,NonDemented,VeryMildDemented,NonDemented,Demented,NonDemented_patient8,VeryMildDemented_patient64,False,False,False,4,review_only_not_split_blocking
img_f42c04594d24,img_0ab1d61b5d96,Alzheimer_MRI_4_classes_dataset/Alzheimer_MRI_4_classes_dataset/NonDemented/24 (80).jpg,Alzheimer_MRI_4_classes_dataset/Alzheimer_MRI_4_classes_dataset/NonDemented/25 (80).jpg,NonDemented,NonDemented,NonDemented,NonDemented,NonDemented_patient80,NonDemented_patient80,True,True,True,4,review_only_not_split_blocking
img_b5ca05de365b,img_acd4e2791403,Alzheimer_MRI_4_classes_dataset/Alzheimer_MRI_4_classes_dataset/NonDemented/24 (86).jpg,Alzheimer_MRI_4_classes_dataset/Alzheimer_MRI_4_classes_dataset/NonDemented/25 (86).jpg,NonDemented,NonDemented,NonDemented,NonDemented,NonDemented_patient86,NonDemented_patient86,True,True,True,4,review_only_not_split_blocking
img_59f93a15e479,img_8b1ec8e3f205,Alzheimer_MRI_4_classes_dataset/Alzheimer_MRI_4_classes_dataset/NonDemented/24 (91).jpg,Alzheimer_MRI_4_classes_dataset/Alzheimer_MRI_4_classes_dataset/NonDemented/25 (91).jpg,NonDemented,NonDemented,NonDemented,NonDemented,NonDemented_patient91,NonDemented_patient91,True,True,True,4,review_only_not_split_blocking
img_4a024133795d,img_1b8f8df85cb8,Alzheimer_MRI_4_classes_dataset/Alzheimer_MRI_4_classes_dataset/NonDemented/24 (99).jpg,Alzheimer_MRI_4_classes_dataset/Alzheimer_MRI_4_classes_dataset/NonDemented/25 (99).jpg,NonDemented,NonDemented,NonDemented,NonDemented,NonDemented_patient99,NonDemented_patient99,True,True,True,3,review_only_not_split_blocking
img_18bb9728ae7d,img_86d56f766d7e,Alzheimer_MRI_4_classes_dataset/Alzheimer_MRI_4_classes_dataset/NonDemented/25 (100).jpg,Alzheimer_MRI_4_classes_dataset/Alzheimer_MRI_4_classes_dataset/NonDemented/26.jpg,NonDemented,NonDemented,NonDemented,NonDemented,NonDemented_patient100,NonDemented_unique_26_8e5205b81f86,False,True,True,2,review_only_not_split_blocking
img_518dca953f8b,img_03ce3fa7e8c2,Alzheimer_MRI_4_classes_dataset/Alzheimer_MRI_4_classes_dataset/NonDemented/25 (16).jpg,Alzheimer_MRI_4_classes_dataset/Alzheimer_MRI_4_classes_dataset/NonDemented/26 (16).jpg,NonDemented,NonDemented,NonDemented,NonDemented,NonDemented_patient16,NonDemented_patient16,True,True,True,1,review_only_not_split_blocking
img_a123798a9f44,img_4e8a66ed5924,Alzheimer_MRI_4_classes_dataset/Alzheimer_MRI_4_classes_dataset/NonDemented/25 (19).jpg,Alzheimer_MRI_4_classes_dataset/Alzheimer_MRI_4_classes_dataset/NonDemented/26 (19).jpg,NonDemented,NonDemented,NonDemented,NonDemented,NonDemented_patient19,NonDemented_patient19,True,True,True,3,review_only_not_split_blocking
img_174b7a8c6287,img_c842eef25cef,Alzheimer_MRI_4_classes_dataset/Alzheimer_MRI_4_classes_dataset/NonDemented/25 (24).jpg,Alzheimer_MRI_4_classes_dataset/Alzheimer_MRI_4_classes_dataset/NonDemented/26 (24).jpg,NonDemented,NonDemented,NonDemented,NonDemented,NonDemented_patient24,NonDemented_patient24,True,True,True,4,review_only_not_split_blocking
img_a73948ac8772,img_1f68c77bdb42,Alzheimer_MRI_4_classes_dataset/Alzheimer_MRI_4_classes_dataset/NonDemented/25 (27).jpg,Alzheimer_MRI_4_classes_dataset/Alzheimer_MRI_4_classes_dataset/NonDemented/26 (27).jpg,NonDemented,NonDemented,NonDemented,NonDemented,NonDemented_patient27,NonDemented_patient27,True,True,True,4,review_only_not_split_blocking
img_bb2ac99261aa,img_7040f765fe60,Alzheimer_MRI_4_classes_dataset/Alzheimer_MRI_4_classes_dataset/NonDemented/25 (3).jpg,Alzheimer_MRI_4_classes_dataset/Alzheimer_MRI_4_classes_dataset/NonDemented/26 (3).jpg,NonDemented,NonDemented,NonDemented,NonDemented,NonDemented_patient3,NonDemented_patient3,True,True,True,4,review_only_not_split_blocking
img_906d8e7f3428,img_fcf431303d14,Alzheimer_MRI_4_classes_dataset/Alzheimer_MRI_4_classes_dataset/NonDemented/25 (30).jpg,Alzheimer_MRI_4_classes_dataset/Alzheimer_MRI_4_classes_dataset/NonDemented/26 (30).jpg,NonDemented,NonDemented,NonDemented,NonDemented,NonDemented_patient30,NonDemented_patient30,True,True,True,1,review_only_not_split_blocking
img_30b8ffcabb9c,img_04ca62a9ef39,Alzheimer_MRI_4_classes_dataset/Alzheimer_MRI_4_classes_dataset/NonDemented/25 (33).jpg,Alzheimer_MRI_4_classes_dataset/Alzheimer_MRI_4_classes_dataset/NonDemented/26 (33).jpg,NonDemented,NonDemented,NonDemented,NonDemented,NonDemented_patient33,NonDemented_patient33,True,True,True,2,review_only_not_split_blocking
img_352d4c5e0e90,img_96ab1cd854f1,Alzheimer_MRI_4_classes_dataset/Alzheimer_MRI_4_classes_dataset/NonDemented/25 (39).jpg,Alzheimer_MRI_4_classes_dataset/Alzheimer_MRI_4_classes_dataset/NonDemented/26 (39).jpg,NonDemented,NonDemented,NonDemented,NonDemented,NonDemented_patient39,NonDemented_patient39,True,True,True,3,review_only_not_split_blocking
img_aaae7faadf9e,img_6a108d4c666f,Alzheimer_MRI_4_classes_dataset/Alzheimer_MRI_4_classes_dataset/NonDemented/25 (42).jpg,Alzheimer_MRI_4_classes_dataset/Alzheimer_MRI_4_classes_dataset/NonDemented/26 (42).jpg,NonDemented,NonDemented,NonDemented,NonDemented,NonDemented_patient42,NonDemented_patient42,True,True,True,4,review_only_not_split_blocking
img_ff72ea93698d,img_48e1f2a079aa,Alzheimer_MRI_4_classes_dataset/Alzheimer_MRI_4_classes_dataset/NonDemented/25 (44).jpg,Alzheimer_MRI_4_classes_dataset/Alzheimer_MRI_4_classes_dataset/NonDemented/26 (44).jpg,NonDemented,NonDemented,NonDemented,NonDemented,NonDemented_patient44,NonDemented_patient44,True,True,True,4,review_only_not_split_blocking
img_0954083e278c,img_1833f390047b,Alzheimer_MRI_4_classes_dataset/Alzheimer_MRI_4_classes_dataset/NonDemented/25 (45).jpg,Alzheimer_MRI_4_classes_dataset/Alzheimer_MRI_4_classes_dataset/NonDemented/26 (45).jpg,NonDemented,NonDemented,NonDemented,NonDemented,NonDemented_patient45,NonDemented_patient45,True,True,True,2,review_only_not_split_blocking
img_83f5d36bf4c3,img_a57d6f69295f,Alzheimer_MRI_4_classes_dataset/Alzheimer_MRI_4_classes_dataset/NonDemented/25 (5).jpg,Alzheimer_MRI_4_classes_dataset/Alzheimer_MRI_4_classes_dataset/NonDemented/26 (28).jpg,NonDemented,NonDemented,NonDemented,NonDemented,NonDemented_patient5,NonDemented_patient28,False,True,True,4,review_only_not_split_blocking
img_cb24e11a85fb,img_69af46b8db58,Alzheimer_MRI_4_classes_dataset/Alzheimer_MRI_4_classes_dataset/NonDemented/25 (50).jpg,Alzheimer_MRI_4_classes_dataset/Alzheimer_MRI_4_classes_dataset/NonDemented/26 (50).jpg,NonDemented,NonDemented,NonDemented,NonDemented,NonDemented_patient50,NonDemented_patient50,True,True,True,2,review_only_not_split_blocking
img_6a942256a1d6,img_f180def97996,Alzheimer_MRI_4_classes_dataset/Alzheimer_MRI_4_classes_dataset/NonDemented/25 (59).jpg,Alzheimer_MRI_4_classes_dataset/Alzheimer_MRI_4_classes_dataset/NonDemented/26 (62).jpg,NonDemented,NonDemented,NonDemented,NonDemented,NonDemented_patient59,NonDemented_patient62,False,True,True,3,review_only_not_split_blocking
img_6f1d3a51facd,img_779c58a294bd,Alzheimer_MRI_4_classes_dataset/Alzheimer_MRI_4_classes_dataset/NonDemented/25 (67).jpg,Alzheimer_MRI_4_classes_dataset/Alzheimer_MRI_4_classes_dataset/NonDemented/26 (59).jpg,NonDemented,NonDemented,NonDemented,NonDemented,NonDemented_patient67,NonDemented_patient59,False,True,True,2,review_only_not_split_blocking
img_74e7daa55ee7,img_6129439855b6,Alzheimer_MRI_4_classes_dataset/Alzheimer_MRI_4_classes_dataset/NonDemented/25 (69).jpg,Alzheimer_MRI_4_classes_dataset/Alzheimer_MRI_4_classes_dataset/NonDemented/26 (71).jpg,NonDemented,NonDemented,NonDemented,NonDemented,NonDemented_patient69,NonDemented_patient71,False,True,True,4,review_only_not_split_blocking
img_6be3354f4820,img_63f004325b1a,Alzheimer_MRI_4_classes_dataset/Alzheimer_MRI_4_classes_dataset/NonDemented/25 (73).jpg,Alzheimer_MRI_4_classes_dataset/Alzheimer_MRI_4_classes_dataset/NonDemented/26 (75).jpg,NonDemented,NonDemented,NonDemented,NonDemented,NonDemented_patient73,NonDemented_patient75,False,True,True,4,review_only_not_split_blocking
img_70559bdc26a3,img_e2def4c20e82,Alzheimer_MRI_4_classes_dataset/Alzheimer_MRI_4_classes_dataset/NonDemented/25 (74).jpg,Alzheimer_MRI_4_classes_dataset/Alzheimer_MRI_4_classes_dataset/NonDemented/26 (76).jpg,NonDemented,NonDemented,NonDemented,NonDemented,NonDemented_patient74,NonDemented_patient76,False,True,True,4,review_only_not_split_blocking
img_9ef3db6fe337,img_3cd7196f0892,Alzheimer_MRI_4_classes_dataset/Alzheimer_MRI_4_classes_dataset/NonDemented/25 (8).jpg,Alzheimer_MRI_4_classes_dataset/Alzheimer_MRI_4_classes_dataset/VeryMildDemented/23 (64).jpg,NonDemented,VeryMildDemented,NonDemented,Demented,NonDemented_patient8,VeryMildDemented_patient64,False,False,False,4,review_only_not_split_blocking
img_9ef3db6fe337,img_f0fd3c4ac0f4,Alzheimer_MRI_4_classes_dataset/Alzheimer_MRI_4_classes_dataset/NonDemented/25 (8).jpg,Alzheimer_MRI_4_classes_dataset/Alzheimer_MRI_4_classes_dataset/VeryMildDemented/24 (64).jpg,NonDemented,VeryMildDemented,NonDemented,Demented,NonDemented_patient8,VeryMildDemented_patient64,False,False,False,4,review_only_not_split_blocking
img_0ab1d61b5d96,img_0ade17c76fe4,Alzheimer_MRI_4_classes_dataset/Alzheimer_MRI_4_classes_dataset/NonDemented/25 (80).jpg,Alzheimer_MRI_4_classes_dataset/Alzheimer_MRI_4_classes_dataset/NonDemented/26 (81).jpg,NonDemented,NonDemented,NonDemented,NonDemented,NonDemented_patient80,NonDemented_patient81,False,True,True,3,review_only_not_split_blocking
img_8e2093cfeacc,img_45443e9f291c,Alzheimer_MRI_4_classes_dataset/Alzheimer_MRI_4_classes_dataset/NonDemented/25 (81).jpg,Alzheimer_MRI_4_classes_dataset/Alzheimer_MRI_4_classes_dataset/NonDemented/26 (82).jpg,NonDemented,NonDemented,NonDemented,NonDemented,NonDemented_patient81,NonDemented_patient82,False,True,True,4,review_only_not_split_blocking
img_77747a66e97c,img_ffd30b67d56a,Alzheimer_MRI_4_classes_dataset/Alzheimer_MRI_4_classes_dataset/NonDemented/25 (94).jpg,Alzheimer_MRI_4_classes_dataset/Alzheimer_MRI_4_classes_dataset/NonDemented/26 (94).jpg,NonDemented,NonDemented,NonDemented,NonDemented,NonDemented_patient94,NonDemented_patient94,True,True,True,4,review_only_not_split_blocking
img_418e69e8192f,img_a28f327f6430,Alzheimer_MRI_4_classes_dataset/Alzheimer_MRI_4_classes_dataset/NonDemented/25 (98).jpg,Alzheimer_MRI_4_classes_dataset/Alzheimer_MRI_4_classes_dataset/NonDemented/26 (98).jpg,NonDemented,NonDemented,NonDemented,NonDemented,NonDemented_patient98,NonDemented_patient98,True,True,True,2,review_only_not_split_blocking
img_1b8f8df85cb8,img_aeaf126b1940,Alzheimer_MRI_4_classes_dataset/Alzheimer_MRI_4_classes_dataset/NonDemented/25 (99).jpg,Alzheimer_MRI_4_classes_dataset/Alzheimer_MRI_4_classes_dataset/NonDemented/26 (99).jpg,NonDemented,NonDemented,NonDemented,NonDemented,NonDemented_patient99,NonDemented_patient99,True,True,True,3,review_only_not_split_blocking
img_e34f94b8ba57,img_40711418ea64,Alzheimer_MRI_4_classes_dataset/Alzheimer_MRI_4_classes_dataset/NonDemented/26 (11).jpg,Alzheimer_MRI_4_classes_dataset/Alzheimer_MRI_4_classes_dataset/NonDemented/27 (19).jpg,NonDemented,NonDemented,NonDemented,NonDemented,NonDemented_patient11,NonDemented_patient19,False,True,True,4,review_only_not_split_blocking
img_854482badb59,img_175330d1ad5d,Alzheimer_MRI_4_classes_dataset/Alzheimer_MRI_4_classes_dataset/NonDemented/26 (29).jpg,Alzheimer_MRI_4_classes_dataset/Alzheimer_MRI_4_classes_dataset/NonDemented/27 (35).jpg,NonDemented,NonDemented,NonDemented,NonDemented,NonDemented_patient29,NonDemented_patient35,False,True,True,0,review_only_not_split_blocking
img_3a295ed8a8ac,img_2f002afc3f39,Alzheimer_MRI_4_classes_dataset/Alzheimer_MRI_4_classes_dataset/NonDemented/26 (32).jpg,Alzheimer_MRI_4_classes_dataset/Alzheimer_MRI_4_classes_dataset/NonDemented/27 (38).jpg,NonDemented,NonDemented,NonDemented,NonDemented,NonDemented_patient32,NonDemented_patient38,False,True,True,4,review_only_not_split_blocking
img_04ca62a9ef39,img_129df3b54435,Alzheimer_MRI_4_classes_dataset/Alzheimer_MRI_4_classes_dataset/NonDemented/26 (33).jpg,Alzheimer_MRI_4_classes_dataset/Alzheimer_MRI_4_classes_dataset/NonDemented/27 (39).jpg,NonDemented,NonDemented,NonDemented,NonDemented,NonDemented_patient33,NonDemented_patient39,False,True,True,4,review_only_not_split_blocking
img_f2ff27e7e976,img_1208451dcc12,Alzheimer_MRI_4_classes_dataset/Alzheimer_MRI_4_classes_dataset/NonDemented/26 (34).jpg,Alzheimer_MRI_4_classes_dataset/Alzheimer_MRI_4_classes_dataset/NonDemented/27 (4).jpg,NonDemented,NonDemented,NonDemented,NonDemented,NonDemented_patient34,NonDemented_patient4,False,True,True,3,review_only_not_split_blocking
img_c6739efcc636,img_4de2b940d61b,Alzheimer_MRI_4_classes_dataset/Alzheimer_MRI_4_classes_dataset/NonDemented/26 (35).jpg,Alzheimer_MRI_4_classes_dataset/Alzheimer_MRI_4_classes_dataset/NonDemented/27 (40).jpg,NonDemented,NonDemented,NonDemented,NonDemented,NonDemented_patient35,NonDemented_patient40,False,True,True,3,review_only_not_split_blocking
img_650d6c0061ce,img_1af88d7b34ca,Alzheimer_MRI_4_classes_dataset/Alzheimer_MRI_4_classes_dataset/NonDemented/26 (40).jpg,Alzheimer_MRI_4_classes_dataset/Alzheimer_MRI_4_classes_dataset/NonDemented/27 (45).jpg,NonDemented,NonDemented,NonDemented,NonDemented,NonDemented_patient40,NonDemented_patient45,False,True,True,4,review_only_not_split_blocking
img_650d6c0061ce,img_f73f0e1e8890,Alzheimer_MRI_4_classes_dataset/Alzheimer_MRI_4_classes_dataset/NonDemented/26 (40).jpg,Alzheimer_MRI_4_classes_dataset/Alzheimer_MRI_4_classes_dataset/NonDemented/28 (45).jpg,NonDemented,NonDemented,NonDemented,NonDemented,NonDemented_patient40,NonDemented_patient45,False,True,True,4,review_only_not_split_blocking
img_6a108d4c666f,img_7d123540af29,Alzheimer_MRI_4_classes_dataset/Alzheimer_MRI_4_classes_dataset/NonDemented/26 (42).jpg,Alzheimer_MRI_4_classes_dataset/Alzheimer_MRI_4_classes_dataset/NonDemented/27 (47).jpg,NonDemented,NonDemented,NonDemented,NonDemented,NonDemented_patient42,NonDemented_patient47,False,True,True,4,review_only_not_split_blocking
img_3862247cd268,img_056ec1c3d596,Alzheimer_MRI_4_classes_dataset/Alzheimer_MRI_4_classes_dataset/NonDemented/26 (46).jpg,Alzheimer_MRI_4_classes_dataset/Alzheimer_MRI_4_classes_dataset/NonDemented/27 (50).jpg,NonDemented,NonDemented,NonDemented,NonDemented,NonDemented_patient46,NonDemented_patient50,False,True,True,4,review_only_not_split_blocking
img_32fda2707266,img_6e1d2187310e,Alzheimer_MRI_4_classes_dataset/Alzheimer_MRI_4_classes_dataset/NonDemented/26 (48).jpg,Alzheimer_MRI_4_classes_dataset/Alzheimer_MRI_4_classes_dataset/NonDemented/27 (52).jpg,NonDemented,NonDemented,NonDemented,NonDemented,NonDemented_patient48,NonDemented_patient52,False,True,True,3,review_only_not_split_blocking
img_2e1be6ee1bd2,img_e824d9cf87b1,Alzheimer_MRI_4_classes_dataset/Alzheimer_MRI_4_classes_dataset/NonDemented/26 (57).jpg,Alzheimer_MRI_4_classes_dataset/Alzheimer_MRI_4_classes_dataset/NonDemented/27 (60).jpg,NonDemented,NonDemented,NonDemented,NonDemented,NonDemented_patient57,NonDemented_patient60,False,True,True,4,review_only_not_split_blocking
img_779c58a294bd,img_cb8dc54bc77b,Alzheimer_MRI_4_classes_dataset/Alzheimer_MRI_4_classes_dataset/NonDemented/26 (59).jpg,Alzheimer_MRI_4_classes_dataset/Alzheimer_MRI_4_classes_dataset/NonDemented/27 (7).jpg,NonDemented,NonDemented,NonDemented,NonDemented,NonDemented_patient59,NonDemented_patient7,False,True,True,4,review_only_not_split_blocking
img_c36417524ec5,img_42a9f3fb9dd8,Alzheimer_MRI_4_classes_dataset/Alzheimer_MRI_4_classes_dataset/NonDemented/26 (6).jpg,Alzheimer_MRI_4_classes_dataset/Alzheimer_MRI_4_classes_dataset/NonDemented/27 (14).jpg,NonDemented,NonDemented,NonDemented,NonDemented,NonDemented_patient6,NonDemented_patient14,False,True,True,3,review_only_not_split_blocking
img_854050a686dc,img_deb6ecaf61c0,Alzheimer_MRI_4_classes_dataset/Alzheimer_MRI_4_classes_dataset/NonDemented/26 (60).jpg,Alzheimer_MRI_4_classes_dataset/Alzheimer_MRI_4_classes_dataset/NonDemented/27 (8).jpg,NonDemented,NonDemented,NonDemented,NonDemented,NonDemented_patient60,NonDemented_patient8,False,True,True,3,review_only_not_split_blocking
img_7f34a8725123,img_cfc241ce216c,Alzheimer_MRI_4_classes_dataset/Alzheimer_MRI_4_classes_dataset/NonDemented/26 (61).jpg,Alzheimer_MRI_4_classes_dataset/Alzheimer_MRI_4_classes_dataset/NonDemented/27 (9).jpg,NonDemented,NonDemented,NonDemented,NonDemented,NonDemented_patient61,NonDemented_patient9,False,True,True,3,review_only_not_split_blocking
img_9db03f387fb2,img_cf98827a4372,Alzheimer_MRI_4_classes_dataset/Alzheimer_MRI_4_classes_dataset/NonDemented/26 (64).jpg,Alzheimer_MRI_4_classes_dataset/Alzheimer_MRI_4_classes_dataset/NonDemented/27 (64).jpg,NonDemented,NonDemented,NonDemented,NonDemented,NonDemented_patient64,NonDemented_patient64,True,True,True,4,review_only_not_split_blocking
img_e1c44e54fd90,img_72d02d8072fb,Alzheimer_MRI_4_classes_dataset/Alzheimer_MRI_4_classes_dataset/NonDemented/26 (65).jpg,Alzheimer_MRI_4_classes_dataset/Alzheimer_MRI_4_classes_dataset/NonDemented/27 (65).jpg,NonDemented,NonDemented,NonDemented,NonDemented,NonDemented_patient65,NonDemented_patient65,True,True,True,2,review_only_not_split_blocking
img_3aa6838ff107,img_4e997b53f9e8,Alzheimer_MRI_4_classes_dataset/Alzheimer_MRI_4_classes_dataset/NonDemented/26 (68).jpg,Alzheimer_MRI_4_classes_dataset/Alzheimer_MRI_4_classes_dataset/NonDemented/27 (68).jpg,NonDemented,NonDemented,NonDemented,NonDemented,NonDemented_patient68,NonDemented_patient68,True,True,True,3,review_only_not_split_blocking
img_2b586ad0a3c0,img_60031a4d1c15,Alzheimer_MRI_4_classes_dataset/Alzheimer_MRI_4_classes_dataset/NonDemented/26 (69).jpg,Alzheimer_MRI_4_classes_dataset/Alzheimer_MRI_4_classes_dataset/NonDemented/27 (69).jpg,NonDemented,NonDemented,NonDemented,NonDemented,NonDemented_patient69,NonDemented_patient69,True,True,True,2,review_only_not_split_blocking
img_f378fa8e4f70,img_5334d52fdb6b,Alzheimer_MRI_4_classes_dataset/Alzheimer_MRI_4_classes_dataset/NonDemented/26 (72).jpg,Alzheimer_MRI_4_classes_dataset/Alzheimer_MRI_4_classes_dataset/NonDemented/27 (72).jpg,NonDemented,NonDemented,NonDemented,NonDemented,NonDemented_patient72,NonDemented_patient72,True,True,True,3,review_only_not_split_blocking
img_45443e9f291c,img_eafd654f7b7f,Alzheimer_MRI_4_classes_dataset/Alzheimer_MRI_4_classes_dataset/NonDemented/26 (82).jpg,Alzheimer_MRI_4_classes_dataset/Alzheimer_MRI_4_classes_dataset/NonDemented/27 (82).jpg,NonDemented,NonDemented,NonDemented,NonDemented,NonDemented_patient82,NonDemented_patient82,True,True,True,4,review_only_not_split_blocking
img_7364255941ff,img_a3a9505d892e,Alzheimer_MRI_4_classes_dataset/Alzheimer_MRI_4_classes_dataset/NonDemented/26 (88).jpg,Alzheimer_MRI_4_classes_dataset/Alzheimer_MRI_4_classes_dataset/NonDemented/27 (88).jpg,NonDemented,NonDemented,NonDemented,NonDemented,NonDemented_patient88,NonDemented_patient88,True,True,True,4,review_only_not_split_blocking
img_6d2a2635e53d,img_d359fe444dda,Alzheimer_MRI_4_classes_dataset/Alzheimer_MRI_4_classes_dataset/NonDemented/26 (90).jpg,Alzheimer_MRI_4_classes_dataset/Alzheimer_MRI_4_classes_dataset/NonDemented/27 (90).jpg,NonDemented,NonDemented,NonDemented,NonDemented,NonDemented_patient90,NonDemented_patient90,True,True,True,4,review_only_not_split_blocking
img_0fffc626936e,img_e4b4cc927c54,Alzheimer_MRI_4_classes_dataset/Alzheimer_MRI_4_classes_dataset/NonDemented/26 (96).jpg,Alzheimer_MRI_4_classes_dataset/Alzheimer_MRI_4_classes_dataset/NonDemented/27 (96).jpg,NonDemented,NonDemented,NonDemented,NonDemented,NonDemented_patient96,NonDemented_patient96,True,True,True,4,review_only_not_split_blocking
img_86d56f766d7e,img_25652fa4d772,Alzheimer_MRI_4_classes_dataset/Alzheimer_MRI_4_classes_dataset/NonDemented/26.jpg,Alzheimer_MRI_4_classes_dataset/Alzheimer_MRI_4_classes_dataset/NonDemented/27.jpg,NonDemented,NonDemented,NonDemented,NonDemented,NonDemented_unique_26_8e5205b81f86,NonDemented_unique_27_457bf35214e1,False,True,True,4,review_only_not_split_blocking
img_1f8961389cb0,img_61cd744489d4,Alzheimer_MRI_4_classes_dataset/Alzheimer_MRI_4_classes_dataset/NonDemented/27 (2).jpg,Alzheimer_MRI_4_classes_dataset/Alzheimer_MRI_4_classes_dataset/NonDemented/28 (2).jpg,NonDemented,NonDemented,NonDemented,NonDemented,NonDemented_patient2,NonDemented_patient2,True,True,True,3,review_only_not_split_blocking
img_b22fb0550354,img_04107dd99ac5,Alzheimer_MRI_4_classes_dataset/Alzheimer_MRI_4_classes_dataset/NonDemented/27 (20).jpg,Alzheimer_MRI_4_classes_dataset/Alzheimer_MRI_4_classes_dataset/NonDemented/28 (20).jpg,NonDemented,NonDemented,NonDemented,NonDemented,NonDemented_patient20,NonDemented_patient20,True,True,True,2,review_only_not_split_blocking
img_b22fb0550354,img_13aeaac2caaa,Alzheimer_MRI_4_classes_dataset/Alzheimer_MRI_4_classes_dataset/NonDemented/27 (20).jpg,Alzheimer_MRI_4_classes_dataset/Alzheimer_MRI_4_classes_dataset/NonDemented/29 (20).jpg,NonDemented,NonDemented,NonDemented,NonDemented,NonDemented_patient20,NonDemented_patient20,True,True,True,4,review_only_not_split_blocking
img_efcfd67f2216,img_c8eef0817f64,Alzheimer_MRI_4_classes_dataset/Alzheimer_MRI_4_classes_dataset/NonDemented/27 (23).jpg,Alzheimer_MRI_4_classes_dataset/Alzheimer_MRI_4_classes_dataset/NonDemented/28 (23).jpg,NonDemented,NonDemented,NonDemented,NonDemented,NonDemented_patient23,NonDemented_patient23,True,True,True,2,review_only_not_split_blocking
img_0fa3695a63ce,img_1f019cba0d00,Alzheimer_MRI_4_classes_dataset/Alzheimer_MRI_4_classes_dataset/NonDemented/27 (24).jpg,Alzheimer_MRI_4_classes_dataset/Alzheimer_MRI_4_classes_dataset/NonDemented/28 (24).jpg,NonDemented,NonDemented,NonDemented,NonDemented,NonDemented_patient24,NonDemented_patient24,True,True,True,3,review_only_not_split_blocking
img_f1d79a73c86d,img_c49b134db0be,Alzheimer_MRI_4_classes_dataset/Alzheimer_MRI_4_classes_dataset/NonDemented/27 (31).jpg,Alzheimer_MRI_4_classes_dataset/Alzheimer_MRI_4_classes_dataset/NonDemented/28 (31).jpg,NonDemented,NonDemented,NonDemented,NonDemented,NonDemented_patient31,NonDemented_patient31,True,True,True,3,review_only_not_split_blocking
img_129df3b54435,img_038b3f001af4,Alzheimer_MRI_4_classes_dataset/Alzheimer_MRI_4_classes_dataset/NonDemented/27 (39).jpg,Alzheimer_MRI_4_classes_dataset/Alzheimer_MRI_4_classes_dataset/NonDemented/28 (39).jpg,NonDemented,NonDemented,NonDemented,NonDemented,NonDemented_patient39,NonDemented_patient39,True,True,True,4,review_only_not_split_blocking
img_1305abc614de,img_e9ea077498b5,Alzheimer_MRI_4_classes_dataset/Alzheimer_MRI_4_classes_dataset/NonDemented/27 (43).jpg,Alzheimer_MRI_4_classes_dataset/Alzheimer_MRI_4_classes_dataset/NonDemented/28 (43).jpg,NonDemented,NonDemented,NonDemented,NonDemented,NonDemented_patient43,NonDemented_patient43,True,True,True,2,review_only_not_split_blocking
img_1af88d7b34ca,img_f73f0e1e8890,Alzheimer_MRI_4_classes_dataset/Alzheimer_MRI_4_classes_dataset/NonDemented/27 (45).jpg,Alzheimer_MRI_4_classes_dataset/Alzheimer_MRI_4_classes_dataset/NonDemented/28 (45).jpg,NonDemented,NonDemented,NonDemented,NonDemented,NonDemented_patient45,NonDemented_patient45,True,True,True,2,review_only_not_split_blocking
img_569cb6b1ee05,img_fb5bafb9ca86,Alzheimer_MRI_4_classes_dataset/Alzheimer_MRI_4_classes_dataset/NonDemented/27 (5).jpg,Alzheimer_MRI_4_classes_dataset/Alzheimer_MRI_4_classes_dataset/NonDemented/28 (5).jpg,NonDemented,NonDemented,NonDemented,NonDemented,NonDemented_patient5,NonDemented_patient5,True,True,True,2,review_only_not_split_blocking
img_6e1d2187310e,img_1b908ebd9477,Alzheimer_MRI_4_classes_dataset/Alzheimer_MRI_4_classes_dataset/NonDemented/27 (52).jpg,Alzheimer_MRI_4_classes_dataset/Alzheimer_MRI_4_classes_dataset/NonDemented/28 (52).jpg,NonDemented,NonDemented,NonDemented,NonDemented,NonDemented_patient52,NonDemented_patient52,True,True,True,4,review_only_not_split_blocking
img_c0a8e1cbbed0,img_507064a132a5,Alzheimer_MRI_4_classes_dataset/Alzheimer_MRI_4_classes_dataset/NonDemented/27 (55).jpg,Alzheimer_MRI_4_classes_dataset/Alzheimer_MRI_4_classes_dataset/NonDemented/28 (55).jpg,NonDemented,NonDemented,NonDemented,NonDemented,NonDemented_patient55,NonDemented_patient55,True,True,True,3,review_only_not_split_blocking
img_0691d586b94f,img_84f72854e7f2,Alzheimer_MRI_4_classes_dataset/Alzheimer_MRI_4_classes_dataset/NonDemented/27 (58).jpg,Alzheimer_MRI_4_classes_dataset/Alzheimer_MRI_4_classes_dataset/NonDemented/28 (58).jpg,NonDemented,NonDemented,NonDemented,NonDemented,NonDemented_patient58,NonDemented_patient58,True,True,True,3,review_only_not_split_blocking
img_c76e00b6d37a,img_9648d5c15cae,Alzheimer_MRI_4_classes_dataset/Alzheimer_MRI_4_classes_dataset/NonDemented/27 (59).jpg,Alzheimer_MRI_4_classes_dataset/Alzheimer_MRI_4_classes_dataset/NonDemented/28 (59).jpg,NonDemented,NonDemented,NonDemented,NonDemented,NonDemented_patient59,NonDemented_patient59,True,True,True,4,review_only_not_split_blocking
img_7fad19ca0a78,img_2d6263a63795,Alzheimer_MRI_4_classes_dataset/Alzheimer_MRI_4_classes_dataset/NonDemented/27 (6).jpg,Alzheimer_MRI_4_classes_dataset/Alzheimer_MRI_4_classes_dataset/NonDemented/28 (6).jpg,NonDemented,NonDemented,NonDemented,NonDemented,NonDemented_patient6,NonDemented_patient6,True,True,True,4,review_only_not_split_blocking
img_9bc5bc4a43c0,img_682b53a4db2a,Alzheimer_MRI_4_classes_dataset/Alzheimer_MRI_4_classes_dataset/NonDemented/27 (62).jpg,Alzheimer_MRI_4_classes_dataset/Alzheimer_MRI_4_classes_dataset/NonDemented/28 (62).jpg,NonDemented,NonDemented,NonDemented,NonDemented,NonDemented_patient62,NonDemented_patient62,True,True,True,4,review_only_not_split_blocking
img_0137774a69d6,img_437d8ff12525,Alzheimer_MRI_4_classes_dataset/Alzheimer_MRI_4_classes_dataset/NonDemented/27 (63).jpg,Alzheimer_MRI_4_classes_dataset/Alzheimer_MRI_4_classes_dataset/NonDemented/28 (63).jpg,NonDemented,NonDemented,NonDemented,NonDemented,NonDemented_patient63,NonDemented_patient63,True,True,True,4,review_only_not_split_blocking
img_cf98827a4372,img_24825f94c787,Alzheimer_MRI_4_classes_dataset/Alzheimer_MRI_4_classes_dataset/NonDemented/27 (64).jpg,Alzheimer_MRI_4_classes_dataset/Alzheimer_MRI_4_classes_dataset/NonDemented/28 (64).jpg,NonDemented,NonDemented,NonDemented,NonDemented,NonDemented_patient64,NonDemented_patient64,True,True,True,2,review_only_not_split_blocking
img_72d02d8072fb,img_dea4f47cadbf,Alzheimer_MRI_4_classes_dataset/Alzheimer_MRI_4_classes_dataset/NonDemented/27 (65).jpg,Alzheimer_MRI_4_classes_dataset/Alzheimer_MRI_4_classes_dataset/NonDemented/28 (65).jpg,NonDemented,NonDemented,NonDemented,NonDemented,NonDemented_patient65,NonDemented_patient65,True,True,True,4,review_only_not_split_blocking
img_c78ce89dc3f2,img_a3f652413dcc,Alzheimer_MRI_4_classes_dataset/Alzheimer_MRI_4_classes_dataset/NonDemented/27 (70).jpg,Alzheimer_MRI_4_classes_dataset/Alzheimer_MRI_4_classes_dataset/NonDemented/28 (70).jpg,NonDemented,NonDemented,NonDemented,NonDemented,NonDemented_patient70,NonDemented_patient70,True,True,True,4,review_only_not_split_blocking
img_7670b43a82a3,img_46fb6f66b87e,Alzheimer_MRI_4_classes_dataset/Alzheimer_MRI_4_classes_dataset/NonDemented/27 (80).jpg,Alzheimer_MRI_4_classes_dataset/Alzheimer_MRI_4_classes_dataset/NonDemented/28 (80).jpg,NonDemented,NonDemented,NonDemented,NonDemented,NonDemented_patient80,NonDemented_patient80,True,True,True,2,review_only_not_split_blocking
img_eafd654f7b7f,img_359c32f1d718,Alzheimer_MRI_4_classes_dataset/Alzheimer_MRI_4_classes_dataset/NonDemented/27 (82).jpg,Alzheimer_MRI_4_classes_dataset/Alzheimer_MRI_4_classes_dataset/NonDemented/28 (82).jpg,NonDemented,NonDemented,NonDemented,NonDemented,NonDemented_patient82,NonDemented_patient82,True,True,True,3,review_only_not_split_blocking
img_f5b6c0c7af33,img_66e5c123320f,Alzheimer_MRI_4_classes_dataset/Alzheimer_MRI_4_classes_dataset/NonDemented/27 (84).jpg,Alzheimer_MRI_4_classes_dataset/Alzheimer_MRI_4_classes_dataset/NonDemented/28 (84).jpg,NonDemented,NonDemented,NonDemented,NonDemented,NonDemented_patient84,NonDemented_patient84,True,True,True,4,review_only_not_split_blocking
img_9c7dc6d9516f,img_419c3fd154a4,Alzheimer_MRI_4_classes_dataset/Alzheimer_MRI_4_classes_dataset/NonDemented/27 (85).jpg,Alzheimer_MRI_4_classes_dataset/Alzheimer_MRI_4_classes_dataset/NonDemented/28 (85).jpg,NonDemented,NonDemented,NonDemented,NonDemented,NonDemented_patient85,NonDemented_patient85,True,True,True,4,review_only_not_split_blocking
img_310fd167ebe2,img_bed481056e9b,Alzheimer_MRI_4_classes_dataset/Alzheimer_MRI_4_classes_dataset/NonDemented/27 (86).jpg,Alzheimer_MRI_4_classes_dataset/Alzheimer_MRI_4_classes_dataset/NonDemented/28 (86).jpg,NonDemented,NonDemented,NonDemented,NonDemented,NonDemented_patient86,NonDemented_patient86,True,True,True,4,review_only_not_split_blocking
img_86430111e2c6,img_561367a3b0dd,Alzheimer_MRI_4_classes_dataset/Alzheimer_MRI_4_classes_dataset/NonDemented/27 (89).jpg,Alzheimer_MRI_4_classes_dataset/Alzheimer_MRI_4_classes_dataset/NonDemented/28 (89).jpg,NonDemented,NonDemented,NonDemented,NonDemented,NonDemented_patient89,NonDemented_patient89,True,True,True,2,review_only_not_split_blocking
img_e4b4cc927c54,img_3f9beec3358c,Alzheimer_MRI_4_classes_dataset/Alzheimer_MRI_4_classes_dataset/NonDemented/27 (96).jpg,Alzheimer_MRI_4_classes_dataset/Alzheimer_MRI_4_classes_dataset/NonDemented/28 (96).jpg,NonDemented,NonDemented,NonDemented,NonDemented,NonDemented_patient96,NonDemented_patient96,True,True,True,4,review_only_not_split_blocking
img_d3b38169de9f,img_ca607180a708,Alzheimer_MRI_4_classes_dataset/Alzheimer_MRI_4_classes_dataset/NonDemented/27 (99).jpg,Alzheimer_MRI_4_classes_dataset/Alzheimer_MRI_4_classes_dataset/NonDemented/28 (99).jpg,NonDemented,NonDemented,NonDemented,NonDemented,NonDemented_patient99,NonDemented_patient99,True,True,True,4,review_only_not_split_blocking
img_1c50ed98bedb,img_b9bad5aa8f47,Alzheimer_MRI_4_classes_dataset/Alzheimer_MRI_4_classes_dataset/NonDemented/28 (11).jpg,Alzheimer_MRI_4_classes_dataset/Alzheimer_MRI_4_classes_dataset/NonDemented/29 (11).jpg,NonDemented,NonDemented,NonDemented,NonDemented,NonDemented_patient11,NonDemented_patient11,True,True,True,3,review_only_not_split_blocking
img_d5e47a4872c9,img_18b8eddbee5d,Alzheimer_MRI_4_classes_dataset/Alzheimer_MRI_4_classes_dataset/NonDemented/28 (12).jpg,Alzheimer_MRI_4_classes_dataset/Alzheimer_MRI_4_classes_dataset/NonDemented/29 (12).jpg,NonDemented,NonDemented,NonDemented,NonDemented,NonDemented_patient12,NonDemented_patient12,True,True,True,3,review_only_not_split_blocking
img_61cd744489d4,img_c9bae395d45f,Alzheimer_MRI_4_classes_dataset/Alzheimer_MRI_4_classes_dataset/NonDemented/28 (2).jpg,Alzheimer_MRI_4_classes_dataset/Alzheimer_MRI_4_classes_dataset/NonDemented/29 (2).jpg,NonDemented,NonDemented,NonDemented,NonDemented,NonDemented_patient2,NonDemented_patient2,True,True,True,3,review_only_not_split_blocking
img_04107dd99ac5,img_13aeaac2caaa,Alzheimer_MRI_4_classes_dataset/Alzheimer_MRI_4_classes_dataset/NonDemented/28 (20).jpg,Alzheimer_MRI_4_classes_dataset/Alzheimer_MRI_4_classes_dataset/NonDemented/29 (20).jpg,NonDemented,NonDemented,NonDemented,NonDemented,NonDemented_patient20,NonDemented_patient20,True,True,True,2,review_only_not_split_blocking
img_04107dd99ac5,img_2454f8bfcb30,Alzheimer_MRI_4_classes_dataset/Alzheimer_MRI_4_classes_dataset/NonDemented/28 (20).jpg,Alzheimer_MRI_4_classes_dataset/Alzheimer_MRI_4_classes_dataset/NonDemented/30 (20).jpg,NonDemented,NonDemented,NonDemented,NonDemented,NonDemented_patient20,NonDemented_patient20,True,True,True,3,review_only_not_split_blocking
img_1f019cba0d00,img_25ee9d768d79,Alzheimer_MRI_4_classes_dataset/Alzheimer_MRI_4_classes_dataset/NonDemented/28 (24).jpg,Alzheimer_MRI_4_classes_dataset/Alzheimer_MRI_4_classes_dataset/NonDemented/29 (24).jpg,NonDemented,NonDemented,NonDemented,NonDemented,NonDemented_patient24,NonDemented_patient24,True,True,True,3,review_only_not_split_blocking
img_a16b9fdb3699,img_49754d5e1a71,Alzheimer_MRI_4_classes_dataset/Alzheimer_MRI_4_classes_dataset/NonDemented/28 (25).jpg,Alzheimer_MRI_4_classes_dataset/Alzheimer_MRI_4_classes_dataset/NonDemented/29 (25).jpg,NonDemented,NonDemented,NonDemented,NonDemented,NonDemented_patient25,NonDemented_patient25,True,True,True,2,review_only_not_split_blocking
img_3796c0ad1134,img_404703cecb9f,Alzheimer_MRI_4_classes_dataset/Alzheimer_MRI_4_classes_dataset/NonDemented/28 (27).jpg,Alzheimer_MRI_4_classes_dataset/Alzheimer_MRI_4_classes_dataset/NonDemented/29 (27).jpg,NonDemented,NonDemented,NonDemented,NonDemented,NonDemented_patient27,NonDemented_patient27,True,True,True,3,review_only_not_split_blocking
img_cfff33f419d2,img_61c63582ef15,Alzheimer_MRI_4_classes_dataset/Alzheimer_MRI_4_classes_dataset/NonDemented/28 (3).jpg,Alzheimer_MRI_4_classes_dataset/Alzheimer_MRI_4_classes_dataset/NonDemented/29 (3).jpg,NonDemented,NonDemented,NonDemented,NonDemented,NonDemented_patient3,NonDemented_patient3,True,True,True,2,review_only_not_split_blocking
img_7cffb2b30268,img_175dc788d865,Alzheimer_MRI_4_classes_dataset/Alzheimer_MRI_4_classes_dataset/NonDemented/28 (30).jpg,Alzheimer_MRI_4_classes_dataset/Alzheimer_MRI_4_classes_dataset/NonDemented/29 (30).jpg,NonDemented,NonDemented,NonDemented,NonDemented,NonDemented_patient30,NonDemented_patient30,True,True,True,1,review_only_not_split_blocking
img_7cffb2b30268,img_2e36090c4139,Alzheimer_MRI_4_classes_dataset/Alzheimer_MRI_4_classes_dataset/NonDemented/28 (30).jpg,Alzheimer_MRI_4_classes_dataset/Alzheimer_MRI_4_classes_dataset/NonDemented/30 (30).jpg,NonDemented,NonDemented,NonDemented,NonDemented,NonDemented_patient30,NonDemented_patient30,True,True,True,4,review_only_not_split_blocking
img_47755d568423,img_4ab299a366fc,Alzheimer_MRI_4_classes_dataset/Alzheimer_MRI_4_classes_dataset/NonDemented/28 (36).jpg,Alzheimer_MRI_4_classes_dataset/Alzheimer_MRI_4_classes_dataset/NonDemented/29 (36).jpg,NonDemented,NonDemented,NonDemented,NonDemented,NonDemented_patient36,NonDemented_patient36,True,True,True,4,review_only_not_split_blocking
img_038b3f001af4,img_9efc8ffec2a2,Alzheimer_MRI_4_classes_dataset/Alzheimer_MRI_4_classes_dataset/NonDemented/28 (39).jpg,Alzheimer_MRI_4_classes_dataset/Alzheimer_MRI_4_classes_dataset/NonDemented/29 (39).jpg,NonDemented,NonDemented,NonDemented,NonDemented,NonDemented_patient39,NonDemented_patient39,True,True,True,3,review_only_not_split_blocking
img_554399c3bcb6,img_109c002e77fb,Alzheimer_MRI_4_classes_dataset/Alzheimer_MRI_4_classes_dataset/NonDemented/28 (4).jpg,Alzheimer_MRI_4_classes_dataset/Alzheimer_MRI_4_classes_dataset/NonDemented/29 (4).jpg,NonDemented,NonDemented,NonDemented,NonDemented,NonDemented_patient4,NonDemented_patient4,True,True,True,1,review_only_not_split_blocking
img_da7aab538fb5,img_a3c5cfcc401f,Alzheimer_MRI_4_classes_dataset/Alzheimer_MRI_4_classes_dataset/NonDemented/28 (41).jpg,Alzheimer_MRI_4_classes_dataset/Alzheimer_MRI_4_classes_dataset/NonDemented/29 (41).jpg,NonDemented,NonDemented,NonDemented,NonDemented,NonDemented_patient41,NonDemented_patient41,True,True,True,4,review_only_not_split_blocking
img_dd015983d672,img_461ab45af590,Alzheimer_MRI_4_classes_dataset/Alzheimer_MRI_4_classes_dataset/NonDemented/28 (49).jpg,Alzheimer_MRI_4_classes_dataset/Alzheimer_MRI_4_classes_dataset/NonDemented/29 (49).jpg,NonDemented,NonDemented,NonDemented,NonDemented,NonDemented_patient49,NonDemented_patient49,True,True,True,4,review_only_not_split_blocking
img_c6c12fe58a9a,img_e555522e8ffa,Alzheimer_MRI_4_classes_dataset/Alzheimer_MRI_4_classes_dataset/NonDemented/28 (50).jpg,Alzheimer_MRI_4_classes_dataset/Alzheimer_MRI_4_classes_dataset/NonDemented/29 (50).jpg,NonDemented,NonDemented,NonDemented,NonDemented,NonDemented_patient50,NonDemented_patient50,True,True,True,3,review_only_not_split_blocking
img_507064a132a5,img_e8a15ac01b0e,Alzheimer_MRI_4_classes_dataset/Alzheimer_MRI_4_classes_dataset/NonDemented/28 (55).jpg,Alzheimer_MRI_4_classes_dataset/Alzheimer_MRI_4_classes_dataset/NonDemented/29 (55).jpg,NonDemented,NonDemented,NonDemented,NonDemented,NonDemented_patient55,NonDemented_patient55,True,True,True,4,review_only_not_split_blocking
img_0984e055d249,img_b7fd7d2fb93c,Alzheimer_MRI_4_classes_dataset/Alzheimer_MRI_4_classes_dataset/NonDemented/28 (57).jpg,Alzheimer_MRI_4_classes_dataset/Alzheimer_MRI_4_classes_dataset/NonDemented/29 (57).jpg,NonDemented,NonDemented,NonDemented,NonDemented,NonDemented_patient57,NonDemented_patient57,True,True,True,4,review_only_not_split_blocking
img_9a773e990b6d,img_b08c7607a161,Alzheimer_MRI_4_classes_dataset/Alzheimer_MRI_4_classes_dataset/NonDemented/28 (60).jpg,Alzheimer_MRI_4_classes_dataset/Alzheimer_MRI_4_classes_dataset/NonDemented/29 (60).jpg,NonDemented,NonDemented,NonDemented,NonDemented,NonDemented_patient60,NonDemented_patient60,True,True,True,0,review_only_not_split_blocking
img_50bbdea804d9,img_a476d370855e,Alzheimer_MRI_4_classes_dataset/Alzheimer_MRI_4_classes_dataset/NonDemented/28 (61).jpg,Alzheimer_MRI_4_classes_dataset/Alzheimer_MRI_4_classes_dataset/NonDemented/29 (61).jpg,NonDemented,NonDemented,NonDemented,NonDemented,NonDemented_patient61,NonDemented_patient61,True,True,True,3,review_only_not_split_blocking
img_dea4f47cadbf,img_49f64695ed5d,Alzheimer_MRI_4_classes_dataset/Alzheimer_MRI_4_classes_dataset/NonDemented/28 (65).jpg,Alzheimer_MRI_4_classes_dataset/Alzheimer_MRI_4_classes_dataset/NonDemented/29 (65).jpg,NonDemented,NonDemented,NonDemented,NonDemented,NonDemented_patient65,NonDemented_patient65,True,True,True,4,review_only_not_split_blocking
img_f662287bf8d1,img_31cb02b7761d,Alzheimer_MRI_4_classes_dataset/Alzheimer_MRI_4_classes_dataset/NonDemented/28 (73).jpg,Alzheimer_MRI_4_classes_dataset/Alzheimer_MRI_4_classes_dataset/NonDemented/29 (73).jpg,NonDemented,NonDemented,NonDemented,NonDemented,NonDemented_patient73,NonDemented_patient73,True,True,True,2,review_only_not_split_blocking
img_29211da6db97,img_3051dc1497b2,Alzheimer_MRI_4_classes_dataset/Alzheimer_MRI_4_classes_dataset/NonDemented/28 (74).jpg,Alzheimer_MRI_4_classes_dataset/Alzheimer_MRI_4_classes_dataset/NonDemented/29 (74).jpg,NonDemented,NonDemented,NonDemented,NonDemented,NonDemented_patient74,NonDemented_patient74,True,True,True,4,review_only_not_split_blocking
img_131910640cdf,img_ecf51a566aa1,Alzheimer_MRI_4_classes_dataset/Alzheimer_MRI_4_classes_dataset/NonDemented/28 (93).jpg,Alzheimer_MRI_4_classes_dataset/Alzheimer_MRI_4_classes_dataset/NonDemented/29 (93).jpg,NonDemented,NonDemented,NonDemented,NonDemented,NonDemented_patient93,NonDemented_patient93,True,True,True,3,review_only_not_split_blocking
img_271a90a4e6be,img_f5de856f7181,Alzheimer_MRI_4_classes_dataset/Alzheimer_MRI_4_classes_dataset/NonDemented/28.jpg,Alzheimer_MRI_4_classes_dataset/Alzheimer_MRI_4_classes_dataset/NonDemented/29.jpg,NonDemented,NonDemented,NonDemented,NonDemented,NonDemented_unique_28_0240e6260ba3,NonDemented_unique_29_0d533f09a695,False,True,True,2,review_only_not_split_blocking
img_aeb7591d6188,img_3305f50999fa,Alzheimer_MRI_4_classes_dataset/Alzheimer_MRI_4_classes_dataset/NonDemented/29 (10).jpg,Alzheimer_MRI_4_classes_dataset/Alzheimer_MRI_4_classes_dataset/NonDemented/30 (10).jpg,NonDemented,NonDemented,NonDemented,NonDemented,NonDemented_patient10,NonDemented_patient10,True,True,True,4,review_only_not_split_blocking
img_b9bad5aa8f47,img_55a16ccd3edb,Alzheimer_MRI_4_classes_dataset/Alzheimer_MRI_4_classes_dataset/NonDemented/29 (11).jpg,Alzheimer_MRI_4_classes_dataset/Alzheimer_MRI_4_classes_dataset/NonDemented/30 (11).jpg,NonDemented,NonDemented,NonDemented,NonDemented,NonDemented_patient11,NonDemented_patient11,True,True,True,4,review_only_not_split_blocking
img_fb88b8ada18f,img_326533371570,Alzheimer_MRI_4_classes_dataset/Alzheimer_MRI_4_classes_dataset/NonDemented/29 (14).jpg,Alzheimer_MRI_4_classes_dataset/Alzheimer_MRI_4_classes_dataset/NonDemented/30 (14).jpg,NonDemented,NonDemented,NonDemented,NonDemented,NonDemented_patient14,NonDemented_patient14,True,True,True,2,review_only_not_split_blocking
img_eb62943d08d6,img_03230e0632ea,Alzheimer_MRI_4_classes_dataset/Alzheimer_MRI_4_classes_dataset/NonDemented/29 (16).jpg,Alzheimer_MRI_4_classes_dataset/Alzheimer_MRI_4_classes_dataset/NonDemented/30 (16).jpg,NonDemented,NonDemented,NonDemented,NonDemented,NonDemented_patient16,NonDemented_patient16,True,True,True,3,review_only_not_split_blocking
img_02cd55486a93,img_abc78db51729,Alzheimer_MRI_4_classes_dataset/Alzheimer_MRI_4_classes_dataset/NonDemented/29 (19).jpg,Alzheimer_MRI_4_classes_dataset/Alzheimer_MRI_4_classes_dataset/NonDemented/30 (19).jpg,NonDemented,NonDemented,NonDemented,NonDemented,NonDemented_patient19,NonDemented_patient19,True,True,True,4,review_only_not_split_blocking
img_13aeaac2caaa,img_2454f8bfcb30,Alzheimer_MRI_4_classes_dataset/Alzheimer_MRI_4_classes_dataset/NonDemented/29 (20).jpg,Alzheimer_MRI_4_classes_dataset/Alzheimer_MRI_4_classes_dataset/NonDemented/30 (20).jpg,NonDemented,NonDemented,NonDemented,NonDemented,NonDemented_patient20,NonDemented_patient20,True,True,True,3,review_only_not_split_blocking
img_6cf5523e4962,img_1966c64db6be,Alzheimer_MRI_4_classes_dataset/Alzheimer_MRI_4_classes_dataset/NonDemented/29 (28).jpg,Alzheimer_MRI_4_classes_dataset/Alzheimer_MRI_4_classes_dataset/NonDemented/30 (28).jpg,NonDemented,NonDemented,NonDemented,NonDemented,NonDemented_patient28,NonDemented_patient28,True,True,True,4,review_only_not_split_blocking
img_61c63582ef15,img_0bbca6d862d4,Alzheimer_MRI_4_classes_dataset/Alzheimer_MRI_4_classes_dataset/NonDemented/29 (3).jpg,Alzheimer_MRI_4_classes_dataset/Alzheimer_MRI_4_classes_dataset/NonDemented/30 (3).jpg,NonDemented,NonDemented,NonDemented,NonDemented,NonDemented_patient3,NonDemented_patient3,True,True,True,3,review_only_not_split_blocking
img_175dc788d865,img_2e36090c4139,Alzheimer_MRI_4_classes_dataset/Alzheimer_MRI_4_classes_dataset/NonDemented/29 (30).jpg,Alzheimer_MRI_4_classes_dataset/Alzheimer_MRI_4_classes_dataset/NonDemented/30 (30).jpg,NonDemented,NonDemented,NonDemented,NonDemented,NonDemented_patient30,NonDemented_patient30,True,True,True,3,review_only_not_split_blocking
img_bb354eee898d,img_d9e87e2e2e30,Alzheimer_MRI_4_classes_dataset/Alzheimer_MRI_4_classes_dataset/NonDemented/29 (31).jpg,Alzheimer_MRI_4_classes_dataset/Alzheimer_MRI_4_classes_dataset/NonDemented/30 (31).jpg,NonDemented,NonDemented,NonDemented,NonDemented,NonDemented_patient31,NonDemented_patient31,True,True,True,2,review_only_not_split_blocking
img_4b5ac93e41f2,img_0957f430301c,Alzheimer_MRI_4_classes_dataset/Alzheimer_MRI_4_classes_dataset/NonDemented/29 (33).jpg,Alzheimer_MRI_4_classes_dataset/Alzheimer_MRI_4_classes_dataset/NonDemented/30 (33).jpg,NonDemented,NonDemented,NonDemented,NonDemented,NonDemented_patient33,NonDemented_patient33,True,True,True,4,review_only_not_split_blocking
img_c1de3306dbb6,img_b7af7b2daa6c,Alzheimer_MRI_4_classes_dataset/Alzheimer_MRI_4_classes_dataset/NonDemented/29 (34).jpg,Alzheimer_MRI_4_classes_dataset/Alzheimer_MRI_4_classes_dataset/NonDemented/30 (34).jpg,NonDemented,NonDemented,NonDemented,NonDemented,NonDemented_patient34,NonDemented_patient34,True,True,True,3,review_only_not_split_blocking
img_7207aee78eed,img_787777644741,Alzheimer_MRI_4_classes_dataset/Alzheimer_MRI_4_classes_dataset/NonDemented/29 (42).jpg,Alzheimer_MRI_4_classes_dataset/Alzheimer_MRI_4_classes_dataset/NonDemented/30 (42).jpg,NonDemented,NonDemented,NonDemented,NonDemented,NonDemented_patient42,NonDemented_patient42,True,True,True,4,review_only_not_split_blocking
img_5344d9d84b63,img_9ee14a1553de,Alzheimer_MRI_4_classes_dataset/Alzheimer_MRI_4_classes_dataset/NonDemented/29 (45).jpg,Alzheimer_MRI_4_classes_dataset/Alzheimer_MRI_4_classes_dataset/NonDemented/30 (45).jpg,NonDemented,NonDemented,NonDemented,NonDemented,NonDemented_patient45,NonDemented_patient45,True,True,True,3,review_only_not_split_blocking
img_bd0c06e32182,img_f1ad2102d638,Alzheimer_MRI_4_classes_dataset/Alzheimer_MRI_4_classes_dataset/NonDemented/29 (47).jpg,Alzheimer_MRI_4_classes_dataset/Alzheimer_MRI_4_classes_dataset/NonDemented/30 (47).jpg,NonDemented,NonDemented,NonDemented,NonDemented,NonDemented_patient47,NonDemented_patient47,True,True,True,4,review_only_not_split_blocking
img_ccdcdc234c2f,img_ea255c687493,Alzheimer_MRI_4_classes_dataset/Alzheimer_MRI_4_classes_dataset/NonDemented/29 (48).jpg,Alzheimer_MRI_4_classes_dataset/Alzheimer_MRI_4_classes_dataset/NonDemented/30 (48).jpg,NonDemented,NonDemented,NonDemented,NonDemented,NonDemented_patient48,NonDemented_patient48,True,True,True,4,review_only_not_split_blocking
img_1ebb9e69e549,img_10acd1ce8111,Alzheimer_MRI_4_classes_dataset/Alzheimer_MRI_4_classes_dataset/NonDemented/29 (5).jpg,Alzheimer_MRI_4_classes_dataset/Alzheimer_MRI_4_classes_dataset/NonDemented/30 (5).jpg,NonDemented,NonDemented,NonDemented,NonDemented,NonDemented_patient5,NonDemented_patient5,True,True,True,3,review_only_not_split_blocking
img_da676b59f367,img_7ba30a32d0e8,Alzheimer_MRI_4_classes_dataset/Alzheimer_MRI_4_classes_dataset/NonDemented/29 (59).jpg,Alzheimer_MRI_4_classes_dataset/Alzheimer_MRI_4_classes_dataset/NonDemented/30 (59).jpg,NonDemented,NonDemented,NonDemented,NonDemented,NonDemented_patient59,NonDemented_patient59,True,True,True,2,review_only_not_split_blocking
img_a476d370855e,img_6a9f1bcb85b2,Alzheimer_MRI_4_classes_dataset/Alzheimer_MRI_4_classes_dataset/NonDemented/29 (61).jpg,Alzheimer_MRI_4_classes_dataset/Alzheimer_MRI_4_classes_dataset/NonDemented/30 (61).jpg,NonDemented,NonDemented,NonDemented,NonDemented,NonDemented_patient61,NonDemented_patient61,True,True,True,2,review_only_not_split_blocking
img_436ac7ea9c8a,img_fc62d4657dca,Alzheimer_MRI_4_classes_dataset/Alzheimer_MRI_4_classes_dataset/NonDemented/29 (63).jpg,Alzheimer_MRI_4_classes_dataset/Alzheimer_MRI_4_classes_dataset/NonDemented/30 (63).jpg,NonDemented,NonDemented,NonDemented,NonDemented,NonDemented_patient63,NonDemented_patient63,True,True,True,2,review_only_not_split_blocking
img_f107405a68bb,img_1de7cb160793,Alzheimer_MRI_4_classes_dataset/Alzheimer_MRI_4_classes_dataset/NonDemented/29 (69).jpg,Alzheimer_MRI_4_classes_dataset/Alzheimer_MRI_4_classes_dataset/NonDemented/30 (69).jpg,NonDemented,NonDemented,NonDemented,NonDemented,NonDemented_patient69,NonDemented_patient69,True,True,True,3,review_only_not_split_blocking
img_15770398dd7e,img_8515d0adced3,Alzheimer_MRI_4_classes_dataset/Alzheimer_MRI_4_classes_dataset/NonDemented/29 (70).jpg,Alzheimer_MRI_4_classes_dataset/Alzheimer_MRI_4_classes_dataset/NonDemented/30 (70).jpg,NonDemented,NonDemented,NonDemented,NonDemented,NonDemented_patient70,NonDemented_patient70,True,True,True,2,review_only_not_split_blocking
img_31cb02b7761d,img_9ef354fe4100,Alzheimer_MRI_4_classes_dataset/Alzheimer_MRI_4_classes_dataset/NonDemented/29 (73).jpg,Alzheimer_MRI_4_classes_dataset/Alzheimer_MRI_4_classes_dataset/NonDemented/30 (73).jpg,NonDemented,NonDemented,NonDemented,NonDemented,NonDemented_patient73,NonDemented_patient73,True,True,True,3,review_only_not_split_blocking
img_032bf315f66b,img_656ce1544fc5,Alzheimer_MRI_4_classes_dataset/Alzheimer_MRI_4_classes_dataset/NonDemented/29 (75).jpg,Alzheimer_MRI_4_classes_dataset/Alzheimer_MRI_4_classes_dataset/NonDemented/30 (75).jpg,NonDemented,NonDemented,NonDemented,NonDemented,NonDemented_patient75,NonDemented_patient75,True,True,True,4,review_only_not_split_blocking
img_ad1f62367c27,img_7e8bcf55d9cc,Alzheimer_MRI_4_classes_dataset/Alzheimer_MRI_4_classes_dataset/NonDemented/29 (77).jpg,Alzheimer_MRI_4_classes_dataset/Alzheimer_MRI_4_classes_dataset/NonDemented/30 (77).jpg,NonDemented,NonDemented,NonDemented,NonDemented,NonDemented_patient77,NonDemented_patient77,True,True,True,4,review_only_not_split_blocking
img_b9d3fe5d0f05,img_7c2d20aa58d6,Alzheimer_MRI_4_classes_dataset/Alzheimer_MRI_4_classes_dataset/NonDemented/29 (82).jpg,Alzheimer_MRI_4_classes_dataset/Alzheimer_MRI_4_classes_dataset/NonDemented/30 (82).jpg,NonDemented,NonDemented,NonDemented,NonDemented,NonDemented_patient82,NonDemented_patient82,True,True,True,3,review_only_not_split_blocking
img_40eac91af34f,img_00cd080fd82e,Alzheimer_MRI_4_classes_dataset/Alzheimer_MRI_4_classes_dataset/NonDemented/29 (84).jpg,Alzheimer_MRI_4_classes_dataset/Alzheimer_MRI_4_classes_dataset/NonDemented/30 (84).jpg,NonDemented,NonDemented,NonDemented,NonDemented,NonDemented_patient84,NonDemented_patient84,True,True,True,3,review_only_not_split_blocking
img_0ed406528097,img_e190bde9a0ed,Alzheimer_MRI_4_classes_dataset/Alzheimer_MRI_4_classes_dataset/NonDemented/29 (86).jpg,Alzheimer_MRI_4_classes_dataset/Alzheimer_MRI_4_classes_dataset/NonDemented/30 (86).jpg,NonDemented,NonDemented,NonDemented,NonDemented,NonDemented_patient86,NonDemented_patient86,True,True,True,4,review_only_not_split_blocking
img_6cb8775fd8b3,img_14f605613103,Alzheimer_MRI_4_classes_dataset/Alzheimer_MRI_4_classes_dataset/NonDemented/29 (88).jpg,Alzheimer_MRI_4_classes_dataset/Alzheimer_MRI_4_classes_dataset/NonDemented/30 (88).jpg,NonDemented,NonDemented,NonDemented,NonDemented,NonDemented_patient88,NonDemented_patient88,True,True,True,4,review_only_not_split_blocking
img_ecf51a566aa1,img_d5b51401827d,Alzheimer_MRI_4_classes_dataset/Alzheimer_MRI_4_classes_dataset/NonDemented/29 (93).jpg,Alzheimer_MRI_4_classes_dataset/Alzheimer_MRI_4_classes_dataset/NonDemented/30 (93).jpg,NonDemented,NonDemented,NonDemented,NonDemented,NonDemented_patient93,NonDemented_patient93,True,True,True,3,review_only_not_split_blocking
img_e1575b5d92b5,img_92d8c07fdda2,Alzheimer_MRI_4_classes_dataset/Alzheimer_MRI_4_classes_dataset/NonDemented/29 (99).jpg,Alzheimer_MRI_4_classes_dataset/Alzheimer_MRI_4_classes_dataset/NonDemented/30 (99).jpg,NonDemented,NonDemented,NonDemented,NonDemented,NonDemented_patient99,NonDemented_patient99,True,True,True,4,review_only_not_split_blocking
img_42ec568a37c0,img_ccd5055b0319,Alzheimer_MRI_4_classes_dataset/Alzheimer_MRI_4_classes_dataset/NonDemented/3 (100).jpg,Alzheimer_MRI_4_classes_dataset/Alzheimer_MRI_4_classes_dataset/NonDemented/4 (100).jpg,NonDemented,NonDemented,NonDemented,NonDemented,NonDemented_patient100,NonDemented_patient100,True,True,True,3,review_only_not_split_blocking
img_959ced956b00,img_fde6315774a2,Alzheimer_MRI_4_classes_dataset/Alzheimer_MRI_4_classes_dataset/NonDemented/3 (11).jpg,Alzheimer_MRI_4_classes_dataset/Alzheimer_MRI_4_classes_dataset/NonDemented/4 (11).jpg,NonDemented,NonDemented,NonDemented,NonDemented,NonDemented_patient11,NonDemented_patient11,True,True,True,4,review_only_not_split_blocking
img_fca327808100,img_ce732b64ecac,Alzheimer_MRI_4_classes_dataset/Alzheimer_MRI_4_classes_dataset/NonDemented/3 (23).jpg,Alzheimer_MRI_4_classes_dataset/Alzheimer_MRI_4_classes_dataset/NonDemented/4 (23).jpg,NonDemented,NonDemented,NonDemented,NonDemented,NonDemented_patient23,NonDemented_patient23,True,True,True,4,review_only_not_split_blocking
img_a57101b399fb,img_5daaa1ad9ad8,Alzheimer_MRI_4_classes_dataset/Alzheimer_MRI_4_classes_dataset/NonDemented/3 (26).jpg,Alzheimer_MRI_4_classes_dataset/Alzheimer_MRI_4_classes_dataset/NonDemented/4 (26).jpg,NonDemented,NonDemented,NonDemented,NonDemented,NonDemented_patient26,NonDemented_patient26,True,True,True,4,review_only_not_split_blocking
img_f760c4f3e049,img_20a98a0ef4cf,Alzheimer_MRI_4_classes_dataset/Alzheimer_MRI_4_classes_dataset/NonDemented/3 (38).jpg,Alzheimer_MRI_4_classes_dataset/Alzheimer_MRI_4_classes_dataset/NonDemented/4 (38).jpg,NonDemented,NonDemented,NonDemented,NonDemented,NonDemented_patient38,NonDemented_patient38,True,True,True,3,review_only_not_split_blocking
img_f57ff43ea58a,img_8f470a064180,Alzheimer_MRI_4_classes_dataset/Alzheimer_MRI_4_classes_dataset/NonDemented/3 (41).jpg,Alzheimer_MRI_4_classes_dataset/Alzheimer_MRI_4_classes_dataset/NonDemented/4 (41).jpg,NonDemented,NonDemented,NonDemented,NonDemented,NonDemented_patient41,NonDemented_patient41,True,True,True,1,review_only_not_split_blocking
img_a95df601bab7,img_791cdd47a88c,Alzheimer_MRI_4_classes_dataset/Alzheimer_MRI_4_classes_dataset/NonDemented/3 (43).jpg,Alzheimer_MRI_4_classes_dataset/Alzheimer_MRI_4_classes_dataset/NonDemented/4 (43).jpg,NonDemented,NonDemented,NonDemented,NonDemented,NonDemented_patient43,NonDemented_patient43,True,True,True,4,review_only_not_split_blocking
img_9685f043cace,img_10a4bf0ee23c,Alzheimer_MRI_4_classes_dataset/Alzheimer_MRI_4_classes_dataset/NonDemented/3 (44).jpg,Alzheimer_MRI_4_classes_dataset/Alzheimer_MRI_4_classes_dataset/NonDemented/4 (44).jpg,NonDemented,NonDemented,NonDemented,NonDemented,NonDemented_patient44,NonDemented_patient44,True,True,True,3,review_only_not_split_blocking
img_10c60eb20a30,img_b26079784efd,Alzheimer_MRI_4_classes_dataset/Alzheimer_MRI_4_classes_dataset/NonDemented/3 (48).jpg,Alzheimer_MRI_4_classes_dataset/Alzheimer_MRI_4_classes_dataset/NonDemented/4 (48).jpg,NonDemented,NonDemented,NonDemented,NonDemented,NonDemented_patient48,NonDemented_patient48,True,True,True,3,review_only_not_split_blocking
img_a0b71b6d03ed,img_a8da90e20450,Alzheimer_MRI_4_classes_dataset/Alzheimer_MRI_4_classes_dataset/NonDemented/3 (49).jpg,Alzheimer_MRI_4_classes_dataset/Alzheimer_MRI_4_classes_dataset/NonDemented/4 (49).jpg,NonDemented,NonDemented,NonDemented,NonDemented,NonDemented_patient49,NonDemented_patient49,True,True,True,3,review_only_not_split_blocking
img_29b6930121ae,img_ad193a06586c,Alzheimer_MRI_4_classes_dataset/Alzheimer_MRI_4_classes_dataset/NonDemented/3 (5).jpg,Alzheimer_MRI_4_classes_dataset/Alzheimer_MRI_4_classes_dataset/NonDemented/4 (5).jpg,NonDemented,NonDemented,NonDemented,NonDemented,NonDemented_patient5,NonDemented_patient5,True,True,True,3,review_only_not_split_blocking
img_19f982ef5072,img_3832c1f112a1,Alzheimer_MRI_4_classes_dataset/Alzheimer_MRI_4_classes_dataset/NonDemented/3 (52).jpg,Alzheimer_MRI_4_classes_dataset/Alzheimer_MRI_4_classes_dataset/NonDemented/4 (52).jpg,NonDemented,NonDemented,NonDemented,NonDemented,NonDemented_patient52,NonDemented_patient52,True,True,True,2,review_only_not_split_blocking
img_39208e283b1a,img_58dad9f77e60,Alzheimer_MRI_4_classes_dataset/Alzheimer_MRI_4_classes_dataset/NonDemented/3 (56).jpg,Alzheimer_MRI_4_classes_dataset/Alzheimer_MRI_4_classes_dataset/NonDemented/4 (56).jpg,NonDemented,NonDemented,NonDemented,NonDemented,NonDemented_patient56,NonDemented_patient56,True,True,True,4,review_only_not_split_blocking
img_9600fa6cfb62,img_a293e25ca95c,Alzheimer_MRI_4_classes_dataset/Alzheimer_MRI_4_classes_dataset/NonDemented/3 (58).jpg,Alzheimer_MRI_4_classes_dataset/Alzheimer_MRI_4_classes_dataset/NonDemented/4 (58).jpg,NonDemented,NonDemented,NonDemented,NonDemented,NonDemented_patient58,NonDemented_patient58,True,True,True,1,review_only_not_split_blocking
img_e828664592d8,img_df1d854b86a6,Alzheimer_MRI_4_classes_dataset/Alzheimer_MRI_4_classes_dataset/NonDemented/3 (70).jpg,Alzheimer_MRI_4_classes_dataset/Alzheimer_MRI_4_classes_dataset/NonDemented/4 (70).jpg,NonDemented,NonDemented,NonDemented,NonDemented,NonDemented_patient70,NonDemented_patient70,True,True,True,1,review_only_not_split_blocking
img_e828664592d8,img_89ee7cc5af74,Alzheimer_MRI_4_classes_dataset/Alzheimer_MRI_4_classes_dataset/NonDemented/3 (70).jpg,Alzheimer_MRI_4_classes_dataset/Alzheimer_MRI_4_classes_dataset/VeryMildDemented/1 (62).jpg,NonDemented,VeryMildDemented,NonDemented,Demented,NonDemented_patient70,VeryMildDemented_patient62,False,False,False,4,review_only_not_split_blocking
img_f03f7ea92768,img_e9548d03d1c9,Alzheimer_MRI_4_classes_dataset/Alzheimer_MRI_4_classes_dataset/NonDemented/3 (71).jpg,Alzheimer_MRI_4_classes_dataset/Alzheimer_MRI_4_classes_dataset/NonDemented/4 (71).jpg,NonDemented,NonDemented,NonDemented,NonDemented,NonDemented_patient71,NonDemented_patient71,True,True,True,4,review_only_not_split_blocking
img_8e293cb5d794,img_3bc3b7c90811,Alzheimer_MRI_4_classes_dataset/Alzheimer_MRI_4_classes_dataset/NonDemented/3 (76).jpg,Alzheimer_MRI_4_classes_dataset/Alzheimer_MRI_4_classes_dataset/NonDemented/4 (76).jpg,NonDemented,NonDemented,NonDemented,NonDemented,NonDemented_patient76,NonDemented_patient76,True,True,True,1,review_only_not_split_blocking
img_b75a85ec3835,img_823c71554e5e,Alzheimer_MRI_4_classes_dataset/Alzheimer_MRI_4_classes_dataset/NonDemented/3 (77).jpg,Alzheimer_MRI_4_classes_dataset/Alzheimer_MRI_4_classes_dataset/NonDemented/4 (77).jpg,NonDemented,NonDemented,NonDemented,NonDemented,NonDemented_patient77,NonDemented_patient77,True,True,True,3,review_only_not_split_blocking
img_c1300db70979,img_7a49e55d2900,Alzheimer_MRI_4_classes_dataset/Alzheimer_MRI_4_classes_dataset/NonDemented/3 (79).jpg,Alzheimer_MRI_4_classes_dataset/Alzheimer_MRI_4_classes_dataset/NonDemented/4 (79).jpg,NonDemented,NonDemented,NonDemented,NonDemented,NonDemented_patient79,NonDemented_patient79,True,True,True,1,review_only_not_split_blocking
img_58b7b34e307e,img_5f0b538dcc40,Alzheimer_MRI_4_classes_dataset/Alzheimer_MRI_4_classes_dataset/NonDemented/3 (84).jpg,Alzheimer_MRI_4_classes_dataset/Alzheimer_MRI_4_classes_dataset/NonDemented/4 (84).jpg,NonDemented,NonDemented,NonDemented,NonDemented,NonDemented_patient84,NonDemented_patient84,True,True,True,2,review_only_not_split_blocking
img_ad87791d1542,img_4f10f1703cf6,Alzheimer_MRI_4_classes_dataset/Alzheimer_MRI_4_classes_dataset/NonDemented/3 (89).jpg,Alzheimer_MRI_4_classes_dataset/Alzheimer_MRI_4_classes_dataset/NonDemented/4 (89).jpg,NonDemented,NonDemented,NonDemented,NonDemented,NonDemented_patient89,NonDemented_patient89,True,True,True,4,review_only_not_split_blocking
img_888a81a866a1,img_f7749e1e8372,Alzheimer_MRI_4_classes_dataset/Alzheimer_MRI_4_classes_dataset/NonDemented/3 (92).jpg,Alzheimer_MRI_4_classes_dataset/Alzheimer_MRI_4_classes_dataset/NonDemented/4 (92).jpg,NonDemented,NonDemented,NonDemented,NonDemented,NonDemented_patient92,NonDemented_patient92,True,True,True,3,review_only_not_split_blocking
img_efdf09e747aa,img_f0998f883108,Alzheimer_MRI_4_classes_dataset/Alzheimer_MRI_4_classes_dataset/NonDemented/3 (95).jpg,Alzheimer_MRI_4_classes_dataset/Alzheimer_MRI_4_classes_dataset/NonDemented/4 (95).jpg,NonDemented,NonDemented,NonDemented,NonDemented,NonDemented_patient95,NonDemented_patient95,True,True,True,4,review_only_not_split_blocking
img_628f4c9c8cd9,img_91b1db7e4c14,Alzheimer_MRI_4_classes_dataset/Alzheimer_MRI_4_classes_dataset/NonDemented/3 (96).jpg,Alzheimer_MRI_4_classes_dataset/Alzheimer_MRI_4_classes_dataset/NonDemented/4 (96).jpg,NonDemented,NonDemented,NonDemented,NonDemented,NonDemented_patient96,NonDemented_patient96,True,True,True,2,review_only_not_split_blocking
img_d64c2debd67b,img_a4b02f249dfe,Alzheimer_MRI_4_classes_dataset/Alzheimer_MRI_4_classes_dataset/NonDemented/3 (98).jpg,Alzheimer_MRI_4_classes_dataset/Alzheimer_MRI_4_classes_dataset/NonDemented/4 (98).jpg,NonDemented,NonDemented,NonDemented,NonDemented,NonDemented_patient98,NonDemented_patient98,True,True,True,4,review_only_not_split_blocking
img_abc78db51729,img_dd67dd754f99,Alzheimer_MRI_4_classes_dataset/Alzheimer_MRI_4_classes_dataset/NonDemented/30 (19).jpg,Alzheimer_MRI_4_classes_dataset/Alzheimer_MRI_4_classes_dataset/NonDemented/31 (19).jpg,NonDemented,NonDemented,NonDemented,NonDemented,NonDemented_patient19,NonDemented_patient19,True,True,True,3,review_only_not_split_blocking
img_62b64e50b0dc,img_36c657bff4a3,Alzheimer_MRI_4_classes_dataset/Alzheimer_MRI_4_classes_dataset/NonDemented/30 (25).jpg,Alzheimer_MRI_4_classes_dataset/Alzheimer_MRI_4_classes_dataset/NonDemented/31 (25).jpg,NonDemented,NonDemented,NonDemented,NonDemented,NonDemented_patient25,NonDemented_patient25,True,True,True,1,review_only_not_split_blocking
img_1966c64db6be,img_a4fe8d91d7b1,Alzheimer_MRI_4_classes_dataset/Alzheimer_MRI_4_classes_dataset/NonDemented/30 (28).jpg,Alzheimer_MRI_4_classes_dataset/Alzheimer_MRI_4_classes_dataset/NonDemented/31 (28).jpg,NonDemented,NonDemented,NonDemented,NonDemented,NonDemented_patient28,NonDemented_patient28,True,True,True,2,review_only_not_split_blocking
img_0bbca6d862d4,img_01e896463766,Alzheimer_MRI_4_classes_dataset/Alzheimer_MRI_4_classes_dataset/NonDemented/30 (3).jpg,Alzheimer_MRI_4_classes_dataset/Alzheimer_MRI_4_classes_dataset/NonDemented/31 (3).jpg,NonDemented,NonDemented,NonDemented,NonDemented,NonDemented_patient3,NonDemented_patient3,True,True,True,4,review_only_not_split_blocking
img_2e36090c4139,img_b1cb89a99a55,Alzheimer_MRI_4_classes_dataset/Alzheimer_MRI_4_classes_dataset/NonDemented/30 (30).jpg,Alzheimer_MRI_4_classes_dataset/Alzheimer_MRI_4_classes_dataset/NonDemented/31 (30).jpg,NonDemented,NonDemented,NonDemented,NonDemented,NonDemented_patient30,NonDemented_patient30,True,True,True,4,review_only_not_split_blocking
img_ebc37f8df97d,img_7ba1edffadba,Alzheimer_MRI_4_classes_dataset/Alzheimer_MRI_4_classes_dataset/NonDemented/30 (32).jpg,Alzheimer_MRI_4_classes_dataset/Alzheimer_MRI_4_classes_dataset/NonDemented/31 (32).jpg,NonDemented,NonDemented,NonDemented,NonDemented,NonDemented_patient32,NonDemented_patient32,True,True,True,3,review_only_not_split_blocking
img_0957f430301c,img_132b89b6fe60,Alzheimer_MRI_4_classes_dataset/Alzheimer_MRI_4_classes_dataset/NonDemented/30 (33).jpg,Alzheimer_MRI_4_classes_dataset/Alzheimer_MRI_4_classes_dataset/NonDemented/31 (33).jpg,NonDemented,NonDemented,NonDemented,NonDemented,NonDemented_patient33,NonDemented_patient33,True,True,True,4,review_only_not_split_blocking
img_b7af7b2daa6c,img_d83cdab7f649,Alzheimer_MRI_4_classes_dataset/Alzheimer_MRI_4_classes_dataset/NonDemented/30 (34).jpg,Alzheimer_MRI_4_classes_dataset/Alzheimer_MRI_4_classes_dataset/NonDemented/31 (34).jpg,NonDemented,NonDemented,NonDemented,NonDemented,NonDemented_patient34,NonDemented_patient34,True,True,True,3,review_only_not_split_blocking
img_313088bb06f9,img_c96d91898cae,Alzheimer_MRI_4_classes_dataset/Alzheimer_MRI_4_classes_dataset/NonDemented/30 (35).jpg,Alzheimer_MRI_4_classes_dataset/Alzheimer_MRI_4_classes_dataset/NonDemented/31 (35).jpg,NonDemented,NonDemented,NonDemented,NonDemented,NonDemented_patient35,NonDemented_patient35,True,True,True,4,review_only_not_split_blocking
img_0d95fb35c4d4,img_91ac48047827,Alzheimer_MRI_4_classes_dataset/Alzheimer_MRI_4_classes_dataset/NonDemented/30 (38).jpg,Alzheimer_MRI_4_classes_dataset/Alzheimer_MRI_4_classes_dataset/NonDemented/31 (38).jpg,NonDemented,NonDemented,NonDemented,NonDemented,NonDemented_patient38,NonDemented_patient38,True,True,True,2,review_only_not_split_blocking
img_e6d8286f8b5b,img_3d993d8deecf,Alzheimer_MRI_4_classes_dataset/Alzheimer_MRI_4_classes_dataset/NonDemented/30 (39).jpg,Alzheimer_MRI_4_classes_dataset/Alzheimer_MRI_4_classes_dataset/NonDemented/31 (39).jpg,NonDemented,NonDemented,NonDemented,NonDemented,NonDemented_patient39,NonDemented_patient39,True,True,True,4,review_only_not_split_blocking
img_eb76f7fe4700,img_f0a07549443c,Alzheimer_MRI_4_classes_dataset/Alzheimer_MRI_4_classes_dataset/NonDemented/30 (54).jpg,Alzheimer_MRI_4_classes_dataset/Alzheimer_MRI_4_classes_dataset/NonDemented/31 (54).jpg,NonDemented,NonDemented,NonDemented,NonDemented,NonDemented_patient54,NonDemented_patient54,True,True,True,4,review_only_not_split_blocking
img_5b7aab90e633,img_2458eca8aeac,Alzheimer_MRI_4_classes_dataset/Alzheimer_MRI_4_classes_dataset/NonDemented/30 (55).jpg,Alzheimer_MRI_4_classes_dataset/Alzheimer_MRI_4_classes_dataset/NonDemented/31 (55).jpg,NonDemented,NonDemented,NonDemented,NonDemented,NonDemented_patient55,NonDemented_patient55,True,True,True,4,review_only_not_split_blocking
img_3a6f5ebe9f5c,img_a47975b45dca,Alzheimer_MRI_4_classes_dataset/Alzheimer_MRI_4_classes_dataset/NonDemented/30 (6).jpg,Alzheimer_MRI_4_classes_dataset/Alzheimer_MRI_4_classes_dataset/NonDemented/31 (6).jpg,NonDemented,NonDemented,NonDemented,NonDemented,NonDemented_patient6,NonDemented_patient6,True,True,True,4,review_only_not_split_blocking
img_fc62d4657dca,img_68b4bcc471d6,Alzheimer_MRI_4_classes_dataset/Alzheimer_MRI_4_classes_dataset/NonDemented/30 (63).jpg,Alzheimer_MRI_4_classes_dataset/Alzheimer_MRI_4_classes_dataset/NonDemented/31 (63).jpg,NonDemented,NonDemented,NonDemented,NonDemented,NonDemented_patient63,NonDemented_patient63,True,True,True,4,review_only_not_split_blocking
img_69b2d13402cc,img_6507558b12e1,Alzheimer_MRI_4_classes_dataset/Alzheimer_MRI_4_classes_dataset/NonDemented/30 (64).jpg,Alzheimer_MRI_4_classes_dataset/Alzheimer_MRI_4_classes_dataset/NonDemented/31 (64).jpg,NonDemented,NonDemented,NonDemented,NonDemented,NonDemented_patient64,NonDemented_patient64,True,True,True,1,review_only_not_split_blocking
img_1de7cb160793,img_6ba4b8207bbe,Alzheimer_MRI_4_classes_dataset/Alzheimer_MRI_4_classes_dataset/NonDemented/30 (69).jpg,Alzheimer_MRI_4_classes_dataset/Alzheimer_MRI_4_classes_dataset/NonDemented/31 (69).jpg,NonDemented,NonDemented,NonDemented,NonDemented,NonDemented_patient69,NonDemented_patient69,True,True,True,2,review_only_not_split_blocking
img_1de7cb160793,img_fa9d98119dd0,Alzheimer_MRI_4_classes_dataset/Alzheimer_MRI_4_classes_dataset/NonDemented/30 (69).jpg,Alzheimer_MRI_4_classes_dataset/Alzheimer_MRI_4_classes_dataset/NonDemented/31 (73).jpg,NonDemented,NonDemented,NonDemented,NonDemented,NonDemented_patient69,NonDemented_patient73,False,True,True,4,review_only_not_split_blocking
img_1de7cb160793,img_fef2215f2db7,Alzheimer_MRI_4_classes_dataset/Alzheimer_MRI_4_classes_dataset/NonDemented/30 (69).jpg,Alzheimer_MRI_4_classes_dataset/Alzheimer_MRI_4_classes_dataset/VeryMildDemented/28 (33).jpg,NonDemented,VeryMildDemented,NonDemented,Demented,NonDemented_patient69,VeryMildDemented_patient33,False,False,False,4,review_only_not_split_blocking
img_49e9f0a8d2c1,img_c170838a8c13,Alzheimer_MRI_4_classes_dataset/Alzheimer_MRI_4_classes_dataset/NonDemented/30 (7).jpg,Alzheimer_MRI_4_classes_dataset/Alzheimer_MRI_4_classes_dataset/NonDemented/31 (7).jpg,NonDemented,NonDemented,NonDemented,NonDemented,NonDemented_patient7,NonDemented_patient7,True,True,True,2,review_only_not_split_blocking
img_3bbd6fbd8c78,img_20a11ca12d0e,Alzheimer_MRI_4_classes_dataset/Alzheimer_MRI_4_classes_dataset/NonDemented/30 (71).jpg,Alzheimer_MRI_4_classes_dataset/Alzheimer_MRI_4_classes_dataset/NonDemented/31 (71).jpg,NonDemented,NonDemented,NonDemented,NonDemented,NonDemented_patient71,NonDemented_patient71,True,True,True,3,review_only_not_split_blocking
img_7e8bcf55d9cc,img_74e46bd3cfb3,Alzheimer_MRI_4_classes_dataset/Alzheimer_MRI_4_classes_dataset/NonDemented/30 (77).jpg,Alzheimer_MRI_4_classes_dataset/Alzheimer_MRI_4_classes_dataset/NonDemented/31 (77).jpg,NonDemented,NonDemented,NonDemented,NonDemented,NonDemented_patient77,NonDemented_patient77,True,True,True,3,review_only_not_split_blocking
img_42c56cf6a040,img_56e47cc5b2df,Alzheimer_MRI_4_classes_dataset/Alzheimer_MRI_4_classes_dataset/NonDemented/30 (79).jpg,Alzheimer_MRI_4_classes_dataset/Alzheimer_MRI_4_classes_dataset/NonDemented/31 (79).jpg,NonDemented,NonDemented,NonDemented,NonDemented,NonDemented_patient79,NonDemented_patient79,True,True,True,4,review_only_not_split_blocking
img_8f211bad17f7,img_93dc19b9238a,Alzheimer_MRI_4_classes_dataset/Alzheimer_MRI_4_classes_dataset/NonDemented/30 (8).jpg,Alzheimer_MRI_4_classes_dataset/Alzheimer_MRI_4_classes_dataset/NonDemented/31 (8).jpg,NonDemented,NonDemented,NonDemented,NonDemented,NonDemented_patient8,NonDemented_patient8,True,True,True,3,review_only_not_split_blocking
img_7936797d82ac,img_1d30d79ee1cc,Alzheimer_MRI_4_classes_dataset/Alzheimer_MRI_4_classes_dataset/NonDemented/30 (80).jpg,Alzheimer_MRI_4_classes_dataset/Alzheimer_MRI_4_classes_dataset/NonDemented/31 (80).jpg,NonDemented,NonDemented,NonDemented,NonDemented,NonDemented_patient80,NonDemented_patient80,True,True,True,2,review_only_not_split_blocking
img_6557c5df4e68,img_67ee92a06a60,Alzheimer_MRI_4_classes_dataset/Alzheimer_MRI_4_classes_dataset/NonDemented/30 (81).jpg,Alzheimer_MRI_4_classes_dataset/Alzheimer_MRI_4_classes_dataset/NonDemented/31 (81).jpg,NonDemented,NonDemented,NonDemented,NonDemented,NonDemented_patient81,NonDemented_patient81,True,True,True,2,review_only_not_split_blocking
img_00cd080fd82e,img_061a61850bbd,Alzheimer_MRI_4_classes_dataset/Alzheimer_MRI_4_classes_dataset/NonDemented/30 (84).jpg,Alzheimer_MRI_4_classes_dataset/Alzheimer_MRI_4_classes_dataset/NonDemented/31 (84).jpg,NonDemented,NonDemented,NonDemented,NonDemented,NonDemented_patient84,NonDemented_patient84,True,True,True,4,review_only_not_split_blocking
img_61d3004e7a3e,img_8e62cbe8943d,Alzheimer_MRI_4_classes_dataset/Alzheimer_MRI_4_classes_dataset/NonDemented/30 (90).jpg,Alzheimer_MRI_4_classes_dataset/Alzheimer_MRI_4_classes_dataset/NonDemented/31 (90).jpg,NonDemented,NonDemented,NonDemented,NonDemented,NonDemented_patient90,NonDemented_patient90,True,True,True,4,review_only_not_split_blocking
img_7f9ee464e193,img_3476b28aca1f,Alzheimer_MRI_4_classes_dataset/Alzheimer_MRI_4_classes_dataset/NonDemented/30 (97).jpg,Alzheimer_MRI_4_classes_dataset/Alzheimer_MRI_4_classes_dataset/NonDemented/31 (97).jpg,NonDemented,NonDemented,NonDemented,NonDemented,NonDemented_patient97,NonDemented_patient97,True,True,True,4,review_only_not_split_blocking
img_8707b9c66c08,img_0d9e6ea3fea8,Alzheimer_MRI_4_classes_dataset/Alzheimer_MRI_4_classes_dataset/NonDemented/30 (98).jpg,Alzheimer_MRI_4_classes_dataset/Alzheimer_MRI_4_classes_dataset/NonDemented/31 (98).jpg,NonDemented,NonDemented,NonDemented,NonDemented,NonDemented_patient98,NonDemented_patient98,True,True,True,4,review_only_not_split_blocking
img_f9871b5fa64e,img_4eccdf06ea3c,Alzheimer_MRI_4_classes_dataset/Alzheimer_MRI_4_classes_dataset/NonDemented/31 (13).jpg,Alzheimer_MRI_4_classes_dataset/Alzheimer_MRI_4_classes_dataset/NonDemented/32 (13).jpg,NonDemented,NonDemented,NonDemented,NonDemented,NonDemented_patient13,NonDemented_patient13,True,True,True,2,review_only_not_split_blocking
img_9ad0bab07aec,img_30ed7b6f5a43,Alzheimer_MRI_4_classes_dataset/Alzheimer_MRI_4_classes_dataset/NonDemented/31 (20).jpg,Alzheimer_MRI_4_classes_dataset/Alzheimer_MRI_4_classes_dataset/NonDemented/32 (20).jpg,NonDemented,NonDemented,NonDemented,NonDemented,NonDemented_patient20,NonDemented_patient20,True,True,True,4,review_only_not_split_blocking
img_0becccb6afbb,img_68b4bcc471d6,Alzheimer_MRI_4_classes_dataset/Alzheimer_MRI_4_classes_dataset/NonDemented/31 (21).jpg,Alzheimer_MRI_4_classes_dataset/Alzheimer_MRI_4_classes_dataset/NonDemented/31 (63).jpg,NonDemented,NonDemented,NonDemented,NonDemented,NonDemented_patient21,NonDemented_patient63,False,True,True,4,review_only_not_split_blocking
img_0becccb6afbb,img_dd2f2801cbad,Alzheimer_MRI_4_classes_dataset/Alzheimer_MRI_4_classes_dataset/NonDemented/31 (21).jpg,Alzheimer_MRI_4_classes_dataset/Alzheimer_MRI_4_classes_dataset/NonDemented/32 (63).jpg,NonDemented,NonDemented,NonDemented,NonDemented,NonDemented_patient21,NonDemented_patient63,False,True,True,3,review_only_not_split_blocking
img_cc8a5f7078fb,img_ed136adf1449,Alzheimer_MRI_4_classes_dataset/Alzheimer_MRI_4_classes_dataset/NonDemented/31 (37).jpg,Alzheimer_MRI_4_classes_dataset/Alzheimer_MRI_4_classes_dataset/NonDemented/32 (37).jpg,NonDemented,NonDemented,NonDemented,NonDemented,NonDemented_patient37,NonDemented_patient37,True,True,True,3,review_only_not_split_blocking
img_3d993d8deecf,img_4f036398012a,Alzheimer_MRI_4_classes_dataset/Alzheimer_MRI_4_classes_dataset/NonDemented/31 (39).jpg,Alzheimer_MRI_4_classes_dataset/Alzheimer_MRI_4_classes_dataset/NonDemented/32 (39).jpg,NonDemented,NonDemented,NonDemented,NonDemented,NonDemented_patient39,NonDemented_patient39,True,True,True,4,review_only_not_split_blocking
img_99c7447a5e29,img_05a965ee0fd1,Alzheimer_MRI_4_classes_dataset/Alzheimer_MRI_4_classes_dataset/NonDemented/31 (40).jpg,Alzheimer_MRI_4_classes_dataset/Alzheimer_MRI_4_classes_dataset/NonDemented/32 (40).jpg,NonDemented,NonDemented,NonDemented,NonDemented,NonDemented_patient40,NonDemented_patient40,True,True,True,4,review_only_not_split_blocking
img_f9c25b012bd9,img_c88c08db1fb5,Alzheimer_MRI_4_classes_dataset/Alzheimer_MRI_4_classes_dataset/NonDemented/31 (59).jpg,Alzheimer_MRI_4_classes_dataset/Alzheimer_MRI_4_classes_dataset/NonDemented/32 (59).jpg,NonDemented,NonDemented,NonDemented,NonDemented,NonDemented_patient59,NonDemented_patient59,True,True,True,4,review_only_not_split_blocking
img_68b4bcc471d6,img_dd2f2801cbad,Alzheimer_MRI_4_classes_dataset/Alzheimer_MRI_4_classes_dataset/NonDemented/31 (63).jpg,Alzheimer_MRI_4_classes_dataset/Alzheimer_MRI_4_classes_dataset/NonDemented/32 (63).jpg,NonDemented,NonDemented,NonDemented,NonDemented,NonDemented_patient63,NonDemented_patient63,True,True,True,3,review_only_not_split_blocking
img_fa9d98119dd0,img_fef2215f2db7,Alzheimer_MRI_4_classes_dataset/Alzheimer_MRI_4_classes_dataset/NonDemented/31 (73).jpg,Alzheimer_MRI_4_classes_dataset/Alzheimer_MRI_4_classes_dataset/VeryMildDemented/28 (33).jpg,NonDemented,VeryMildDemented,NonDemented,Demented,NonDemented_patient73,VeryMildDemented_patient33,False,False,False,4,review_only_not_split_blocking
img_fa9d98119dd0,img_a71e76b8e6fd,Alzheimer_MRI_4_classes_dataset/Alzheimer_MRI_4_classes_dataset/NonDemented/31 (73).jpg,Alzheimer_MRI_4_classes_dataset/Alzheimer_MRI_4_classes_dataset/VeryMildDemented/30 (33).jpg,NonDemented,VeryMildDemented,NonDemented,Demented,NonDemented_patient73,VeryMildDemented_patient33,False,False,False,4,review_only_not_split_blocking
img_2cbfa2637172,img_39e90bcedc8e,Alzheimer_MRI_4_classes_dataset/Alzheimer_MRI_4_classes_dataset/NonDemented/31 (83).jpg,Alzheimer_MRI_4_classes_dataset/Alzheimer_MRI_4_classes_dataset/NonDemented/32 (83).jpg,NonDemented,NonDemented,NonDemented,NonDemented,NonDemented_patient83,NonDemented_patient83,True,True,True,4,review_only_not_split_blocking
img_8e62cbe8943d,img_eee34d41ce9f,Alzheimer_MRI_4_classes_dataset/Alzheimer_MRI_4_classes_dataset/NonDemented/31 (90).jpg,Alzheimer_MRI_4_classes_dataset/Alzheimer_MRI_4_classes_dataset/NonDemented/32 (90).jpg,NonDemented,NonDemented,NonDemented,NonDemented,NonDemented_patient90,NonDemented_patient90,True,True,True,4,review_only_not_split_blocking
img_a532e74ea2dc,img_eaa51cb667ae,Alzheimer_MRI_4_classes_dataset/Alzheimer_MRI_4_classes_dataset/NonDemented/31 (92).jpg,Alzheimer_MRI_4_classes_dataset/Alzheimer_MRI_4_classes_dataset/NonDemented/32 (92).jpg,NonDemented,NonDemented,NonDemented,NonDemented,NonDemented_patient92,NonDemented_patient92,True,True,True,4,review_only_not_split_blocking
img_3fe82e42b042,img_27082e4f16b7,Alzheimer_MRI_4_classes_dataset/Alzheimer_MRI_4_classes_dataset/NonDemented/4 (27).jpg,Alzheimer_MRI_4_classes_dataset/Alzheimer_MRI_4_classes_dataset/NonDemented/5 (27).jpg,NonDemented,NonDemented,NonDemented,NonDemented,NonDemented_patient27,NonDemented_patient27,True,True,True,4,review_only_not_split_blocking
img_da420f6ccaae,img_b09312c07a40,Alzheimer_MRI_4_classes_dataset/Alzheimer_MRI_4_classes_dataset/NonDemented/4 (30).jpg,Alzheimer_MRI_4_classes_dataset/Alzheimer_MRI_4_classes_dataset/NonDemented/5 (30).jpg,NonDemented,NonDemented,NonDemented,NonDemented,NonDemented_patient30,NonDemented_patient30,True,True,True,3,review_only_not_split_blocking
img_263b48f0155b,img_9955f1057f04,Alzheimer_MRI_4_classes_dataset/Alzheimer_MRI_4_classes_dataset/NonDemented/4 (31).jpg,Alzheimer_MRI_4_classes_dataset/Alzheimer_MRI_4_classes_dataset/NonDemented/5 (31).jpg,NonDemented,NonDemented,NonDemented,NonDemented,NonDemented_patient31,NonDemented_patient31,True,True,True,1,review_only_not_split_blocking
img_35295a20becf,img_d98e6d8a55af,Alzheimer_MRI_4_classes_dataset/Alzheimer_MRI_4_classes_dataset/NonDemented/4 (32).jpg,Alzheimer_MRI_4_classes_dataset/Alzheimer_MRI_4_classes_dataset/NonDemented/5 (32).jpg,NonDemented,NonDemented,NonDemented,NonDemented,NonDemented_patient32,NonDemented_patient32,True,True,True,4,review_only_not_split_blocking
img_eea0e5595697,img_ea3772801ca5,Alzheimer_MRI_4_classes_dataset/Alzheimer_MRI_4_classes_dataset/NonDemented/4 (39).jpg,Alzheimer_MRI_4_classes_dataset/Alzheimer_MRI_4_classes_dataset/NonDemented/5 (39).jpg,NonDemented,NonDemented,NonDemented,NonDemented,NonDemented_patient39,NonDemented_patient39,True,True,True,2,review_only_not_split_blocking
img_bd291e1d2476,img_3d39afff9b21,Alzheimer_MRI_4_classes_dataset/Alzheimer_MRI_4_classes_dataset/NonDemented/4 (4).jpg,Alzheimer_MRI_4_classes_dataset/Alzheimer_MRI_4_classes_dataset/NonDemented/5 (4).jpg,NonDemented,NonDemented,NonDemented,NonDemented,NonDemented_patient4,NonDemented_patient4,True,True,True,4,review_only_not_split_blocking
img_4f2fb5a0d92f,img_bea28526bd08,Alzheimer_MRI_4_classes_dataset/Alzheimer_MRI_4_classes_dataset/NonDemented/4 (40).jpg,Alzheimer_MRI_4_classes_dataset/Alzheimer_MRI_4_classes_dataset/NonDemented/5 (40).jpg,NonDemented,NonDemented,NonDemented,NonDemented,NonDemented_patient40,NonDemented_patient40,True,True,True,2,review_only_not_split_blocking
img_ad193a06586c,img_3dad74dd0aa2,Alzheimer_MRI_4_classes_dataset/Alzheimer_MRI_4_classes_dataset/NonDemented/4 (5).jpg,Alzheimer_MRI_4_classes_dataset/Alzheimer_MRI_4_classes_dataset/NonDemented/5 (5).jpg,NonDemented,NonDemented,NonDemented,NonDemented,NonDemented_patient5,NonDemented_patient5,True,True,True,3,review_only_not_split_blocking
img_07b0c223d674,img_7264bd00d53a,Alzheimer_MRI_4_classes_dataset/Alzheimer_MRI_4_classes_dataset/NonDemented/4 (51).jpg,Alzheimer_MRI_4_classes_dataset/Alzheimer_MRI_4_classes_dataset/NonDemented/5 (51).jpg,NonDemented,NonDemented,NonDemented,NonDemented,NonDemented_patient51,NonDemented_patient51,True,True,True,4,review_only_not_split_blocking
img_0749918b0daf,img_596e64973c94,Alzheimer_MRI_4_classes_dataset/Alzheimer_MRI_4_classes_dataset/NonDemented/4 (53).jpg,Alzheimer_MRI_4_classes_dataset/Alzheimer_MRI_4_classes_dataset/NonDemented/5 (53).jpg,NonDemented,NonDemented,NonDemented,NonDemented,NonDemented_patient53,NonDemented_patient53,True,True,True,4,review_only_not_split_blocking
img_599eca28e260,img_c7748669a1b5,Alzheimer_MRI_4_classes_dataset/Alzheimer_MRI_4_classes_dataset/NonDemented/4 (55).jpg,Alzheimer_MRI_4_classes_dataset/Alzheimer_MRI_4_classes_dataset/NonDemented/5 (55).jpg,NonDemented,NonDemented,NonDemented,NonDemented,NonDemented_patient55,NonDemented_patient55,True,True,True,4,review_only_not_split_blocking
img_58dad9f77e60,img_3afdd6096cf5,Alzheimer_MRI_4_classes_dataset/Alzheimer_MRI_4_classes_dataset/NonDemented/4 (56).jpg,Alzheimer_MRI_4_classes_dataset/Alzheimer_MRI_4_classes_dataset/NonDemented/5 (56).jpg,NonDemented,NonDemented,NonDemented,NonDemented,NonDemented_patient56,NonDemented_patient56,True,True,True,3,review_only_not_split_blocking
img_21e98bce5d6e,img_1b364205ca17,Alzheimer_MRI_4_classes_dataset/Alzheimer_MRI_4_classes_dataset/NonDemented/4 (57).jpg,Alzheimer_MRI_4_classes_dataset/Alzheimer_MRI_4_classes_dataset/NonDemented/5 (57).jpg,NonDemented,NonDemented,NonDemented,NonDemented,NonDemented_patient57,NonDemented_patient57,True,True,True,3,review_only_not_split_blocking
img_a522df3f67c9,img_2bae271b7f03,Alzheimer_MRI_4_classes_dataset/Alzheimer_MRI_4_classes_dataset/NonDemented/4 (6).jpg,Alzheimer_MRI_4_classes_dataset/Alzheimer_MRI_4_classes_dataset/NonDemented/5 (6).jpg,NonDemented,NonDemented,NonDemented,NonDemented,NonDemented_patient6,NonDemented_patient6,True,True,True,1,review_only_not_split_blocking
img_eaa48d6f2922,img_37c330b36737,Alzheimer_MRI_4_classes_dataset/Alzheimer_MRI_4_classes_dataset/NonDemented/4 (60).jpg,Alzheimer_MRI_4_classes_dataset/Alzheimer_MRI_4_classes_dataset/NonDemented/5 (60).jpg,NonDemented,NonDemented,NonDemented,NonDemented,NonDemented_patient60,NonDemented_patient60,True,True,True,4,review_only_not_split_blocking
img_df1d854b86a6,img_89ee7cc5af74,Alzheimer_MRI_4_classes_dataset/Alzheimer_MRI_4_classes_dataset/NonDemented/4 (70).jpg,Alzheimer_MRI_4_classes_dataset/Alzheimer_MRI_4_classes_dataset/VeryMildDemented/1 (62).jpg,NonDemented,VeryMildDemented,NonDemented,Demented,NonDemented_patient70,VeryMildDemented_patient62,False,False,False,3,review_only_not_split_blocking
img_bfd151d7a008,img_c06d28d767ba,Alzheimer_MRI_4_classes_dataset/Alzheimer_MRI_4_classes_dataset/NonDemented/4 (72).jpg,Alzheimer_MRI_4_classes_dataset/Alzheimer_MRI_4_classes_dataset/NonDemented/5 (72).jpg,NonDemented,NonDemented,NonDemented,NonDemented,NonDemented_patient72,NonDemented_patient72,True,True,True,3,review_only_not_split_blocking
img_cda8bb0a80d0,img_1f424a50a644,Alzheimer_MRI_4_classes_dataset/Alzheimer_MRI_4_classes_dataset/NonDemented/4 (74).jpg,Alzheimer_MRI_4_classes_dataset/Alzheimer_MRI_4_classes_dataset/NonDemented/5 (74).jpg,NonDemented,NonDemented,NonDemented,NonDemented,NonDemented_patient74,NonDemented_patient74,True,True,True,3,review_only_not_split_blocking
img_2bce024c3c05,img_791ef51361c2,Alzheimer_MRI_4_classes_dataset/Alzheimer_MRI_4_classes_dataset/NonDemented/4 (83).jpg,Alzheimer_MRI_4_classes_dataset/Alzheimer_MRI_4_classes_dataset/NonDemented/5 (83).jpg,NonDemented,NonDemented,NonDemented,NonDemented,NonDemented_patient83,NonDemented_patient83,True,True,True,3,review_only_not_split_blocking
img_87d5d8fab53e,img_a7f6bc26124e,Alzheimer_MRI_4_classes_dataset/Alzheimer_MRI_4_classes_dataset/NonDemented/4 (88).jpg,Alzheimer_MRI_4_classes_dataset/Alzheimer_MRI_4_classes_dataset/NonDemented/5 (88).jpg,NonDemented,NonDemented,NonDemented,NonDemented,NonDemented_patient88,NonDemented_patient88,True,True,True,4,review_only_not_split_blocking
img_7c90973dd61a,img_7d9b17997341,Alzheimer_MRI_4_classes_dataset/Alzheimer_MRI_4_classes_dataset/NonDemented/4 (94).jpg,Alzheimer_MRI_4_classes_dataset/Alzheimer_MRI_4_classes_dataset/NonDemented/5 (94).jpg,NonDemented,NonDemented,NonDemented,NonDemented,NonDemented_patient94,NonDemented_patient94,True,True,True,4,review_only_not_split_blocking
img_91b1db7e4c14,img_c67a3c0fcaa3,Alzheimer_MRI_4_classes_dataset/Alzheimer_MRI_4_classes_dataset/NonDemented/4 (96).jpg,Alzheimer_MRI_4_classes_dataset/Alzheimer_MRI_4_classes_dataset/NonDemented/5 (96).jpg,NonDemented,NonDemented,NonDemented,NonDemented,NonDemented_patient96,NonDemented_patient96,True,True,True,3,review_only_not_split_blocking
img_5498bf36a526,img_4e741a953089,Alzheimer_MRI_4_classes_dataset/Alzheimer_MRI_4_classes_dataset/NonDemented/4 (99).jpg,Alzheimer_MRI_4_classes_dataset/Alzheimer_MRI_4_classes_dataset/NonDemented/5 (99).jpg,NonDemented,NonDemented,NonDemented,NonDemented,NonDemented_patient99,NonDemented_patient99,True,True,True,3,review_only_not_split_blocking
img_9ca2fab1971b,img_0b40e9c8fc73,Alzheimer_MRI_4_classes_dataset/Alzheimer_MRI_4_classes_dataset/NonDemented/5 (100).jpg,Alzheimer_MRI_4_classes_dataset/Alzheimer_MRI_4_classes_dataset/NonDemented/6 (100).jpg,NonDemented,NonDemented,NonDemented,NonDemented,NonDemented_patient100,NonDemented_patient100,True,True,True,1,review_only_not_split_blocking
img_6f4d5bfca05e,img_e1559c2a3e3d,Alzheimer_MRI_4_classes_dataset/Alzheimer_MRI_4_classes_dataset/NonDemented/5 (11).jpg,Alzheimer_MRI_4_classes_dataset/Alzheimer_MRI_4_classes_dataset/NonDemented/6 (11).jpg,NonDemented,NonDemented,NonDemented,NonDemented,NonDemented_patient11,NonDemented_patient11,True,True,True,3,review_only_not_split_blocking
img_042ea86cbb88,img_e97af656e2f7,Alzheimer_MRI_4_classes_dataset/Alzheimer_MRI_4_classes_dataset/NonDemented/5 (14).jpg,Alzheimer_MRI_4_classes_dataset/Alzheimer_MRI_4_classes_dataset/NonDemented/6 (14).jpg,NonDemented,NonDemented,NonDemented,NonDemented,NonDemented_patient14,NonDemented_patient14,True,True,True,3,review_only_not_split_blocking
img_dc278b45e736,img_32125b7bc202,Alzheimer_MRI_4_classes_dataset/Alzheimer_MRI_4_classes_dataset/NonDemented/5 (20).jpg,Alzheimer_MRI_4_classes_dataset/Alzheimer_MRI_4_classes_dataset/NonDemented/6 (20).jpg,NonDemented,NonDemented,NonDemented,NonDemented,NonDemented_patient20,NonDemented_patient20,True,True,True,4,review_only_not_split_blocking
img_e71369db3cb4,img_b78585f8d2b8,Alzheimer_MRI_4_classes_dataset/Alzheimer_MRI_4_classes_dataset/NonDemented/5 (24).jpg,Alzheimer_MRI_4_classes_dataset/Alzheimer_MRI_4_classes_dataset/NonDemented/6 (24).jpg,NonDemented,NonDemented,NonDemented,NonDemented,NonDemented_patient24,NonDemented_patient24,True,True,True,4,review_only_not_split_blocking
img_8139a4f9fbc2,img_1aadecfd5b94,Alzheimer_MRI_4_classes_dataset/Alzheimer_MRI_4_classes_dataset/NonDemented/5 (29).jpg,Alzheimer_MRI_4_classes_dataset/Alzheimer_MRI_4_classes_dataset/NonDemented/6 (29).jpg,NonDemented,NonDemented,NonDemented,NonDemented,NonDemented_patient29,NonDemented_patient29,True,True,True,4,review_only_not_split_blocking
img_b09312c07a40,img_145a024f5e4f,Alzheimer_MRI_4_classes_dataset/Alzheimer_MRI_4_classes_dataset/NonDemented/5 (30).jpg,Alzheimer_MRI_4_classes_dataset/Alzheimer_MRI_4_classes_dataset/NonDemented/6 (30).jpg,NonDemented,NonDemented,NonDemented,NonDemented,NonDemented_patient30,NonDemented_patient30,True,True,True,3,review_only_not_split_blocking
img_3502f328ea69,img_c066dc0a9bfd,Alzheimer_MRI_4_classes_dataset/Alzheimer_MRI_4_classes_dataset/NonDemented/5 (45).jpg,Alzheimer_MRI_4_classes_dataset/Alzheimer_MRI_4_classes_dataset/NonDemented/6 (45).jpg,NonDemented,NonDemented,NonDemented,NonDemented,NonDemented_patient45,NonDemented_patient45,True,True,True,3,review_only_not_split_blocking
img_36a66fc36821,img_98347e5abe56,Alzheimer_MRI_4_classes_dataset/Alzheimer_MRI_4_classes_dataset/NonDemented/5 (54).jpg,Alzheimer_MRI_4_classes_dataset/Alzheimer_MRI_4_classes_dataset/NonDemented/6 (54).jpg,NonDemented,NonDemented,NonDemented,NonDemented,NonDemented_patient54,NonDemented_patient54,True,True,True,4,review_only_not_split_blocking
img_36a66fc36821,img_d7b783d24e11,Alzheimer_MRI_4_classes_dataset/Alzheimer_MRI_4_classes_dataset/NonDemented/5 (54).jpg,Alzheimer_MRI_4_classes_dataset/Alzheimer_MRI_4_classes_dataset/NonDemented/7 (54).jpg,NonDemented,NonDemented,NonDemented,NonDemented,NonDemented_patient54,NonDemented_patient54,True,True,True,4,review_only_not_split_blocking
img_16c581e2c1d3,img_e675019d4b7b,Alzheimer_MRI_4_classes_dataset/Alzheimer_MRI_4_classes_dataset/NonDemented/5 (65).jpg,Alzheimer_MRI_4_classes_dataset/Alzheimer_MRI_4_classes_dataset/NonDemented/6 (65).jpg,NonDemented,NonDemented,NonDemented,NonDemented,NonDemented_patient65,NonDemented_patient65,True,True,True,3,review_only_not_split_blocking
img_d8eb20883ad7,img_4ca6c6f5b1df,Alzheimer_MRI_4_classes_dataset/Alzheimer_MRI_4_classes_dataset/NonDemented/5 (69).jpg,Alzheimer_MRI_4_classes_dataset/Alzheimer_MRI_4_classes_dataset/NonDemented/6 (69).jpg,NonDemented,NonDemented,NonDemented,NonDemented,NonDemented_patient69,NonDemented_patient69,True,True,True,3,review_only_not_split_blocking
img_c06d28d767ba,img_da0770c00041,Alzheimer_MRI_4_classes_dataset/Alzheimer_MRI_4_classes_dataset/NonDemented/5 (72).jpg,Alzheimer_MRI_4_classes_dataset/Alzheimer_MRI_4_classes_dataset/NonDemented/6 (72).jpg,NonDemented,NonDemented,NonDemented,NonDemented,NonDemented_patient72,NonDemented_patient72,True,True,True,3,review_only_not_split_blocking
img_e9ea53f86af7,img_f0eed7fd36c7,Alzheimer_MRI_4_classes_dataset/Alzheimer_MRI_4_classes_dataset/NonDemented/5 (73).jpg,Alzheimer_MRI_4_classes_dataset/Alzheimer_MRI_4_classes_dataset/NonDemented/6 (73).jpg,NonDemented,NonDemented,NonDemented,NonDemented,NonDemented_patient73,NonDemented_patient73,True,True,True,4,review_only_not_split_blocking
img_c81551630a99,img_123f7d3ab95b,Alzheimer_MRI_4_classes_dataset/Alzheimer_MRI_4_classes_dataset/NonDemented/5 (82).jpg,Alzheimer_MRI_4_classes_dataset/Alzheimer_MRI_4_classes_dataset/NonDemented/6 (82).jpg,NonDemented,NonDemented,NonDemented,NonDemented,NonDemented_patient82,NonDemented_patient82,True,True,True,4,review_only_not_split_blocking
img_b47dad77765c,img_398189880883,Alzheimer_MRI_4_classes_dataset/Alzheimer_MRI_4_classes_dataset/NonDemented/5 (90).jpg,Alzheimer_MRI_4_classes_dataset/Alzheimer_MRI_4_classes_dataset/NonDemented/6 (90).jpg,NonDemented,NonDemented,NonDemented,NonDemented,NonDemented_patient90,NonDemented_patient90,True,True,True,4,review_only_not_split_blocking
img_bd88b85fb659,img_b9abe5fd211d,Alzheimer_MRI_4_classes_dataset/Alzheimer_MRI_4_classes_dataset/NonDemented/5 (91).jpg,Alzheimer_MRI_4_classes_dataset/Alzheimer_MRI_4_classes_dataset/NonDemented/6 (91).jpg,NonDemented,NonDemented,NonDemented,NonDemented,NonDemented_patient91,NonDemented_patient91,True,True,True,3,review_only_not_split_blocking
img_7d9b17997341,img_ac1b9b483140,Alzheimer_MRI_4_classes_dataset/Alzheimer_MRI_4_classes_dataset/NonDemented/5 (94).jpg,Alzheimer_MRI_4_classes_dataset/Alzheimer_MRI_4_classes_dataset/NonDemented/6 (94).jpg,NonDemented,NonDemented,NonDemented,NonDemented,NonDemented_patient94,NonDemented_patient94,True,True,True,2,review_only_not_split_blocking
img_c67a3c0fcaa3,img_b0efb913ee8f,Alzheimer_MRI_4_classes_dataset/Alzheimer_MRI_4_classes_dataset/NonDemented/5 (96).jpg,Alzheimer_MRI_4_classes_dataset/Alzheimer_MRI_4_classes_dataset/NonDemented/6 (96).jpg,NonDemented,NonDemented,NonDemented,NonDemented,NonDemented_patient96,NonDemented_patient96,True,True,True,3,review_only_not_split_blocking
img_4e741a953089,img_372fbcf826c8,Alzheimer_MRI_4_classes_dataset/Alzheimer_MRI_4_classes_dataset/NonDemented/5 (99).jpg,Alzheimer_MRI_4_classes_dataset/Alzheimer_MRI_4_classes_dataset/NonDemented/6 (99).jpg,NonDemented,NonDemented,NonDemented,NonDemented,NonDemented_patient99,NonDemented_patient99,True,True,True,3,review_only_not_split_blocking
img_9b577397fb09,img_c9b1149c72ec,Alzheimer_MRI_4_classes_dataset/Alzheimer_MRI_4_classes_dataset/NonDemented/5.jpg,Alzheimer_MRI_4_classes_dataset/Alzheimer_MRI_4_classes_dataset/NonDemented/6.jpg,NonDemented,NonDemented,NonDemented,NonDemented,NonDemented_unique_5_c2ab63ac8178,NonDemented_unique_6_d087327a9210,False,True,True,4,review_only_not_split_blocking
img_e97af656e2f7,img_5df2efd48676,Alzheimer_MRI_4_classes_dataset/Alzheimer_MRI_4_classes_dataset/NonDemented/6 (14).jpg,Alzheimer_MRI_4_classes_dataset/Alzheimer_MRI_4_classes_dataset/NonDemented/7 (14).jpg,NonDemented,NonDemented,NonDemented,NonDemented,NonDemented_patient14,NonDemented_patient14,True,True,True,4,review_only_not_split_blocking
img_32125b7bc202,img_6f82fa9d5f0e,Alzheimer_MRI_4_classes_dataset/Alzheimer_MRI_4_classes_dataset/NonDemented/6 (20).jpg,Alzheimer_MRI_4_classes_dataset/Alzheimer_MRI_4_classes_dataset/NonDemented/7 (20).jpg,NonDemented,NonDemented,NonDemented,NonDemented,NonDemented_patient20,NonDemented_patient20,True,True,True,3,review_only_not_split_blocking
img_b78585f8d2b8,img_27bbeb21b879,Alzheimer_MRI_4_classes_dataset/Alzheimer_MRI_4_classes_dataset/NonDemented/6 (24).jpg,Alzheimer_MRI_4_classes_dataset/Alzheimer_MRI_4_classes_dataset/NonDemented/7 (24).jpg,NonDemented,NonDemented,NonDemented,NonDemented,NonDemented_patient24,NonDemented_patient24,True,True,True,3,review_only_not_split_blocking
img_04f835ae4dc0,img_5c3422549c48,Alzheimer_MRI_4_classes_dataset/Alzheimer_MRI_4_classes_dataset/NonDemented/6 (26).jpg,Alzheimer_MRI_4_classes_dataset/Alzheimer_MRI_4_classes_dataset/NonDemented/7 (26).jpg,NonDemented,NonDemented,NonDemented,NonDemented,NonDemented_patient26,NonDemented_patient26,True,True,True,4,review_only_not_split_blocking
img_d8377a0bd181,img_8387bade9e1c,Alzheimer_MRI_4_classes_dataset/Alzheimer_MRI_4_classes_dataset/NonDemented/6 (31).jpg,Alzheimer_MRI_4_classes_dataset/Alzheimer_MRI_4_classes_dataset/NonDemented/7 (31).jpg,NonDemented,NonDemented,NonDemented,NonDemented,NonDemented_patient31,NonDemented_patient31,True,True,True,4,review_only_not_split_blocking
img_98347e5abe56,img_d7b783d24e11,Alzheimer_MRI_4_classes_dataset/Alzheimer_MRI_4_classes_dataset/NonDemented/6 (54).jpg,Alzheimer_MRI_4_classes_dataset/Alzheimer_MRI_4_classes_dataset/NonDemented/7 (54).jpg,NonDemented,NonDemented,NonDemented,NonDemented,NonDemented_patient54,NonDemented_patient54,True,True,True,2,review_only_not_split_blocking
img_0fa21dfb68da,img_0abbf11b9fae,Alzheimer_MRI_4_classes_dataset/Alzheimer_MRI_4_classes_dataset/NonDemented/6 (59).jpg,Alzheimer_MRI_4_classes_dataset/Alzheimer_MRI_4_classes_dataset/NonDemented/7 (59).jpg,NonDemented,NonDemented,NonDemented,NonDemented,NonDemented_patient59,NonDemented_patient59,True,True,True,4,review_only_not_split_blocking
img_1690a15e20d6,img_2fb23f67e062,Alzheimer_MRI_4_classes_dataset/Alzheimer_MRI_4_classes_dataset/NonDemented/6 (63).jpg,Alzheimer_MRI_4_classes_dataset/Alzheimer_MRI_4_classes_dataset/NonDemented/7 (63).jpg,NonDemented,NonDemented,NonDemented,NonDemented,NonDemented_patient63,NonDemented_patient63,True,True,True,3,review_only_not_split_blocking
img_c6cd48ab01b6,img_6da91a8ec544,Alzheimer_MRI_4_classes_dataset/Alzheimer_MRI_4_classes_dataset/NonDemented/6 (66).jpg,Alzheimer_MRI_4_classes_dataset/Alzheimer_MRI_4_classes_dataset/NonDemented/7 (66).jpg,NonDemented,NonDemented,NonDemented,NonDemented,NonDemented_patient66,NonDemented_patient66,True,True,True,3,review_only_not_split_blocking
img_4ca6c6f5b1df,img_adcd65811325,Alzheimer_MRI_4_classes_dataset/Alzheimer_MRI_4_classes_dataset/NonDemented/6 (69).jpg,Alzheimer_MRI_4_classes_dataset/Alzheimer_MRI_4_classes_dataset/NonDemented/7 (69).jpg,NonDemented,NonDemented,NonDemented,NonDemented,NonDemented_patient69,NonDemented_patient69,True,True,True,2,review_only_not_split_blocking
img_0f6fcc472ad9,img_c84136e8e241,Alzheimer_MRI_4_classes_dataset/Alzheimer_MRI_4_classes_dataset/NonDemented/6 (71).jpg,Alzheimer_MRI_4_classes_dataset/Alzheimer_MRI_4_classes_dataset/NonDemented/7 (71).jpg,NonDemented,NonDemented,NonDemented,NonDemented,NonDemented_patient71,NonDemented_patient71,True,True,True,4,review_only_not_split_blocking
img_cfb5880b379d,img_492a8bd5b683,Alzheimer_MRI_4_classes_dataset/Alzheimer_MRI_4_classes_dataset/NonDemented/6 (8).jpg,Alzheimer_MRI_4_classes_dataset/Alzheimer_MRI_4_classes_dataset/NonDemented/7 (8).jpg,NonDemented,NonDemented,NonDemented,NonDemented,NonDemented_patient8,NonDemented_patient8,True,True,True,3,review_only_not_split_blocking
img_6e4acdedd0ef,img_f822314d5af9,Alzheimer_MRI_4_classes_dataset/Alzheimer_MRI_4_classes_dataset/NonDemented/6 (80).jpg,Alzheimer_MRI_4_classes_dataset/Alzheimer_MRI_4_classes_dataset/NonDemented/7 (80).jpg,NonDemented,NonDemented,NonDemented,NonDemented,NonDemented_patient80,NonDemented_patient80,True,True,True,3,review_only_not_split_blocking
img_b0efb913ee8f,img_ca105fb99cc8,Alzheimer_MRI_4_classes_dataset/Alzheimer_MRI_4_classes_dataset/NonDemented/6 (96).jpg,Alzheimer_MRI_4_classes_dataset/Alzheimer_MRI_4_classes_dataset/NonDemented/7 (96).jpg,NonDemented,NonDemented,NonDemented,NonDemented,NonDemented_patient96,NonDemented_patient96,True,True,True,3,review_only_not_split_blocking
img_5b0e442f8a51,img_4e24a2748501,Alzheimer_MRI_4_classes_dataset/Alzheimer_MRI_4_classes_dataset/NonDemented/7 (13).jpg,Alzheimer_MRI_4_classes_dataset/Alzheimer_MRI_4_classes_dataset/NonDemented/8 (13).jpg,NonDemented,NonDemented,NonDemented,NonDemented,NonDemented_patient13,NonDemented_patient13,True,True,True,3,review_only_not_split_blocking
img_6f82fa9d5f0e,img_a9b133608af5,Alzheimer_MRI_4_classes_dataset/Alzheimer_MRI_4_classes_dataset/NonDemented/7 (20).jpg,Alzheimer_MRI_4_classes_dataset/Alzheimer_MRI_4_classes_dataset/NonDemented/8 (20).jpg,NonDemented,NonDemented,NonDemented,NonDemented,NonDemented_patient20,NonDemented_patient20,True,True,True,4,review_only_not_split_blocking
img_5d0ae77e82c6,img_49e3330dd38e,Alzheimer_MRI_4_classes_dataset/Alzheimer_MRI_4_classes_dataset/NonDemented/7 (25).jpg,Alzheimer_MRI_4_classes_dataset/Alzheimer_MRI_4_classes_dataset/NonDemented/8 (25).jpg,NonDemented,NonDemented,NonDemented,NonDemented,NonDemented_patient25,NonDemented_patient25,True,True,True,3,review_only_not_split_blocking
img_2d206f789b0c,img_20165f87afa4,Alzheimer_MRI_4_classes_dataset/Alzheimer_MRI_4_classes_dataset/NonDemented/7 (53).jpg,Alzheimer_MRI_4_classes_dataset/Alzheimer_MRI_4_classes_dataset/NonDemented/8 (53).jpg,NonDemented,NonDemented,NonDemented,NonDemented,NonDemented_patient53,NonDemented_patient53,True,True,True,4,review_only_not_split_blocking
img_f9550103a53c,img_dc40606f25f3,Alzheimer_MRI_4_classes_dataset/Alzheimer_MRI_4_classes_dataset/NonDemented/7 (64).jpg,Alzheimer_MRI_4_classes_dataset/Alzheimer_MRI_4_classes_dataset/NonDemented/8 (64).jpg,NonDemented,NonDemented,NonDemented,NonDemented,NonDemented_patient64,NonDemented_patient64,True,True,True,4,review_only_not_split_blocking
img_729577a81707,img_8a1d69bcc11b,Alzheimer_MRI_4_classes_dataset/Alzheimer_MRI_4_classes_dataset/NonDemented/7 (68).jpg,Alzheimer_MRI_4_classes_dataset/Alzheimer_MRI_4_classes_dataset/NonDemented/8 (68).jpg,NonDemented,NonDemented,NonDemented,NonDemented,NonDemented_patient68,NonDemented_patient68,True,True,True,4,review_only_not_split_blocking
img_fd3fe42732f8,img_7e37b3336bcc,Alzheimer_MRI_4_classes_dataset/Alzheimer_MRI_4_classes_dataset/NonDemented/7 (7).jpg,Alzheimer_MRI_4_classes_dataset/Alzheimer_MRI_4_classes_dataset/NonDemented/8 (7).jpg,NonDemented,NonDemented,NonDemented,NonDemented,NonDemented_patient7,NonDemented_patient7,True,True,True,4,review_only_not_split_blocking
img_474e50e8bd01,img_3eb1d614d905,Alzheimer_MRI_4_classes_dataset/Alzheimer_MRI_4_classes_dataset/NonDemented/7 (77).jpg,Alzheimer_MRI_4_classes_dataset/Alzheimer_MRI_4_classes_dataset/NonDemented/8 (77).jpg,NonDemented,NonDemented,NonDemented,NonDemented,NonDemented_patient77,NonDemented_patient77,True,True,True,3,review_only_not_split_blocking
img_71e179b818f2,img_fbf4ede074f5,Alzheimer_MRI_4_classes_dataset/Alzheimer_MRI_4_classes_dataset/NonDemented/7 (78).jpg,Alzheimer_MRI_4_classes_dataset/Alzheimer_MRI_4_classes_dataset/NonDemented/8 (78).jpg,NonDemented,NonDemented,NonDemented,NonDemented,NonDemented_patient78,NonDemented_patient78,True,True,True,3,review_only_not_split_blocking
img_492a8bd5b683,img_26e2c853ec30,Alzheimer_MRI_4_classes_dataset/Alzheimer_MRI_4_classes_dataset/NonDemented/7 (8).jpg,Alzheimer_MRI_4_classes_dataset/Alzheimer_MRI_4_classes_dataset/NonDemented/8 (8).jpg,NonDemented,NonDemented,NonDemented,NonDemented,NonDemented_patient8,NonDemented_patient8,True,True,True,4,review_only_not_split_blocking
img_68749bbae9b3,img_7ea4442079ad,Alzheimer_MRI_4_classes_dataset/Alzheimer_MRI_4_classes_dataset/NonDemented/7 (84).jpg,Alzheimer_MRI_4_classes_dataset/Alzheimer_MRI_4_classes_dataset/NonDemented/8 (84).jpg,NonDemented,NonDemented,NonDemented,NonDemented,NonDemented_patient84,NonDemented_patient84,True,True,True,2,review_only_not_split_blocking
img_e9a25f5b2e85,img_eacb63166194,Alzheimer_MRI_4_classes_dataset/Alzheimer_MRI_4_classes_dataset/NonDemented/7 (90).jpg,Alzheimer_MRI_4_classes_dataset/Alzheimer_MRI_4_classes_dataset/NonDemented/8 (90).jpg,NonDemented,NonDemented,NonDemented,NonDemented,NonDemented_patient90,NonDemented_patient90,True,True,True,4,review_only_not_split_blocking
img_9012752a7980,img_e24aa1df8c02,Alzheimer_MRI_4_classes_dataset/Alzheimer_MRI_4_classes_dataset/NonDemented/8 (16).jpg,Alzheimer_MRI_4_classes_dataset/Alzheimer_MRI_4_classes_dataset/NonDemented/9 (16).jpg,NonDemented,NonDemented,NonDemented,NonDemented,NonDemented_patient16,NonDemented_patient16,True,True,True,4,review_only_not_split_blocking
img_dd63562d002c,img_bfcf0f1c4e0a,Alzheimer_MRI_4_classes_dataset/Alzheimer_MRI_4_classes_dataset/NonDemented/8 (19).jpg,Alzheimer_MRI_4_classes_dataset/Alzheimer_MRI_4_classes_dataset/NonDemented/9 (19).jpg,NonDemented,NonDemented,NonDemented,NonDemented,NonDemented_patient19,NonDemented_patient19,True,True,True,4,review_only_not_split_blocking
img_8811080f52c8,img_3143186592a7,Alzheimer_MRI_4_classes_dataset/Alzheimer_MRI_4_classes_dataset/NonDemented/8 (32).jpg,Alzheimer_MRI_4_classes_dataset/Alzheimer_MRI_4_classes_dataset/NonDemented/9 (32).jpg,NonDemented,NonDemented,NonDemented,NonDemented,NonDemented_patient32,NonDemented_patient32,True,True,True,3,review_only_not_split_blocking
img_b911cfe30b4a,img_700d3d091efd,Alzheimer_MRI_4_classes_dataset/Alzheimer_MRI_4_classes_dataset/NonDemented/8 (39).jpg,Alzheimer_MRI_4_classes_dataset/Alzheimer_MRI_4_classes_dataset/NonDemented/9 (39).jpg,NonDemented,NonDemented,NonDemented,NonDemented,NonDemented_patient39,NonDemented_patient39,True,True,True,3,review_only_not_split_blocking
img_04bca6ba4866,img_468e003272a6,Alzheimer_MRI_4_classes_dataset/Alzheimer_MRI_4_classes_dataset/NonDemented/8 (4).jpg,Alzheimer_MRI_4_classes_dataset/Alzheimer_MRI_4_classes_dataset/NonDemented/9 (4).jpg,NonDemented,NonDemented,NonDemented,NonDemented,NonDemented_patient4,NonDemented_patient4,True,True,True,3,review_only_not_split_blocking
img_66b859db9d3d,img_31715e11248b,Alzheimer_MRI_4_classes_dataset/Alzheimer_MRI_4_classes_dataset/NonDemented/8 (54).jpg,Alzheimer_MRI_4_classes_dataset/Alzheimer_MRI_4_classes_dataset/NonDemented/9 (54).jpg,NonDemented,NonDemented,NonDemented,NonDemented,NonDemented_patient54,NonDemented_patient54,True,True,True,1,review_only_not_split_blocking
img_2b650d0190fb,img_1d2d94f4e162,Alzheimer_MRI_4_classes_dataset/Alzheimer_MRI_4_classes_dataset/NonDemented/8 (55).jpg,Alzheimer_MRI_4_classes_dataset/Alzheimer_MRI_4_classes_dataset/NonDemented/9 (55).jpg,NonDemented,NonDemented,NonDemented,NonDemented,NonDemented_patient55,NonDemented_patient55,True,True,True,4,review_only_not_split_blocking
img_71f23473df38,img_a1fb3cee2c7b,Alzheimer_MRI_4_classes_dataset/Alzheimer_MRI_4_classes_dataset/NonDemented/8 (59).jpg,Alzheimer_MRI_4_classes_dataset/Alzheimer_MRI_4_classes_dataset/NonDemented/9 (59).jpg,NonDemented,NonDemented,NonDemented,NonDemented,NonDemented_patient59,NonDemented_patient59,True,True,True,2,review_only_not_split_blocking
img_1bd9a4ac022b,img_de3503d6413e,Alzheimer_MRI_4_classes_dataset/Alzheimer_MRI_4_classes_dataset/NonDemented/8 (61).jpg,Alzheimer_MRI_4_classes_dataset/Alzheimer_MRI_4_classes_dataset/NonDemented/9 (61).jpg,NonDemented,NonDemented,NonDemented,NonDemented,NonDemented_patient61,NonDemented_patient61,True,True,True,4,review_only_not_split_blocking
img_b96b1aff5f2f,img_4e6e1b3f2ce5,Alzheimer_MRI_4_classes_dataset/Alzheimer_MRI_4_classes_dataset/NonDemented/8 (63).jpg,Alzheimer_MRI_4_classes_dataset/Alzheimer_MRI_4_classes_dataset/NonDemented/9 (63).jpg,NonDemented,NonDemented,NonDemented,NonDemented,NonDemented_patient63,NonDemented_patient63,True,True,True,4,review_only_not_split_blocking
img_7ea4d9802e48,img_daddc4e93c9d,Alzheimer_MRI_4_classes_dataset/Alzheimer_MRI_4_classes_dataset/NonDemented/8 (71).jpg,Alzheimer_MRI_4_classes_dataset/Alzheimer_MRI_4_classes_dataset/NonDemented/9 (71).jpg,NonDemented,NonDemented,NonDemented,NonDemented,NonDemented_patient71,NonDemented_patient71,True,True,True,2,review_only_not_split_blocking
img_5939b0ea675b,img_71f1fd2aa3af,Alzheimer_MRI_4_classes_dataset/Alzheimer_MRI_4_classes_dataset/NonDemented/8 (80).jpg,Alzheimer_MRI_4_classes_dataset/Alzheimer_MRI_4_classes_dataset/NonDemented/9 (80).jpg,NonDemented,NonDemented,NonDemented,NonDemented,NonDemented_patient80,NonDemented_patient80,True,True,True,4,review_only_not_split_blocking
img_bd5d20f84b46,img_f613ecdfc091,Alzheimer_MRI_4_classes_dataset/Alzheimer_MRI_4_classes_dataset/NonDemented/8 (89).jpg,Alzheimer_MRI_4_classes_dataset/Alzheimer_MRI_4_classes_dataset/NonDemented/9 (89).jpg,NonDemented,NonDemented,NonDemented,NonDemented,NonDemented_patient89,NonDemented_patient89,True,True,True,4,review_only_not_split_blocking
img_158d01f725a0,img_1ccb031ea56d,Alzheimer_MRI_4_classes_dataset/Alzheimer_MRI_4_classes_dataset/NonDemented/8 (93).jpg,Alzheimer_MRI_4_classes_dataset/Alzheimer_MRI_4_classes_dataset/NonDemented/9 (93).jpg,NonDemented,NonDemented,NonDemented,NonDemented,NonDemented_patient93,NonDemented_patient93,True,True,True,4,review_only_not_split_blocking
img_9be083cbfc99,img_86d3d71b653f,Alzheimer_MRI_4_classes_dataset/Alzheimer_MRI_4_classes_dataset/VeryMildDemented/1 (27).jpg,Alzheimer_MRI_4_classes_dataset/Alzheimer_MRI_4_classes_dataset/VeryMildDemented/2 (27).jpg,VeryMildDemented,VeryMildDemented,Demented,Demented,VeryMildDemented_patient27,VeryMildDemented_patient27,True,True,True,4,review_only_not_split_blocking
img_853e0daf2b7d,img_a143445ebcfb,Alzheimer_MRI_4_classes_dataset/Alzheimer_MRI_4_classes_dataset/VeryMildDemented/1 (42).jpg,Alzheimer_MRI_4_classes_dataset/Alzheimer_MRI_4_classes_dataset/VeryMildDemented/2 (42).jpg,VeryMildDemented,VeryMildDemented,Demented,Demented,VeryMildDemented_patient42,VeryMildDemented_patient42,True,True,True,3,review_only_not_split_blocking
img_d444e296e525,img_6855b6ca4964,Alzheimer_MRI_4_classes_dataset/Alzheimer_MRI_4_classes_dataset/VeryMildDemented/1 (58).jpg,Alzheimer_MRI_4_classes_dataset/Alzheimer_MRI_4_classes_dataset/VeryMildDemented/2 (58).jpg,VeryMildDemented,VeryMildDemented,Demented,Demented,VeryMildDemented_patient58,VeryMildDemented_patient58,True,True,True,3,review_only_not_split_blocking
img_540b695c6c82,img_ca2db7f46e1b,Alzheimer_MRI_4_classes_dataset/Alzheimer_MRI_4_classes_dataset/VeryMildDemented/1 (65).jpg,Alzheimer_MRI_4_classes_dataset/Alzheimer_MRI_4_classes_dataset/VeryMildDemented/2 (65).jpg,VeryMildDemented,VeryMildDemented,Demented,Demented,VeryMildDemented_patient65,VeryMildDemented_patient65,True,True,True,4,review_only_not_split_blocking
img_6f330025b373,img_f94c585dbe3d,Alzheimer_MRI_4_classes_dataset/Alzheimer_MRI_4_classes_dataset/VeryMildDemented/1 (8).jpg,Alzheimer_MRI_4_classes_dataset/Alzheimer_MRI_4_classes_dataset/VeryMildDemented/2 (8).jpg,VeryMildDemented,VeryMildDemented,Demented,Demented,VeryMildDemented_patient8,VeryMildDemented_patient8,True,True,True,4,review_only_not_split_blocking
img_5e2d37f6d5b4,img_a0a78c5a7c86,Alzheimer_MRI_4_classes_dataset/Alzheimer_MRI_4_classes_dataset/VeryMildDemented/10 (10).jpg,Alzheimer_MRI_4_classes_dataset/Alzheimer_MRI_4_classes_dataset/VeryMildDemented/11 (10).jpg,VeryMildDemented,VeryMildDemented,Demented,Demented,VeryMildDemented_patient10,VeryMildDemented_patient10,True,True,True,4,review_only_not_split_blocking
img_de80275ffa7e,img_dd0ac7522f4d,Alzheimer_MRI_4_classes_dataset/Alzheimer_MRI_4_classes_dataset/VeryMildDemented/10 (11).jpg,Alzheimer_MRI_4_classes_dataset/Alzheimer_MRI_4_classes_dataset/VeryMildDemented/9 (11).jpg,VeryMildDemented,VeryMildDemented,Demented,Demented,VeryMildDemented_patient11,VeryMildDemented_patient11,True,True,True,2,review_only_not_split_blocking
img_75102d00c5f7,img_13cff4ff6c37,Alzheimer_MRI_4_classes_dataset/Alzheimer_MRI_4_classes_dataset/VeryMildDemented/10 (12).jpg,Alzheimer_MRI_4_classes_dataset/Alzheimer_MRI_4_classes_dataset/VeryMildDemented/9 (12).jpg,VeryMildDemented,VeryMildDemented,Demented,Demented,VeryMildDemented_patient12,VeryMildDemented_patient12,True,True,True,4,review_only_not_split_blocking
img_2f7ba58a0df5,img_283318d18ee7,Alzheimer_MRI_4_classes_dataset/Alzheimer_MRI_4_classes_dataset/VeryMildDemented/10 (17).jpg,Alzheimer_MRI_4_classes_dataset/Alzheimer_MRI_4_classes_dataset/VeryMildDemented/11 (17).jpg,VeryMildDemented,VeryMildDemented,Demented,Demented,VeryMildDemented_patient17,VeryMildDemented_patient17,True,True,True,3,review_only_not_split_blocking
img_9c3faead886f,img_a0e0fd140fae,Alzheimer_MRI_4_classes_dataset/Alzheimer_MRI_4_classes_dataset/VeryMildDemented/10 (2).jpg,Alzheimer_MRI_4_classes_dataset/Alzheimer_MRI_4_classes_dataset/VeryMildDemented/11 (2).jpg,VeryMildDemented,VeryMildDemented,Demented,Demented,VeryMildDemented_patient2,VeryMildDemented_patient2,True,True,True,4,review_only_not_split_blocking
img_8dbd7d19e134,img_ac103bab66e2,Alzheimer_MRI_4_classes_dataset/Alzheimer_MRI_4_classes_dataset/VeryMildDemented/10 (20).jpg,Alzheimer_MRI_4_classes_dataset/Alzheimer_MRI_4_classes_dataset/VeryMildDemented/9 (20).jpg,VeryMildDemented,VeryMildDemented,Demented,Demented,VeryMildDemented_patient20,VeryMildDemented_patient20,True,True,True,4,review_only_not_split_blocking
img_d56f3d0995ba,img_92f47385c0b6,Alzheimer_MRI_4_classes_dataset/Alzheimer_MRI_4_classes_dataset/VeryMildDemented/10 (27).jpg,Alzheimer_MRI_4_classes_dataset/Alzheimer_MRI_4_classes_dataset/VeryMildDemented/11 (27).jpg,VeryMildDemented,VeryMildDemented,Demented,Demented,VeryMildDemented_patient27,VeryMildDemented_patient27,True,True,True,3,review_only_not_split_blocking
img_d56f3d0995ba,img_ad88360943ec,Alzheimer_MRI_4_classes_dataset/Alzheimer_MRI_4_classes_dataset/VeryMildDemented/10 (27).jpg,Alzheimer_MRI_4_classes_dataset/Alzheimer_MRI_4_classes_dataset/VeryMildDemented/9 (27).jpg,VeryMildDemented,VeryMildDemented,Demented,Demented,VeryMildDemented_patient27,VeryMildDemented_patient27,True,True,True,4,review_only_not_split_blocking
img_1540513bcdec,img_2d51a0aeeea6,Alzheimer_MRI_4_classes_dataset/Alzheimer_MRI_4_classes_dataset/VeryMildDemented/10 (28).jpg,Alzheimer_MRI_4_classes_dataset/Alzheimer_MRI_4_classes_dataset/VeryMildDemented/11 (28).jpg,VeryMildDemented,VeryMildDemented,Demented,Demented,VeryMildDemented_patient28,VeryMildDemented_patient28,True,True,True,4,review_only_not_split_blocking
img_864c08c8ee58,img_937bcd4c601d,Alzheimer_MRI_4_classes_dataset/Alzheimer_MRI_4_classes_dataset/VeryMildDemented/10 (29).jpg,Alzheimer_MRI_4_classes_dataset/Alzheimer_MRI_4_classes_dataset/VeryMildDemented/8 (29).jpg,VeryMildDemented,VeryMildDemented,Demented,Demented,VeryMildDemented_patient29,VeryMildDemented_patient29,True,True,True,4,review_only_not_split_blocking
img_864c08c8ee58,img_60bcf0ae48fb,Alzheimer_MRI_4_classes_dataset/Alzheimer_MRI_4_classes_dataset/VeryMildDemented/10 (29).jpg,Alzheimer_MRI_4_classes_dataset/Alzheimer_MRI_4_classes_dataset/VeryMildDemented/9 (29).jpg,VeryMildDemented,VeryMildDemented,Demented,Demented,VeryMildDemented_patient29,VeryMildDemented_patient29,True,True,True,2,review_only_not_split_blocking
img_99173ff6efdd,img_9ec14abad1e5,Alzheimer_MRI_4_classes_dataset/Alzheimer_MRI_4_classes_dataset/VeryMildDemented/10 (32).jpg,Alzheimer_MRI_4_classes_dataset/Alzheimer_MRI_4_classes_dataset/VeryMildDemented/9 (32).jpg,VeryMildDemented,VeryMildDemented,Demented,Demented,VeryMildDemented_patient32,VeryMildDemented_patient32,True,True,True,4,review_only_not_split_blocking
img_40c05c071c93,img_01d8ab9c220b,Alzheimer_MRI_4_classes_dataset/Alzheimer_MRI_4_classes_dataset/VeryMildDemented/10 (37).jpg,Alzheimer_MRI_4_classes_dataset/Alzheimer_MRI_4_classes_dataset/VeryMildDemented/11 (37).jpg,VeryMildDemented,VeryMildDemented,Demented,Demented,VeryMildDemented_patient37,VeryMildDemented_patient37,True,True,True,4,review_only_not_split_blocking
img_ed7259cb2fd1,img_d6a82d443fe1,Alzheimer_MRI_4_classes_dataset/Alzheimer_MRI_4_classes_dataset/VeryMildDemented/10 (38).jpg,Alzheimer_MRI_4_classes_dataset/Alzheimer_MRI_4_classes_dataset/VeryMildDemented/11 (38).jpg,VeryMildDemented,VeryMildDemented,Demented,Demented,VeryMildDemented_patient38,VeryMildDemented_patient38,True,True,True,4,review_only_not_split_blocking
img_7b0192773676,img_36abb2bfbbb4,Alzheimer_MRI_4_classes_dataset/Alzheimer_MRI_4_classes_dataset/VeryMildDemented/10 (39).jpg,Alzheimer_MRI_4_classes_dataset/Alzheimer_MRI_4_classes_dataset/VeryMildDemented/11 (39).jpg,VeryMildDemented,VeryMildDemented,Demented,Demented,VeryMildDemented_patient39,VeryMildDemented_patient39,True,True,True,4,review_only_not_split_blocking
img_7b0192773676,img_f43d996c876c,Alzheimer_MRI_4_classes_dataset/Alzheimer_MRI_4_classes_dataset/VeryMildDemented/10 (39).jpg,Alzheimer_MRI_4_classes_dataset/Alzheimer_MRI_4_classes_dataset/VeryMildDemented/9 (39).jpg,VeryMildDemented,VeryMildDemented,Demented,Demented,VeryMildDemented_patient39,VeryMildDemented_patient39,True,True,True,3,review_only_not_split_blocking
img_5064e3ea39c9,img_dcf62be95344,Alzheimer_MRI_4_classes_dataset/Alzheimer_MRI_4_classes_dataset/VeryMildDemented/10 (45).jpg,Alzheimer_MRI_4_classes_dataset/Alzheimer_MRI_4_classes_dataset/VeryMildDemented/11 (45).jpg,VeryMildDemented,VeryMildDemented,Demented,Demented,VeryMildDemented_patient45,VeryMildDemented_patient45,True,True,True,3,review_only_not_split_blocking
img_20710c3e4974,img_f22c160cbd5a,Alzheimer_MRI_4_classes_dataset/Alzheimer_MRI_4_classes_dataset/VeryMildDemented/10 (54).jpg,Alzheimer_MRI_4_classes_dataset/Alzheimer_MRI_4_classes_dataset/VeryMildDemented/11 (54).jpg,VeryMildDemented,VeryMildDemented,Demented,Demented,VeryMildDemented_patient54,VeryMildDemented_patient54,True,True,True,4,review_only_not_split_blocking
img_e5a7c1104799,img_98f07cba4dcf,Alzheimer_MRI_4_classes_dataset/Alzheimer_MRI_4_classes_dataset/VeryMildDemented/10 (56).jpg,Alzheimer_MRI_4_classes_dataset/Alzheimer_MRI_4_classes_dataset/VeryMildDemented/11 (56).jpg,VeryMildDemented,VeryMildDemented,Demented,Demented,VeryMildDemented_patient56,VeryMildDemented_patient56,True,True,True,4,review_only_not_split_blocking
img_815202ef21db,img_9ec30c22fea6,Alzheimer_MRI_4_classes_dataset/Alzheimer_MRI_4_classes_dataset/VeryMildDemented/10 (60).jpg,Alzheimer_MRI_4_classes_dataset/Alzheimer_MRI_4_classes_dataset/VeryMildDemented/11 (60).jpg,VeryMildDemented,VeryMildDemented,Demented,Demented,VeryMildDemented_patient60,VeryMildDemented_patient60,True,True,True,2,review_only_not_split_blocking
img_68fab9b0a9a5,img_7cee8d06c12b,Alzheimer_MRI_4_classes_dataset/Alzheimer_MRI_4_classes_dataset/VeryMildDemented/10 (63).jpg,Alzheimer_MRI_4_classes_dataset/Alzheimer_MRI_4_classes_dataset/VeryMildDemented/11 (63).jpg,VeryMildDemented,VeryMildDemented,Demented,Demented,VeryMildDemented_patient63,VeryMildDemented_patient63,True,True,True,3,review_only_not_split_blocking
img_0140d3c66138,img_1484e4cb8fdb,Alzheimer_MRI_4_classes_dataset/Alzheimer_MRI_4_classes_dataset/VeryMildDemented/10 (65).jpg,Alzheimer_MRI_4_classes_dataset/Alzheimer_MRI_4_classes_dataset/VeryMildDemented/9 (65).jpg,VeryMildDemented,VeryMildDemented,Demented,Demented,VeryMildDemented_patient65,VeryMildDemented_patient65,True,True,True,4,review_only_not_split_blocking
img_3bad3c6478a8,img_eb93bbfd098f,Alzheimer_MRI_4_classes_dataset/Alzheimer_MRI_4_classes_dataset/VeryMildDemented/10 (68).jpg,Alzheimer_MRI_4_classes_dataset/Alzheimer_MRI_4_classes_dataset/VeryMildDemented/11 (68).jpg,VeryMildDemented,VeryMildDemented,Demented,Demented,VeryMildDemented_patient68,VeryMildDemented_patient68,True,True,True,4,review_only_not_split_blocking
img_1501a9d76605,img_163aa5962f3f,Alzheimer_MRI_4_classes_dataset/Alzheimer_MRI_4_classes_dataset/VeryMildDemented/10 (70).jpg,Alzheimer_MRI_4_classes_dataset/Alzheimer_MRI_4_classes_dataset/VeryMildDemented/11 (70).jpg,VeryMildDemented,VeryMildDemented,Demented,Demented,VeryMildDemented_patient70,VeryMildDemented_patient70,True,True,True,1,review_only_not_split_blocking
img_1501a9d76605,img_a8ecebc137ee,Alzheimer_MRI_4_classes_dataset/Alzheimer_MRI_4_classes_dataset/VeryMildDemented/10 (70).jpg,Alzheimer_MRI_4_classes_dataset/Alzheimer_MRI_4_classes_dataset/VeryMildDemented/9 (70).jpg,VeryMildDemented,VeryMildDemented,Demented,Demented,VeryMildDemented_patient70,VeryMildDemented_patient70,True,True,True,4,review_only_not_split_blocking
img_013ff81cb922,img_dda0e2037ba4,Alzheimer_MRI_4_classes_dataset/Alzheimer_MRI_4_classes_dataset/VeryMildDemented/10 (9).jpg,Alzheimer_MRI_4_classes_dataset/Alzheimer_MRI_4_classes_dataset/VeryMildDemented/11 (9).jpg,VeryMildDemented,VeryMildDemented,Demented,Demented,VeryMildDemented_patient9,VeryMildDemented_patient9,True,True,True,4,review_only_not_split_blocking
img_013ff81cb922,img_b7b0b3c060b4,Alzheimer_MRI_4_classes_dataset/Alzheimer_MRI_4_classes_dataset/VeryMildDemented/10 (9).jpg,Alzheimer_MRI_4_classes_dataset/Alzheimer_MRI_4_classes_dataset/VeryMildDemented/9 (9).jpg,VeryMildDemented,VeryMildDemented,Demented,Demented,VeryMildDemented_patient9,VeryMildDemented_patient9,True,True,True,4,review_only_not_split_blocking
img_e55bdf9eaea0,img_27d84061fd59,Alzheimer_MRI_4_classes_dataset/Alzheimer_MRI_4_classes_dataset/VeryMildDemented/10.jpg,Alzheimer_MRI_4_classes_dataset/Alzheimer_MRI_4_classes_dataset/VeryMildDemented/11.jpg,VeryMildDemented,VeryMildDemented,Demented,Demented,VeryMildDemented_unique_10_e43c71df39eb,VeryMildDemented_unique_11_b0d89ecaa013,False,True,True,3,review_only_not_split_blocking
img_e55bdf9eaea0,img_d7c60cf73fed,Alzheimer_MRI_4_classes_dataset/Alzheimer_MRI_4_classes_dataset/VeryMildDemented/10.jpg,Alzheimer_MRI_4_classes_dataset/Alzheimer_MRI_4_classes_dataset/VeryMildDemented/9.jpg,VeryMildDemented,VeryMildDemented,Demented,Demented,VeryMildDemented_unique_10_e43c71df39eb,VeryMildDemented_unique_9_9b5d168dd712,False,True,True,4,review_only_not_split_blocking
img_a0a78c5a7c86,img_4fe1d8b47c97,Alzheimer_MRI_4_classes_dataset/Alzheimer_MRI_4_classes_dataset/VeryMildDemented/11 (10).jpg,Alzheimer_MRI_4_classes_dataset/Alzheimer_MRI_4_classes_dataset/VeryMildDemented/12 (10).jpg,VeryMildDemented,VeryMildDemented,Demented,Demented,VeryMildDemented_patient10,VeryMildDemented_patient10,True,True,True,4,review_only_not_split_blocking
img_78a23ac69d58,img_3c9d539b9582,Alzheimer_MRI_4_classes_dataset/Alzheimer_MRI_4_classes_dataset/VeryMildDemented/11 (16).jpg,Alzheimer_MRI_4_classes_dataset/Alzheimer_MRI_4_classes_dataset/VeryMildDemented/12 (16).jpg,VeryMildDemented,VeryMildDemented,Demented,Demented,VeryMildDemented_patient16,VeryMildDemented_patient16,True,True,True,4,review_only_not_split_blocking
img_a0e0fd140fae,img_383036a5311a,Alzheimer_MRI_4_classes_dataset/Alzheimer_MRI_4_classes_dataset/VeryMildDemented/11 (2).jpg,Alzheimer_MRI_4_classes_dataset/Alzheimer_MRI_4_classes_dataset/VeryMildDemented/12 (2).jpg,VeryMildDemented,VeryMildDemented,Demented,Demented,VeryMildDemented_patient2,VeryMildDemented_patient2,True,True,True,4,review_only_not_split_blocking
img_57ff4e71bbc3,img_424a9a7724f1,Alzheimer_MRI_4_classes_dataset/Alzheimer_MRI_4_classes_dataset/VeryMildDemented/11 (20).jpg,Alzheimer_MRI_4_classes_dataset/Alzheimer_MRI_4_classes_dataset/VeryMildDemented/12 (20).jpg,VeryMildDemented,VeryMildDemented,Demented,Demented,VeryMildDemented_patient20,VeryMildDemented_patient20,True,True,True,4,review_only_not_split_blocking
img_1d1beaa960c9,img_303ac0a4077e,Alzheimer_MRI_4_classes_dataset/Alzheimer_MRI_4_classes_dataset/VeryMildDemented/11 (24).jpg,Alzheimer_MRI_4_classes_dataset/Alzheimer_MRI_4_classes_dataset/VeryMildDemented/12 (24).jpg,VeryMildDemented,VeryMildDemented,Demented,Demented,VeryMildDemented_patient24,VeryMildDemented_patient24,True,True,True,4,review_only_not_split_blocking
img_5f7cf93b75a4,img_8fd2832388df,Alzheimer_MRI_4_classes_dataset/Alzheimer_MRI_4_classes_dataset/VeryMildDemented/11 (25).jpg,Alzheimer_MRI_4_classes_dataset/Alzheimer_MRI_4_classes_dataset/VeryMildDemented/12 (25).jpg,VeryMildDemented,VeryMildDemented,Demented,Demented,VeryMildDemented_patient25,VeryMildDemented_patient25,True,True,True,2,review_only_not_split_blocking
img_586683a56a47,img_470cc17485fb,Alzheimer_MRI_4_classes_dataset/Alzheimer_MRI_4_classes_dataset/VeryMildDemented/11 (26).jpg,Alzheimer_MRI_4_classes_dataset/Alzheimer_MRI_4_classes_dataset/VeryMildDemented/12 (26).jpg,VeryMildDemented,VeryMildDemented,Demented,Demented,VeryMildDemented_patient26,VeryMildDemented_patient26,True,True,True,4,review_only_not_split_blocking
img_c5f690ea93c6,img_639b366de0f3,Alzheimer_MRI_4_classes_dataset/Alzheimer_MRI_4_classes_dataset/VeryMildDemented/11 (31).jpg,Alzheimer_MRI_4_classes_dataset/Alzheimer_MRI_4_classes_dataset/VeryMildDemented/12 (31).jpg,VeryMildDemented,VeryMildDemented,Demented,Demented,VeryMildDemented_patient31,VeryMildDemented_patient31,True,True,True,3,review_only_not_split_blocking
img_d6a82d443fe1,img_b162cef5ee09,Alzheimer_MRI_4_classes_dataset/Alzheimer_MRI_4_classes_dataset/VeryMildDemented/11 (38).jpg,Alzheimer_MRI_4_classes_dataset/Alzheimer_MRI_4_classes_dataset/VeryMildDemented/12 (38).jpg,VeryMildDemented,VeryMildDemented,Demented,Demented,VeryMildDemented_patient38,VeryMildDemented_patient38,True,True,True,4,review_only_not_split_blocking
img_f571c79b89ad,img_d932b3737687,Alzheimer_MRI_4_classes_dataset/Alzheimer_MRI_4_classes_dataset/VeryMildDemented/11 (4).jpg,Alzheimer_MRI_4_classes_dataset/Alzheimer_MRI_4_classes_dataset/VeryMildDemented/12 (4).jpg,VeryMildDemented,VeryMildDemented,Demented,Demented,VeryMildDemented_patient4,VeryMildDemented_patient4,True,True,True,2,review_only_not_split_blocking
img_13467c55618b,img_bc8ee13b78b1,Alzheimer_MRI_4_classes_dataset/Alzheimer_MRI_4_classes_dataset/VeryMildDemented/11 (44).jpg,Alzheimer_MRI_4_classes_dataset/Alzheimer_MRI_4_classes_dataset/VeryMildDemented/12 (44).jpg,VeryMildDemented,VeryMildDemented,Demented,Demented,VeryMildDemented_patient44,VeryMildDemented_patient44,True,True,True,3,review_only_not_split_blocking
img_e6dff8d850da,img_9eafd380c561,Alzheimer_MRI_4_classes_dataset/Alzheimer_MRI_4_classes_dataset/VeryMildDemented/11 (52).jpg,Alzheimer_MRI_4_classes_dataset/Alzheimer_MRI_4_classes_dataset/VeryMildDemented/12 (52).jpg,VeryMildDemented,VeryMildDemented,Demented,Demented,VeryMildDemented_patient52,VeryMildDemented_patient52,True,True,True,1,review_only_not_split_blocking
img_98f07cba4dcf,img_7c5e134b6ca6,Alzheimer_MRI_4_classes_dataset/Alzheimer_MRI_4_classes_dataset/VeryMildDemented/11 (56).jpg,Alzheimer_MRI_4_classes_dataset/Alzheimer_MRI_4_classes_dataset/VeryMildDemented/12 (56).jpg,VeryMildDemented,VeryMildDemented,Demented,Demented,VeryMildDemented_patient56,VeryMildDemented_patient56,True,True,True,3,review_only_not_split_blocking
img_c06d65e308eb,img_14ae92f4279f,Alzheimer_MRI_4_classes_dataset/Alzheimer_MRI_4_classes_dataset/VeryMildDemented/11 (57).jpg,Alzheimer_MRI_4_classes_dataset/Alzheimer_MRI_4_classes_dataset/VeryMildDemented/12 (57).jpg,VeryMildDemented,VeryMildDemented,Demented,Demented,VeryMildDemented_patient57,VeryMildDemented_patient57,True,True,True,4,review_only_not_split_blocking
img_6fc715c7b59a,img_7be3e807f9b1,Alzheimer_MRI_4_classes_dataset/Alzheimer_MRI_4_classes_dataset/VeryMildDemented/11 (6).jpg,Alzheimer_MRI_4_classes_dataset/Alzheimer_MRI_4_classes_dataset/VeryMildDemented/12 (6).jpg,VeryMildDemented,VeryMildDemented,Demented,Demented,VeryMildDemented_patient6,VeryMildDemented_patient6,True,True,True,3,review_only_not_split_blocking
img_082200e68556,img_23106cfc3021,Alzheimer_MRI_4_classes_dataset/Alzheimer_MRI_4_classes_dataset/VeryMildDemented/11 (65).jpg,Alzheimer_MRI_4_classes_dataset/Alzheimer_MRI_4_classes_dataset/VeryMildDemented/12 (65).jpg,VeryMildDemented,VeryMildDemented,Demented,Demented,VeryMildDemented_patient65,VeryMildDemented_patient65,True,True,True,4,review_only_not_split_blocking
img_e4c4e7c0eacf,img_434d45f4d31a,Alzheimer_MRI_4_classes_dataset/Alzheimer_MRI_4_classes_dataset/VeryMildDemented/11 (66).jpg,Alzheimer_MRI_4_classes_dataset/Alzheimer_MRI_4_classes_dataset/VeryMildDemented/12 (66).jpg,VeryMildDemented,VeryMildDemented,Demented,Demented,VeryMildDemented_patient66,VeryMildDemented_patient66,True,True,True,3,review_only_not_split_blocking
img_6dc68b30824f,img_4b78a1f2dbfe,Alzheimer_MRI_4_classes_dataset/Alzheimer_MRI_4_classes_dataset/VeryMildDemented/11 (69).jpg,Alzheimer_MRI_4_classes_dataset/Alzheimer_MRI_4_classes_dataset/VeryMildDemented/12 (69).jpg,VeryMildDemented,VeryMildDemented,Demented,Demented,VeryMildDemented_patient69,VeryMildDemented_patient69,True,True,True,4,review_only_not_split_blocking
img_27d84061fd59,img_effd88a08726,Alzheimer_MRI_4_classes_dataset/Alzheimer_MRI_4_classes_dataset/VeryMildDemented/11.jpg,Alzheimer_MRI_4_classes_dataset/Alzheimer_MRI_4_classes_dataset/VeryMildDemented/12.jpg,VeryMildDemented,VeryMildDemented,Demented,Demented,VeryMildDemented_unique_11_b0d89ecaa013,VeryMildDemented_unique_12_a35e7aff0e0c,False,True,True,3,review_only_not_split_blocking
img_27d84061fd59,img_d7c60cf73fed,Alzheimer_MRI_4_classes_dataset/Alzheimer_MRI_4_classes_dataset/VeryMildDemented/11.jpg,Alzheimer_MRI_4_classes_dataset/Alzheimer_MRI_4_classes_dataset/VeryMildDemented/9.jpg,VeryMildDemented,VeryMildDemented,Demented,Demented,VeryMildDemented_unique_11_b0d89ecaa013,VeryMildDemented_unique_9_9b5d168dd712,False,True,True,3,review_only_not_split_blocking
img_4fe1d8b47c97,img_39de236b6497,Alzheimer_MRI_4_classes_dataset/Alzheimer_MRI_4_classes_dataset/VeryMildDemented/12 (10).jpg,Alzheimer_MRI_4_classes_dataset/Alzheimer_MRI_4_classes_dataset/VeryMildDemented/13 (10).jpg,VeryMildDemented,VeryMildDemented,Demented,Demented,VeryMildDemented_patient10,VeryMildDemented_patient10,True,True,True,4,review_only_not_split_blocking
img_2474f1a8d5f4,img_2ed3af57a969,Alzheimer_MRI_4_classes_dataset/Alzheimer_MRI_4_classes_dataset/VeryMildDemented/12 (11).jpg,Alzheimer_MRI_4_classes_dataset/Alzheimer_MRI_4_classes_dataset/VeryMildDemented/13 (11).jpg,VeryMildDemented,VeryMildDemented,Demented,Demented,VeryMildDemented_patient11,VeryMildDemented_patient11,True,True,True,4,review_only_not_split_blocking
img_7019a72f1b27,img_dcd1d7c57074,Alzheimer_MRI_4_classes_dataset/Alzheimer_MRI_4_classes_dataset/VeryMildDemented/12 (12).jpg,Alzheimer_MRI_4_classes_dataset/Alzheimer_MRI_4_classes_dataset/VeryMildDemented/13 (12).jpg,VeryMildDemented,VeryMildDemented,Demented,Demented,VeryMildDemented_patient12,VeryMildDemented_patient12,True,True,True,3,review_only_not_split_blocking
img_eae379040d15,img_5ceb75dd0aa4,Alzheimer_MRI_4_classes_dataset/Alzheimer_MRI_4_classes_dataset/VeryMildDemented/12 (13).jpg,Alzheimer_MRI_4_classes_dataset/Alzheimer_MRI_4_classes_dataset/VeryMildDemented/13 (13).jpg,VeryMildDemented,VeryMildDemented,Demented,Demented,VeryMildDemented_patient13,VeryMildDemented_patient13,True,True,True,3,review_only_not_split_blocking
img_eae379040d15,img_86f5fa135cf4,Alzheimer_MRI_4_classes_dataset/Alzheimer_MRI_4_classes_dataset/VeryMildDemented/12 (13).jpg,Alzheimer_MRI_4_classes_dataset/Alzheimer_MRI_4_classes_dataset/VeryMildDemented/14 (13).jpg,VeryMildDemented,VeryMildDemented,Demented,Demented,VeryMildDemented_patient13,VeryMildDemented_patient13,True,True,True,3,review_only_not_split_blocking
img_73e7b0ad84e4,img_083c17e2cf5a,Alzheimer_MRI_4_classes_dataset/Alzheimer_MRI_4_classes_dataset/VeryMildDemented/12 (17).jpg,Alzheimer_MRI_4_classes_dataset/Alzheimer_MRI_4_classes_dataset/VeryMildDemented/13 (17).jpg,VeryMildDemented,VeryMildDemented,Demented,Demented,VeryMildDemented_patient17,VeryMildDemented_patient17,True,True,True,4,review_only_not_split_blocking
img_6c1cc1f13279,img_bd1799ce25ce,Alzheimer_MRI_4_classes_dataset/Alzheimer_MRI_4_classes_dataset/VeryMildDemented/12 (18).jpg,Alzheimer_MRI_4_classes_dataset/Alzheimer_MRI_4_classes_dataset/VeryMildDemented/13 (18).jpg,VeryMildDemented,VeryMildDemented,Demented,Demented,VeryMildDemented_patient18,VeryMildDemented_patient18,True,True,True,2,review_only_not_split_blocking
img_6cd19a7cbed5,img_28aa0c11888c,Alzheimer_MRI_4_classes_dataset/Alzheimer_MRI_4_classes_dataset/VeryMildDemented/12 (19).jpg,Alzheimer_MRI_4_classes_dataset/Alzheimer_MRI_4_classes_dataset/VeryMildDemented/13 (19).jpg,VeryMildDemented,VeryMildDemented,Demented,Demented,VeryMildDemented_patient19,VeryMildDemented_patient19,True,True,True,3,review_only_not_split_blocking
img_383036a5311a,img_b0c866a0d3e2,Alzheimer_MRI_4_classes_dataset/Alzheimer_MRI_4_classes_dataset/VeryMildDemented/12 (2).jpg,Alzheimer_MRI_4_classes_dataset/Alzheimer_MRI_4_classes_dataset/VeryMildDemented/13 (2).jpg,VeryMildDemented,VeryMildDemented,Demented,Demented,VeryMildDemented_patient2,VeryMildDemented_patient2,True,True,True,4,review_only_not_split_blocking
img_424a9a7724f1,img_361329aeaa3e,Alzheimer_MRI_4_classes_dataset/Alzheimer_MRI_4_classes_dataset/VeryMildDemented/12 (20).jpg,Alzheimer_MRI_4_classes_dataset/Alzheimer_MRI_4_classes_dataset/VeryMildDemented/13 (20).jpg,VeryMildDemented,VeryMildDemented,Demented,Demented,VeryMildDemented_patient20,VeryMildDemented_patient20,True,True,True,3,review_only_not_split_blocking
img_9abd7e75126b,img_e52a91365812,Alzheimer_MRI_4_classes_dataset/Alzheimer_MRI_4_classes_dataset/VeryMildDemented/12 (23).jpg,Alzheimer_MRI_4_classes_dataset/Alzheimer_MRI_4_classes_dataset/VeryMildDemented/13 (23).jpg,VeryMildDemented,VeryMildDemented,Demented,Demented,VeryMildDemented_patient23,VeryMildDemented_patient23,True,True,True,3,review_only_not_split_blocking
img_951253596eed,img_68a69b8739e1,Alzheimer_MRI_4_classes_dataset/Alzheimer_MRI_4_classes_dataset/VeryMildDemented/12 (32).jpg,Alzheimer_MRI_4_classes_dataset/Alzheimer_MRI_4_classes_dataset/VeryMildDemented/13 (32).jpg,VeryMildDemented,VeryMildDemented,Demented,Demented,VeryMildDemented_patient32,VeryMildDemented_patient32,True,True,True,2,review_only_not_split_blocking
img_ed097b17fb93,img_210bf7823ab5,Alzheimer_MRI_4_classes_dataset/Alzheimer_MRI_4_classes_dataset/VeryMildDemented/12 (42).jpg,Alzheimer_MRI_4_classes_dataset/Alzheimer_MRI_4_classes_dataset/VeryMildDemented/13 (42).jpg,VeryMildDemented,VeryMildDemented,Demented,Demented,VeryMildDemented_patient42,VeryMildDemented_patient42,True,True,True,4,review_only_not_split_blocking
img_bc8ee13b78b1,img_0d3cc3f0e599,Alzheimer_MRI_4_classes_dataset/Alzheimer_MRI_4_classes_dataset/VeryMildDemented/12 (44).jpg,Alzheimer_MRI_4_classes_dataset/Alzheimer_MRI_4_classes_dataset/VeryMildDemented/13 (44).jpg,VeryMildDemented,VeryMildDemented,Demented,Demented,VeryMildDemented_patient44,VeryMildDemented_patient44,True,True,True,4,review_only_not_split_blocking
img_d0e38c43ec91,img_30cf98125b22,Alzheimer_MRI_4_classes_dataset/Alzheimer_MRI_4_classes_dataset/VeryMildDemented/12 (46).jpg,Alzheimer_MRI_4_classes_dataset/Alzheimer_MRI_4_classes_dataset/VeryMildDemented/13 (46).jpg,VeryMildDemented,VeryMildDemented,Demented,Demented,VeryMildDemented_patient46,VeryMildDemented_patient46,True,True,True,3,review_only_not_split_blocking
img_05ae79ebb830,img_cd08d8126a03,Alzheimer_MRI_4_classes_dataset/Alzheimer_MRI_4_classes_dataset/VeryMildDemented/12 (47).jpg,Alzheimer_MRI_4_classes_dataset/Alzheimer_MRI_4_classes_dataset/VeryMildDemented/13 (47).jpg,VeryMildDemented,VeryMildDemented,Demented,Demented,VeryMildDemented_patient47,VeryMildDemented_patient47,True,True,True,2,review_only_not_split_blocking
img_fcd647cf6d2a,img_b4479a90565e,Alzheimer_MRI_4_classes_dataset/Alzheimer_MRI_4_classes_dataset/VeryMildDemented/12 (48).jpg,Alzheimer_MRI_4_classes_dataset/Alzheimer_MRI_4_classes_dataset/VeryMildDemented/13 (48).jpg,VeryMildDemented,VeryMildDemented,Demented,Demented,VeryMildDemented_patient48,VeryMildDemented_patient48,True,True,True,3,review_only_not_split_blocking
img_f97926882dcc,img_d3054557ebae,Alzheimer_MRI_4_classes_dataset/Alzheimer_MRI_4_classes_dataset/VeryMildDemented/12 (49).jpg,Alzheimer_MRI_4_classes_dataset/Alzheimer_MRI_4_classes_dataset/VeryMildDemented/13 (49).jpg,VeryMildDemented,VeryMildDemented,Demented,Demented,VeryMildDemented_patient49,VeryMildDemented_patient49,True,True,True,4,review_only_not_split_blocking
img_caf91c70afac,img_b3debf3a7d7f,Alzheimer_MRI_4_classes_dataset/Alzheimer_MRI_4_classes_dataset/VeryMildDemented/12 (51).jpg,Alzheimer_MRI_4_classes_dataset/Alzheimer_MRI_4_classes_dataset/VeryMildDemented/13 (51).jpg,VeryMildDemented,VeryMildDemented,Demented,Demented,VeryMildDemented_patient51,VeryMildDemented_patient51,True,True,True,3,review_only_not_split_blocking
img_9eafd380c561,img_5a8efdf99343,Alzheimer_MRI_4_classes_dataset/Alzheimer_MRI_4_classes_dataset/VeryMildDemented/12 (52).jpg,Alzheimer_MRI_4_classes_dataset/Alzheimer_MRI_4_classes_dataset/VeryMildDemented/13 (52).jpg,VeryMildDemented,VeryMildDemented,Demented,Demented,VeryMildDemented_patient52,VeryMildDemented_patient52,True,True,True,4,review_only_not_split_blocking
img_3aab43268887,img_8c3bcaf71014,Alzheimer_MRI_4_classes_dataset/Alzheimer_MRI_4_classes_dataset/VeryMildDemented/12 (54).jpg,Alzheimer_MRI_4_classes_dataset/Alzheimer_MRI_4_classes_dataset/VeryMildDemented/13 (54).jpg,VeryMildDemented,VeryMildDemented,Demented,Demented,VeryMildDemented_patient54,VeryMildDemented_patient54,True,True,True,3,review_only_not_split_blocking
img_14ae92f4279f,img_eeea39a1ea5e,Alzheimer_MRI_4_classes_dataset/Alzheimer_MRI_4_classes_dataset/VeryMildDemented/12 (57).jpg,Alzheimer_MRI_4_classes_dataset/Alzheimer_MRI_4_classes_dataset/VeryMildDemented/13 (57).jpg,VeryMildDemented,VeryMildDemented,Demented,Demented,VeryMildDemented_patient57,VeryMildDemented_patient57,True,True,True,3,review_only_not_split_blocking
img_f2f1ab17de99,img_6662a228396d,Alzheimer_MRI_4_classes_dataset/Alzheimer_MRI_4_classes_dataset/VeryMildDemented/12 (58).jpg,Alzheimer_MRI_4_classes_dataset/Alzheimer_MRI_4_classes_dataset/VeryMildDemented/13 (58).jpg,VeryMildDemented,VeryMildDemented,Demented,Demented,VeryMildDemented_patient58,VeryMildDemented_patient58,True,True,True,4,review_only_not_split_blocking
img_7be3e807f9b1,img_14a20e646851,Alzheimer_MRI_4_classes_dataset/Alzheimer_MRI_4_classes_dataset/VeryMildDemented/12 (6).jpg,Alzheimer_MRI_4_classes_dataset/Alzheimer_MRI_4_classes_dataset/VeryMildDemented/13 (6).jpg,VeryMildDemented,VeryMildDemented,Demented,Demented,VeryMildDemented_patient6,VeryMildDemented_patient6,True,True,True,4,review_only_not_split_blocking
img_65e683b8daad,img_6c1a8e3ce959,Alzheimer_MRI_4_classes_dataset/Alzheimer_MRI_4_classes_dataset/VeryMildDemented/12 (67).jpg,Alzheimer_MRI_4_classes_dataset/Alzheimer_MRI_4_classes_dataset/VeryMildDemented/13 (67).jpg,VeryMildDemented,VeryMildDemented,Demented,Demented,VeryMildDemented_patient67,VeryMildDemented_patient67,True,True,True,4,review_only_not_split_blocking
img_4b78a1f2dbfe,img_eedb2e55e02e,Alzheimer_MRI_4_classes_dataset/Alzheimer_MRI_4_classes_dataset/VeryMildDemented/12 (69).jpg,Alzheimer_MRI_4_classes_dataset/Alzheimer_MRI_4_classes_dataset/VeryMildDemented/13 (69).jpg,VeryMildDemented,VeryMildDemented,Demented,Demented,VeryMildDemented_patient69,VeryMildDemented_patient69,True,True,True,3,review_only_not_split_blocking
img_effd88a08726,img_8930a6c9d859,Alzheimer_MRI_4_classes_dataset/Alzheimer_MRI_4_classes_dataset/VeryMildDemented/12.jpg,Alzheimer_MRI_4_classes_dataset/Alzheimer_MRI_4_classes_dataset/VeryMildDemented/13.jpg,VeryMildDemented,VeryMildDemented,Demented,Demented,VeryMildDemented_unique_12_a35e7aff0e0c,VeryMildDemented_unique_13_d45f9a85b5d5,False,True,True,4,review_only_not_split_blocking
img_dcd1d7c57074,img_c8df1d609599,Alzheimer_MRI_4_classes_dataset/Alzheimer_MRI_4_classes_dataset/VeryMildDemented/13 (12).jpg,Alzheimer_MRI_4_classes_dataset/Alzheimer_MRI_4_classes_dataset/VeryMildDemented/14 (12).jpg,VeryMildDemented,VeryMildDemented,Demented,Demented,VeryMildDemented_patient12,VeryMildDemented_patient12,True,True,True,4,review_only_not_split_blocking
img_5ceb75dd0aa4,img_86f5fa135cf4,Alzheimer_MRI_4_classes_dataset/Alzheimer_MRI_4_classes_dataset/VeryMildDemented/13 (13).jpg,Alzheimer_MRI_4_classes_dataset/Alzheimer_MRI_4_classes_dataset/VeryMildDemented/14 (13).jpg,VeryMildDemented,VeryMildDemented,Demented,Demented,VeryMildDemented_patient13,VeryMildDemented_patient13,True,True,True,2,review_only_not_split_blocking
img_1380b8bb5cd5,img_057f70d33ee4,Alzheimer_MRI_4_classes_dataset/Alzheimer_MRI_4_classes_dataset/VeryMildDemented/13 (15).jpg,Alzheimer_MRI_4_classes_dataset/Alzheimer_MRI_4_classes_dataset/VeryMildDemented/14 (15).jpg,VeryMildDemented,VeryMildDemented,Demented,Demented,VeryMildDemented_patient15,VeryMildDemented_patient15,True,True,True,4,review_only_not_split_blocking
img_f6558472a43f,img_902ff81d6637,Alzheimer_MRI_4_classes_dataset/Alzheimer_MRI_4_classes_dataset/VeryMildDemented/13 (16).jpg,Alzheimer_MRI_4_classes_dataset/Alzheimer_MRI_4_classes_dataset/VeryMildDemented/14 (16).jpg,VeryMildDemented,VeryMildDemented,Demented,Demented,VeryMildDemented_patient16,VeryMildDemented_patient16,True,True,True,2,review_only_not_split_blocking
img_083c17e2cf5a,img_95b969bb8c14,Alzheimer_MRI_4_classes_dataset/Alzheimer_MRI_4_classes_dataset/VeryMildDemented/13 (17).jpg,Alzheimer_MRI_4_classes_dataset/Alzheimer_MRI_4_classes_dataset/VeryMildDemented/14 (17).jpg,VeryMildDemented,VeryMildDemented,Demented,Demented,VeryMildDemented_patient17,VeryMildDemented_patient17,True,True,True,3,review_only_not_split_blocking
img_28aa0c11888c,img_3165d4183d5f,Alzheimer_MRI_4_classes_dataset/Alzheimer_MRI_4_classes_dataset/VeryMildDemented/13 (19).jpg,Alzheimer_MRI_4_classes_dataset/Alzheimer_MRI_4_classes_dataset/VeryMildDemented/14 (19).jpg,VeryMildDemented,VeryMildDemented,Demented,Demented,VeryMildDemented_patient19,VeryMildDemented_patient19,True,True,True,3,review_only_not_split_blocking
img_2ee2457eb076,img_9b3f811107bb,Alzheimer_MRI_4_classes_dataset/Alzheimer_MRI_4_classes_dataset/VeryMildDemented/13 (21).jpg,Alzheimer_MRI_4_classes_dataset/Alzheimer_MRI_4_classes_dataset/VeryMildDemented/14 (21).jpg,VeryMildDemented,VeryMildDemented,Demented,Demented,VeryMildDemented_patient21,VeryMildDemented_patient21,True,True,True,4,review_only_not_split_blocking
img_df6c01f36a2b,img_255214b9654c,Alzheimer_MRI_4_classes_dataset/Alzheimer_MRI_4_classes_dataset/VeryMildDemented/13 (25).jpg,Alzheimer_MRI_4_classes_dataset/Alzheimer_MRI_4_classes_dataset/VeryMildDemented/14 (25).jpg,VeryMildDemented,VeryMildDemented,Demented,Demented,VeryMildDemented_patient25,VeryMildDemented_patient25,True,True,True,4,review_only_not_split_blocking
img_6a3d7027af11,img_575edf7191e9,Alzheimer_MRI_4_classes_dataset/Alzheimer_MRI_4_classes_dataset/VeryMildDemented/13 (26).jpg,Alzheimer_MRI_4_classes_dataset/Alzheimer_MRI_4_classes_dataset/VeryMildDemented/14 (26).jpg,VeryMildDemented,VeryMildDemented,Demented,Demented,VeryMildDemented_patient26,VeryMildDemented_patient26,True,True,True,2,review_only_not_split_blocking
img_bc3095da5a46,img_005c4c46930f,Alzheimer_MRI_4_classes_dataset/Alzheimer_MRI_4_classes_dataset/VeryMildDemented/13 (3).jpg,Alzheimer_MRI_4_classes_dataset/Alzheimer_MRI_4_classes_dataset/VeryMildDemented/14 (3).jpg,VeryMildDemented,VeryMildDemented,Demented,Demented,VeryMildDemented_patient3,VeryMildDemented_patient3,True,True,True,4,review_only_not_split_blocking
img_72d6f94a5076,img_5ebcc495d3e1,Alzheimer_MRI_4_classes_dataset/Alzheimer_MRI_4_classes_dataset/VeryMildDemented/13 (31).jpg,Alzheimer_MRI_4_classes_dataset/Alzheimer_MRI_4_classes_dataset/VeryMildDemented/14 (31).jpg,VeryMildDemented,VeryMildDemented,Demented,Demented,VeryMildDemented_patient31,VeryMildDemented_patient31,True,True,True,4,review_only_not_split_blocking
img_552785d332b5,img_f547bfad3b91,Alzheimer_MRI_4_classes_dataset/Alzheimer_MRI_4_classes_dataset/VeryMildDemented/13 (45).jpg,Alzheimer_MRI_4_classes_dataset/Alzheimer_MRI_4_classes_dataset/VeryMildDemented/14 (45).jpg,VeryMildDemented,VeryMildDemented,Demented,Demented,VeryMildDemented_patient45,VeryMildDemented_patient45,True,True,True,4,review_only_not_split_blocking
img_30cf98125b22,img_428982be3c1b,Alzheimer_MRI_4_classes_dataset/Alzheimer_MRI_4_classes_dataset/VeryMildDemented/13 (46).jpg,Alzheimer_MRI_4_classes_dataset/Alzheimer_MRI_4_classes_dataset/VeryMildDemented/14 (46).jpg,VeryMildDemented,VeryMildDemented,Demented,Demented,VeryMildDemented_patient46,VeryMildDemented_patient46,True,True,True,2,review_only_not_split_blocking
img_b4479a90565e,img_7248e0efc829,Alzheimer_MRI_4_classes_dataset/Alzheimer_MRI_4_classes_dataset/VeryMildDemented/13 (48).jpg,Alzheimer_MRI_4_classes_dataset/Alzheimer_MRI_4_classes_dataset/VeryMildDemented/14 (48).jpg,VeryMildDemented,VeryMildDemented,Demented,Demented,VeryMildDemented_patient48,VeryMildDemented_patient48,True,True,True,4,review_only_not_split_blocking
img_6662a228396d,img_d5cafb157c30,Alzheimer_MRI_4_classes_dataset/Alzheimer_MRI_4_classes_dataset/VeryMildDemented/13 (58).jpg,Alzheimer_MRI_4_classes_dataset/Alzheimer_MRI_4_classes_dataset/VeryMildDemented/14 (58).jpg,VeryMildDemented,VeryMildDemented,Demented,Demented,VeryMildDemented_patient58,VeryMildDemented_patient58,True,True,True,4,review_only_not_split_blocking
img_b9d214614741,img_e424d396032e,Alzheimer_MRI_4_classes_dataset/Alzheimer_MRI_4_classes_dataset/VeryMildDemented/13 (61).jpg,Alzheimer_MRI_4_classes_dataset/Alzheimer_MRI_4_classes_dataset/VeryMildDemented/14 (61).jpg,VeryMildDemented,VeryMildDemented,Demented,Demented,VeryMildDemented_patient61,VeryMildDemented_patient61,True,True,True,3,review_only_not_split_blocking
img_5b945f8c0965,img_6be125ae2a55,Alzheimer_MRI_4_classes_dataset/Alzheimer_MRI_4_classes_dataset/VeryMildDemented/13 (62).jpg,Alzheimer_MRI_4_classes_dataset/Alzheimer_MRI_4_classes_dataset/VeryMildDemented/14 (62).jpg,VeryMildDemented,VeryMildDemented,Demented,Demented,VeryMildDemented_patient62,VeryMildDemented_patient62,True,True,True,3,review_only_not_split_blocking
img_1eeed559976d,img_dd82dc804cc1,Alzheimer_MRI_4_classes_dataset/Alzheimer_MRI_4_classes_dataset/VeryMildDemented/13 (65).jpg,Alzheimer_MRI_4_classes_dataset/Alzheimer_MRI_4_classes_dataset/VeryMildDemented/14 (65).jpg,VeryMildDemented,VeryMildDemented,Demented,Demented,VeryMildDemented_patient65,VeryMildDemented_patient65,True,True,True,3,review_only_not_split_blocking
img_20775df3c1b7,img_7798473f566f,Alzheimer_MRI_4_classes_dataset/Alzheimer_MRI_4_classes_dataset/VeryMildDemented/13 (7).jpg,Alzheimer_MRI_4_classes_dataset/Alzheimer_MRI_4_classes_dataset/VeryMildDemented/14 (7).jpg,VeryMildDemented,VeryMildDemented,Demented,Demented,VeryMildDemented_patient7,VeryMildDemented_patient7,True,True,True,1,review_only_not_split_blocking
img_3cb7441a0964,img_b82a9c28ec55,Alzheimer_MRI_4_classes_dataset/Alzheimer_MRI_4_classes_dataset/VeryMildDemented/13 (70).jpg,Alzheimer_MRI_4_classes_dataset/Alzheimer_MRI_4_classes_dataset/VeryMildDemented/14 (70).jpg,VeryMildDemented,VeryMildDemented,Demented,Demented,VeryMildDemented_patient70,VeryMildDemented_patient70,True,True,True,1,review_only_not_split_blocking
img_902ff81d6637,img_4d0e93265709,Alzheimer_MRI_4_classes_dataset/Alzheimer_MRI_4_classes_dataset/VeryMildDemented/14 (16).jpg,Alzheimer_MRI_4_classes_dataset/Alzheimer_MRI_4_classes_dataset/VeryMildDemented/15 (16).jpg,VeryMildDemented,VeryMildDemented,Demented,Demented,VeryMildDemented_patient16,VeryMildDemented_patient16,True,True,True,4,review_only_not_split_blocking
img_8568430a7da8,img_ebbfd51ce9ce,Alzheimer_MRI_4_classes_dataset/Alzheimer_MRI_4_classes_dataset/VeryMildDemented/14 (23).jpg,Alzheimer_MRI_4_classes_dataset/Alzheimer_MRI_4_classes_dataset/VeryMildDemented/15 (23).jpg,VeryMildDemented,VeryMildDemented,Demented,Demented,VeryMildDemented_patient23,VeryMildDemented_patient23,True,True,True,4,review_only_not_split_blocking
img_0d7fdf1147e0,img_0117dee05072,Alzheimer_MRI_4_classes_dataset/Alzheimer_MRI_4_classes_dataset/VeryMildDemented/14 (24).jpg,Alzheimer_MRI_4_classes_dataset/Alzheimer_MRI_4_classes_dataset/VeryMildDemented/15 (24).jpg,VeryMildDemented,VeryMildDemented,Demented,Demented,VeryMildDemented_patient24,VeryMildDemented_patient24,True,True,True,3,review_only_not_split_blocking
img_255214b9654c,img_61e6e8b8e63b,Alzheimer_MRI_4_classes_dataset/Alzheimer_MRI_4_classes_dataset/VeryMildDemented/14 (25).jpg,Alzheimer_MRI_4_classes_dataset/Alzheimer_MRI_4_classes_dataset/VeryMildDemented/15 (25).jpg,VeryMildDemented,VeryMildDemented,Demented,Demented,VeryMildDemented_patient25,VeryMildDemented_patient25,True,True,True,4,review_only_not_split_blocking
img_3e9ffad1a275,img_32352d7a7fde,Alzheimer_MRI_4_classes_dataset/Alzheimer_MRI_4_classes_dataset/VeryMildDemented/14 (33).jpg,Alzheimer_MRI_4_classes_dataset/Alzheimer_MRI_4_classes_dataset/VeryMildDemented/15 (33).jpg,VeryMildDemented,VeryMildDemented,Demented,Demented,VeryMildDemented_patient33,VeryMildDemented_patient33,True,True,True,4,review_only_not_split_blocking
img_c0112dababc1,img_70bde26abf8f,Alzheimer_MRI_4_classes_dataset/Alzheimer_MRI_4_classes_dataset/VeryMildDemented/14 (37).jpg,Alzheimer_MRI_4_classes_dataset/Alzheimer_MRI_4_classes_dataset/VeryMildDemented/15 (37).jpg,VeryMildDemented,VeryMildDemented,Demented,Demented,VeryMildDemented_patient37,VeryMildDemented_patient37,True,True,True,3,review_only_not_split_blocking
img_48afb429758c,img_1d6e09b3f5b1,Alzheimer_MRI_4_classes_dataset/Alzheimer_MRI_4_classes_dataset/VeryMildDemented/14 (4).jpg,Alzheimer_MRI_4_classes_dataset/Alzheimer_MRI_4_classes_dataset/VeryMildDemented/15 (4).jpg,VeryMildDemented,VeryMildDemented,Demented,Demented,VeryMildDemented_patient4,VeryMildDemented_patient4,True,True,True,4,review_only_not_split_blocking
img_771de00b2232,img_8ffbc04a208c,Alzheimer_MRI_4_classes_dataset/Alzheimer_MRI_4_classes_dataset/VeryMildDemented/14 (40).jpg,Alzheimer_MRI_4_classes_dataset/Alzheimer_MRI_4_classes_dataset/VeryMildDemented/15 (40).jpg,VeryMildDemented,VeryMildDemented,Demented,Demented,VeryMildDemented_patient40,VeryMildDemented_patient40,True,True,True,4,review_only_not_split_blocking
img_046e75622f09,img_7f7246c19116,Alzheimer_MRI_4_classes_dataset/Alzheimer_MRI_4_classes_dataset/VeryMildDemented/14 (41).jpg,Alzheimer_MRI_4_classes_dataset/Alzheimer_MRI_4_classes_dataset/VeryMildDemented/15 (41).jpg,VeryMildDemented,VeryMildDemented,Demented,Demented,VeryMildDemented_patient41,VeryMildDemented_patient41,True,True,True,2,review_only_not_split_blocking
img_4bfd761f8f38,img_ba7b14e3d05e,Alzheimer_MRI_4_classes_dataset/Alzheimer_MRI_4_classes_dataset/VeryMildDemented/14 (49).jpg,Alzheimer_MRI_4_classes_dataset/Alzheimer_MRI_4_classes_dataset/VeryMildDemented/15 (49).jpg,VeryMildDemented,VeryMildDemented,Demented,Demented,VeryMildDemented_patient49,VeryMildDemented_patient49,True,True,True,1,review_only_not_split_blocking
img_4bfd761f8f38,img_7745e677298a,Alzheimer_MRI_4_classes_dataset/Alzheimer_MRI_4_classes_dataset/VeryMildDemented/14 (49).jpg,Alzheimer_MRI_4_classes_dataset/Alzheimer_MRI_4_classes_dataset/VeryMildDemented/16 (49).jpg,VeryMildDemented,VeryMildDemented,Demented,Demented,VeryMildDemented_patient49,VeryMildDemented_patient49,True,True,True,4,review_only_not_split_blocking
img_d39a5a1a8083,img_cecbdefe3f72,Alzheimer_MRI_4_classes_dataset/Alzheimer_MRI_4_classes_dataset/VeryMildDemented/14 (52).jpg,Alzheimer_MRI_4_classes_dataset/Alzheimer_MRI_4_classes_dataset/VeryMildDemented/15 (52).jpg,VeryMildDemented,VeryMildDemented,Demented,Demented,VeryMildDemented_patient52,VeryMildDemented_patient52,True,True,True,4,review_only_not_split_blocking
img_68e62b4cb33a,img_27baa7a72e94,Alzheimer_MRI_4_classes_dataset/Alzheimer_MRI_4_classes_dataset/VeryMildDemented/14 (55).jpg,Alzheimer_MRI_4_classes_dataset/Alzheimer_MRI_4_classes_dataset/VeryMildDemented/15 (55).jpg,VeryMildDemented,VeryMildDemented,Demented,Demented,VeryMildDemented_patient55,VeryMildDemented_patient55,True,True,True,4,review_only_not_split_blocking
img_d5cafb157c30,img_6be06ac155ef,Alzheimer_MRI_4_classes_dataset/Alzheimer_MRI_4_classes_dataset/VeryMildDemented/14 (58).jpg,Alzheimer_MRI_4_classes_dataset/Alzheimer_MRI_4_classes_dataset/VeryMildDemented/15 (58).jpg,VeryMildDemented,VeryMildDemented,Demented,Demented,VeryMildDemented_patient58,VeryMildDemented_patient58,True,True,True,4,review_only_not_split_blocking
img_75dc65abf3a4,img_bbef8b02b89f,Alzheimer_MRI_4_classes_dataset/Alzheimer_MRI_4_classes_dataset/VeryMildDemented/14 (59).jpg,Alzheimer_MRI_4_classes_dataset/Alzheimer_MRI_4_classes_dataset/VeryMildDemented/15 (59).jpg,VeryMildDemented,VeryMildDemented,Demented,Demented,VeryMildDemented_patient59,VeryMildDemented_patient59,True,True,True,4,review_only_not_split_blocking
img_dd82dc804cc1,img_5361610a60fd,Alzheimer_MRI_4_classes_dataset/Alzheimer_MRI_4_classes_dataset/VeryMildDemented/14 (65).jpg,Alzheimer_MRI_4_classes_dataset/Alzheimer_MRI_4_classes_dataset/VeryMildDemented/15 (65).jpg,VeryMildDemented,VeryMildDemented,Demented,Demented,VeryMildDemented_patient65,VeryMildDemented_patient65,True,True,True,4,review_only_not_split_blocking
img_781bcf12c783,img_8984b1e5feaa,Alzheimer_MRI_4_classes_dataset/Alzheimer_MRI_4_classes_dataset/VeryMildDemented/14 (67).jpg,Alzheimer_MRI_4_classes_dataset/Alzheimer_MRI_4_classes_dataset/VeryMildDemented/15 (67).jpg,VeryMildDemented,VeryMildDemented,Demented,Demented,VeryMildDemented_patient67,VeryMildDemented_patient67,True,True,True,4,review_only_not_split_blocking
img_40ff2e814204,img_1a638e4ef229,Alzheimer_MRI_4_classes_dataset/Alzheimer_MRI_4_classes_dataset/VeryMildDemented/14 (8).jpg,Alzheimer_MRI_4_classes_dataset/Alzheimer_MRI_4_classes_dataset/VeryMildDemented/15 (8).jpg,VeryMildDemented,VeryMildDemented,Demented,Demented,VeryMildDemented_patient8,VeryMildDemented_patient8,True,True,True,4,review_only_not_split_blocking
img_e44bdac5f8ac,img_6c39d854e1f1,Alzheimer_MRI_4_classes_dataset/Alzheimer_MRI_4_classes_dataset/VeryMildDemented/15 (13).jpg,Alzheimer_MRI_4_classes_dataset/Alzheimer_MRI_4_classes_dataset/VeryMildDemented/16 (13).jpg,VeryMildDemented,VeryMildDemented,Demented,Demented,VeryMildDemented_patient13,VeryMildDemented_patient13,True,True,True,4,review_only_not_split_blocking
img_c24ba566f07f,img_96e7fcb47c19,Alzheimer_MRI_4_classes_dataset/Alzheimer_MRI_4_classes_dataset/VeryMildDemented/15 (15).jpg,Alzheimer_MRI_4_classes_dataset/Alzheimer_MRI_4_classes_dataset/VeryMildDemented/16 (15).jpg,VeryMildDemented,VeryMildDemented,Demented,Demented,VeryMildDemented_patient15,VeryMildDemented_patient15,True,True,True,4,review_only_not_split_blocking
img_4d0e93265709,img_c39486999db6,Alzheimer_MRI_4_classes_dataset/Alzheimer_MRI_4_classes_dataset/VeryMildDemented/15 (16).jpg,Alzheimer_MRI_4_classes_dataset/Alzheimer_MRI_4_classes_dataset/VeryMildDemented/16 (16).jpg,VeryMildDemented,VeryMildDemented,Demented,Demented,VeryMildDemented_patient16,VeryMildDemented_patient16,True,True,True,3,review_only_not_split_blocking
img_9aadc4c895ae,img_f3a215146bb2,Alzheimer_MRI_4_classes_dataset/Alzheimer_MRI_4_classes_dataset/VeryMildDemented/15 (2).jpg,Alzheimer_MRI_4_classes_dataset/Alzheimer_MRI_4_classes_dataset/VeryMildDemented/16 (2).jpg,VeryMildDemented,VeryMildDemented,Demented,Demented,VeryMildDemented_patient2,VeryMildDemented_patient2,True,True,True,4,review_only_not_split_blocking
img_017a3e25c3c5,img_f2400840755f,Alzheimer_MRI_4_classes_dataset/Alzheimer_MRI_4_classes_dataset/VeryMildDemented/15 (21).jpg,Alzheimer_MRI_4_classes_dataset/Alzheimer_MRI_4_classes_dataset/VeryMildDemented/16 (21).jpg,VeryMildDemented,VeryMildDemented,Demented,Demented,VeryMildDemented_patient21,VeryMildDemented_patient21,True,True,True,2,review_only_not_split_blocking
img_435526554ce0,img_8bcdc8680682,Alzheimer_MRI_4_classes_dataset/Alzheimer_MRI_4_classes_dataset/VeryMildDemented/15 (22).jpg,Alzheimer_MRI_4_classes_dataset/Alzheimer_MRI_4_classes_dataset/VeryMildDemented/16 (22).jpg,VeryMildDemented,VeryMildDemented,Demented,Demented,VeryMildDemented_patient22,VeryMildDemented_patient22,True,True,True,4,review_only_not_split_blocking
img_ebbfd51ce9ce,img_4ee9c971add5,Alzheimer_MRI_4_classes_dataset/Alzheimer_MRI_4_classes_dataset/VeryMildDemented/15 (23).jpg,Alzheimer_MRI_4_classes_dataset/Alzheimer_MRI_4_classes_dataset/VeryMildDemented/16 (23).jpg,VeryMildDemented,VeryMildDemented,Demented,Demented,VeryMildDemented_patient23,VeryMildDemented_patient23,True,True,True,4,review_only_not_split_blocking
img_9fd8650c6217,img_0b5c8c89a487,Alzheimer_MRI_4_classes_dataset/Alzheimer_MRI_4_classes_dataset/VeryMildDemented/15 (27).jpg,Alzheimer_MRI_4_classes_dataset/Alzheimer_MRI_4_classes_dataset/VeryMildDemented/16 (27).jpg,VeryMildDemented,VeryMildDemented,Demented,Demented,VeryMildDemented_patient27,VeryMildDemented_patient27,True,True,True,4,review_only_not_split_blocking
img_ea3852c612cb,img_98b82d871d70,Alzheimer_MRI_4_classes_dataset/Alzheimer_MRI_4_classes_dataset/VeryMildDemented/15 (28).jpg,Alzheimer_MRI_4_classes_dataset/Alzheimer_MRI_4_classes_dataset/VeryMildDemented/16 (28).jpg,VeryMildDemented,VeryMildDemented,Demented,Demented,VeryMildDemented_patient28,VeryMildDemented_patient28,True,True,True,0,review_only_not_split_blocking
img_0a56fe1603fe,img_86f446e01d58,Alzheimer_MRI_4_classes_dataset/Alzheimer_MRI_4_classes_dataset/VeryMildDemented/15 (29).jpg,Alzheimer_MRI_4_classes_dataset/Alzheimer_MRI_4_classes_dataset/VeryMildDemented/16 (29).jpg,VeryMildDemented,VeryMildDemented,Demented,Demented,VeryMildDemented_patient29,VeryMildDemented_patient29,True,True,True,3,review_only_not_split_blocking
img_32352d7a7fde,img_9a35c0f16813,Alzheimer_MRI_4_classes_dataset/Alzheimer_MRI_4_classes_dataset/VeryMildDemented/15 (33).jpg,Alzheimer_MRI_4_classes_dataset/Alzheimer_MRI_4_classes_dataset/VeryMildDemented/16 (33).jpg,VeryMildDemented,VeryMildDemented,Demented,Demented,VeryMildDemented_patient33,VeryMildDemented_patient33,True,True,True,4,review_only_not_split_blocking
img_aab2105bc5a7,img_96cdd684be48,Alzheimer_MRI_4_classes_dataset/Alzheimer_MRI_4_classes_dataset/VeryMildDemented/15 (34).jpg,Alzheimer_MRI_4_classes_dataset/Alzheimer_MRI_4_classes_dataset/VeryMildDemented/16 (34).jpg,VeryMildDemented,VeryMildDemented,Demented,Demented,VeryMildDemented_patient34,VeryMildDemented_patient34,True,True,True,4,review_only_not_split_blocking
img_88764ee805ba,img_80e4aeee685e,Alzheimer_MRI_4_classes_dataset/Alzheimer_MRI_4_classes_dataset/VeryMildDemented/15 (36).jpg,Alzheimer_MRI_4_classes_dataset/Alzheimer_MRI_4_classes_dataset/VeryMildDemented/16 (36).jpg,VeryMildDemented,VeryMildDemented,Demented,Demented,VeryMildDemented_patient36,VeryMildDemented_patient36,True,True,True,2,review_only_not_split_blocking
img_4612a176e793,img_cee6a7b7eb02,Alzheimer_MRI_4_classes_dataset/Alzheimer_MRI_4_classes_dataset/VeryMildDemented/15 (43).jpg,Alzheimer_MRI_4_classes_dataset/Alzheimer_MRI_4_classes_dataset/VeryMildDemented/16 (43).jpg,VeryMildDemented,VeryMildDemented,Demented,Demented,VeryMildDemented_patient43,VeryMildDemented_patient43,True,True,True,4,review_only_not_split_blocking
img_5b2ccfbe6cb8,img_3e57ad8ee129,Alzheimer_MRI_4_classes_dataset/Alzheimer_MRI_4_classes_dataset/VeryMildDemented/15 (44).jpg,Alzheimer_MRI_4_classes_dataset/Alzheimer_MRI_4_classes_dataset/VeryMildDemented/16 (44).jpg,VeryMildDemented,VeryMildDemented,Demented,Demented,VeryMildDemented_patient44,VeryMildDemented_patient44,True,True,True,2,review_only_not_split_blocking
img_ba7b14e3d05e,img_7745e677298a,Alzheimer_MRI_4_classes_dataset/Alzheimer_MRI_4_classes_dataset/VeryMildDemented/15 (49).jpg,Alzheimer_MRI_4_classes_dataset/Alzheimer_MRI_4_classes_dataset/VeryMildDemented/16 (49).jpg,VeryMildDemented,VeryMildDemented,Demented,Demented,VeryMildDemented_patient49,VeryMildDemented_patient49,True,True,True,3,review_only_not_split_blocking
img_2ed28fa1028f,img_d6bb4506e49e,Alzheimer_MRI_4_classes_dataset/Alzheimer_MRI_4_classes_dataset/VeryMildDemented/15 (5).jpg,Alzheimer_MRI_4_classes_dataset/Alzheimer_MRI_4_classes_dataset/VeryMildDemented/16 (5).jpg,VeryMildDemented,VeryMildDemented,Demented,Demented,VeryMildDemented_patient5,VeryMildDemented_patient5,True,True,True,4,review_only_not_split_blocking
img_27baa7a72e94,img_f5670f3aa809,Alzheimer_MRI_4_classes_dataset/Alzheimer_MRI_4_classes_dataset/VeryMildDemented/15 (55).jpg,Alzheimer_MRI_4_classes_dataset/Alzheimer_MRI_4_classes_dataset/VeryMildDemented/16 (55).jpg,VeryMildDemented,VeryMildDemented,Demented,Demented,VeryMildDemented_patient55,VeryMildDemented_patient55,True,True,True,1,review_only_not_split_blocking
img_1e0fd9ebc112,img_ca1a59957400,Alzheimer_MRI_4_classes_dataset/Alzheimer_MRI_4_classes_dataset/VeryMildDemented/15 (57).jpg,Alzheimer_MRI_4_classes_dataset/Alzheimer_MRI_4_classes_dataset/VeryMildDemented/16 (57).jpg,VeryMildDemented,VeryMildDemented,Demented,Demented,VeryMildDemented_patient57,VeryMildDemented_patient57,True,True,True,3,review_only_not_split_blocking
img_67b2221a38dc,img_72e2e17b02d7,Alzheimer_MRI_4_classes_dataset/Alzheimer_MRI_4_classes_dataset/VeryMildDemented/15 (60).jpg,Alzheimer_MRI_4_classes_dataset/Alzheimer_MRI_4_classes_dataset/VeryMildDemented/16 (60).jpg,VeryMildDemented,VeryMildDemented,Demented,Demented,VeryMildDemented_patient60,VeryMildDemented_patient60,True,True,True,3,review_only_not_split_blocking
img_3ff3eceec855,img_5bfafbef0535,Alzheimer_MRI_4_classes_dataset/Alzheimer_MRI_4_classes_dataset/VeryMildDemented/15 (64).jpg,Alzheimer_MRI_4_classes_dataset/Alzheimer_MRI_4_classes_dataset/VeryMildDemented/16 (64).jpg,VeryMildDemented,VeryMildDemented,Demented,Demented,VeryMildDemented_patient64,VeryMildDemented_patient64,True,True,True,3,review_only_not_split_blocking
img_b5c0dd42190e,img_fc1d86a89913,Alzheimer_MRI_4_classes_dataset/Alzheimer_MRI_4_classes_dataset/VeryMildDemented/15 (68).jpg,Alzheimer_MRI_4_classes_dataset/Alzheimer_MRI_4_classes_dataset/VeryMildDemented/16 (68).jpg,VeryMildDemented,VeryMildDemented,Demented,Demented,VeryMildDemented_patient68,VeryMildDemented_patient68,True,True,True,3,review_only_not_split_blocking
img_d122455e7053,img_e2e92da1eebb,Alzheimer_MRI_4_classes_dataset/Alzheimer_MRI_4_classes_dataset/VeryMildDemented/15 (69).jpg,Alzheimer_MRI_4_classes_dataset/Alzheimer_MRI_4_classes_dataset/VeryMildDemented/16 (69).jpg,VeryMildDemented,VeryMildDemented,Demented,Demented,VeryMildDemented_patient69,VeryMildDemented_patient69,True,True,True,2,review_only_not_split_blocking
img_74a2cdb01ef4,img_7e3b64f3c4ab,Alzheimer_MRI_4_classes_dataset/Alzheimer_MRI_4_classes_dataset/VeryMildDemented/15 (70).jpg,Alzheimer_MRI_4_classes_dataset/Alzheimer_MRI_4_classes_dataset/VeryMildDemented/16 (70).jpg,VeryMildDemented,VeryMildDemented,Demented,Demented,VeryMildDemented_patient70,VeryMildDemented_patient70,True,True,True,4,review_only_not_split_blocking
img_1a638e4ef229,img_e19cdf56b457,Alzheimer_MRI_4_classes_dataset/Alzheimer_MRI_4_classes_dataset/VeryMildDemented/15 (8).jpg,Alzheimer_MRI_4_classes_dataset/Alzheimer_MRI_4_classes_dataset/VeryMildDemented/16 (8).jpg,VeryMildDemented,VeryMildDemented,Demented,Demented,VeryMildDemented_patient8,VeryMildDemented_patient8,True,True,True,3,review_only_not_split_blocking
img_29c5eeb98d8c,img_d99581441cb7,Alzheimer_MRI_4_classes_dataset/Alzheimer_MRI_4_classes_dataset/VeryMildDemented/16 (11).jpg,Alzheimer_MRI_4_classes_dataset/Alzheimer_MRI_4_classes_dataset/VeryMildDemented/17 (11).jpg,VeryMildDemented,VeryMildDemented,Demented,Demented,VeryMildDemented_patient11,VeryMildDemented_patient11,True,True,True,4,review_only_not_split_blocking
img_ddcb8a77f48a,img_abc9704ce51c,Alzheimer_MRI_4_classes_dataset/Alzheimer_MRI_4_classes_dataset/VeryMildDemented/16 (14).jpg,Alzheimer_MRI_4_classes_dataset/Alzheimer_MRI_4_classes_dataset/VeryMildDemented/17 (14).jpg,VeryMildDemented,VeryMildDemented,Demented,Demented,VeryMildDemented_patient14,VeryMildDemented_patient14,True,True,True,4,review_only_not_split_blocking
img_96e7fcb47c19,img_b1bb2d48d540,Alzheimer_MRI_4_classes_dataset/Alzheimer_MRI_4_classes_dataset/VeryMildDemented/16 (15).jpg,Alzheimer_MRI_4_classes_dataset/Alzheimer_MRI_4_classes_dataset/VeryMildDemented/17 (15).jpg,VeryMildDemented,VeryMildDemented,Demented,Demented,VeryMildDemented_patient15,VeryMildDemented_patient15,True,True,True,3,review_only_not_split_blocking
img_f3a215146bb2,img_5ff0f176ea2b,Alzheimer_MRI_4_classes_dataset/Alzheimer_MRI_4_classes_dataset/VeryMildDemented/16 (2).jpg,Alzheimer_MRI_4_classes_dataset/Alzheimer_MRI_4_classes_dataset/VeryMildDemented/17 (2).jpg,VeryMildDemented,VeryMildDemented,Demented,Demented,VeryMildDemented_patient2,VeryMildDemented_patient2,True,True,True,1,review_only_not_split_blocking
img_9e9f0bb0cc47,img_a51e51e0ff7d,Alzheimer_MRI_4_classes_dataset/Alzheimer_MRI_4_classes_dataset/VeryMildDemented/16 (20).jpg,Alzheimer_MRI_4_classes_dataset/Alzheimer_MRI_4_classes_dataset/VeryMildDemented/17 (20).jpg,VeryMildDemented,VeryMildDemented,Demented,Demented,VeryMildDemented_patient20,VeryMildDemented_patient20,True,True,True,1,review_only_not_split_blocking
img_f2400840755f,img_ea0934901e93,Alzheimer_MRI_4_classes_dataset/Alzheimer_MRI_4_classes_dataset/VeryMildDemented/16 (21).jpg,Alzheimer_MRI_4_classes_dataset/Alzheimer_MRI_4_classes_dataset/VeryMildDemented/17 (21).jpg,VeryMildDemented,VeryMildDemented,Demented,Demented,VeryMildDemented_patient21,VeryMildDemented_patient21,True,True,True,3,review_only_not_split_blocking
img_8bcdc8680682,img_599be5f26eb7,Alzheimer_MRI_4_classes_dataset/Alzheimer_MRI_4_classes_dataset/VeryMildDemented/16 (22).jpg,Alzheimer_MRI_4_classes_dataset/Alzheimer_MRI_4_classes_dataset/VeryMildDemented/17 (22).jpg,VeryMildDemented,VeryMildDemented,Demented,Demented,VeryMildDemented_patient22,VeryMildDemented_patient22,True,True,True,4,review_only_not_split_blocking
img_01d66ebd7fb2,img_6c9e54ac1035,Alzheimer_MRI_4_classes_dataset/Alzheimer_MRI_4_classes_dataset/VeryMildDemented/16 (25).jpg,Alzheimer_MRI_4_classes_dataset/Alzheimer_MRI_4_classes_dataset/VeryMildDemented/17 (25).jpg,VeryMildDemented,VeryMildDemented,Demented,Demented,VeryMildDemented_patient25,VeryMildDemented_patient25,True,True,True,1,review_only_not_split_blocking
img_edd4483c72dc,img_dcf0a063c7bd,Alzheimer_MRI_4_classes_dataset/Alzheimer_MRI_4_classes_dataset/VeryMildDemented/16 (30).jpg,Alzheimer_MRI_4_classes_dataset/Alzheimer_MRI_4_classes_dataset/VeryMildDemented/17 (30).jpg,VeryMildDemented,VeryMildDemented,Demented,Demented,VeryMildDemented_patient30,VeryMildDemented_patient30,True,True,True,3,review_only_not_split_blocking
img_ec13f2e64ec8,img_c4b0140faa9d,Alzheimer_MRI_4_classes_dataset/Alzheimer_MRI_4_classes_dataset/VeryMildDemented/16 (31).jpg,Alzheimer_MRI_4_classes_dataset/Alzheimer_MRI_4_classes_dataset/VeryMildDemented/17 (31).jpg,VeryMildDemented,VeryMildDemented,Demented,Demented,VeryMildDemented_patient31,VeryMildDemented_patient31,True,True,True,4,review_only_not_split_blocking
img_384feb7fc665,img_07bcef846951,Alzheimer_MRI_4_classes_dataset/Alzheimer_MRI_4_classes_dataset/VeryMildDemented/16 (35).jpg,Alzheimer_MRI_4_classes_dataset/Alzheimer_MRI_4_classes_dataset/VeryMildDemented/17 (35).jpg,VeryMildDemented,VeryMildDemented,Demented,Demented,VeryMildDemented_patient35,VeryMildDemented_patient35,True,True,True,4,review_only_not_split_blocking
img_dc194655d769,img_77fcd7f2a5e1,Alzheimer_MRI_4_classes_dataset/Alzheimer_MRI_4_classes_dataset/VeryMildDemented/16 (39).jpg,Alzheimer_MRI_4_classes_dataset/Alzheimer_MRI_4_classes_dataset/VeryMildDemented/17 (39).jpg,VeryMildDemented,VeryMildDemented,Demented,Demented,VeryMildDemented_patient39,VeryMildDemented_patient39,True,True,True,4,review_only_not_split_blocking
img_c9585c4d58b2,img_f87c14ced29e,Alzheimer_MRI_4_classes_dataset/Alzheimer_MRI_4_classes_dataset/VeryMildDemented/16 (42).jpg,Alzheimer_MRI_4_classes_dataset/Alzheimer_MRI_4_classes_dataset/VeryMildDemented/17 (42).jpg,VeryMildDemented,VeryMildDemented,Demented,Demented,VeryMildDemented_patient42,VeryMildDemented_patient42,True,True,True,2,review_only_not_split_blocking
img_3e57ad8ee129,img_7430f7e35ffd,Alzheimer_MRI_4_classes_dataset/Alzheimer_MRI_4_classes_dataset/VeryMildDemented/16 (44).jpg,Alzheimer_MRI_4_classes_dataset/Alzheimer_MRI_4_classes_dataset/VeryMildDemented/17 (44).jpg,VeryMildDemented,VeryMildDemented,Demented,Demented,VeryMildDemented_patient44,VeryMildDemented_patient44,True,True,True,3,review_only_not_split_blocking
img_d6bb4506e49e,img_aa6eb7b2b0ff,Alzheimer_MRI_4_classes_dataset/Alzheimer_MRI_4_classes_dataset/VeryMildDemented/16 (5).jpg,Alzheimer_MRI_4_classes_dataset/Alzheimer_MRI_4_classes_dataset/VeryMildDemented/17 (5).jpg,VeryMildDemented,VeryMildDemented,Demented,Demented,VeryMildDemented_patient5,VeryMildDemented_patient5,True,True,True,2,review_only_not_split_blocking
img_d76af594fb8d,img_33fa1246b0d3,Alzheimer_MRI_4_classes_dataset/Alzheimer_MRI_4_classes_dataset/VeryMildDemented/16 (51).jpg,Alzheimer_MRI_4_classes_dataset/Alzheimer_MRI_4_classes_dataset/VeryMildDemented/17 (51).jpg,VeryMildDemented,VeryMildDemented,Demented,Demented,VeryMildDemented_patient51,VeryMildDemented_patient51,True,True,True,2,review_only_not_split_blocking
img_5c8fbf0df8f5,img_50cfb400922c,Alzheimer_MRI_4_classes_dataset/Alzheimer_MRI_4_classes_dataset/VeryMildDemented/16 (53).jpg,Alzheimer_MRI_4_classes_dataset/Alzheimer_MRI_4_classes_dataset/VeryMildDemented/17 (53).jpg,VeryMildDemented,VeryMildDemented,Demented,Demented,VeryMildDemented_patient53,VeryMildDemented_patient53,True,True,True,2,review_only_not_split_blocking
img_2f52d4554b71,img_cbb1e568e791,Alzheimer_MRI_4_classes_dataset/Alzheimer_MRI_4_classes_dataset/VeryMildDemented/16 (56).jpg,Alzheimer_MRI_4_classes_dataset/Alzheimer_MRI_4_classes_dataset/VeryMildDemented/17 (56).jpg,VeryMildDemented,VeryMildDemented,Demented,Demented,VeryMildDemented_patient56,VeryMildDemented_patient56,True,True,True,4,review_only_not_split_blocking
img_ca1a59957400,img_bb81425d2ed4,Alzheimer_MRI_4_classes_dataset/Alzheimer_MRI_4_classes_dataset/VeryMildDemented/16 (57).jpg,Alzheimer_MRI_4_classes_dataset/Alzheimer_MRI_4_classes_dataset/VeryMildDemented/17 (57).jpg,VeryMildDemented,VeryMildDemented,Demented,Demented,VeryMildDemented_patient57,VeryMildDemented_patient57,True,True,True,4,review_only_not_split_blocking
img_76241c43082c,img_48f23b74bd5c,Alzheimer_MRI_4_classes_dataset/Alzheimer_MRI_4_classes_dataset/VeryMildDemented/16 (66).jpg,Alzheimer_MRI_4_classes_dataset/Alzheimer_MRI_4_classes_dataset/VeryMildDemented/17 (66).jpg,VeryMildDemented,VeryMildDemented,Demented,Demented,VeryMildDemented_patient66,VeryMildDemented_patient66,True,True,True,2,review_only_not_split_blocking
img_e19cdf56b457,img_e064eea1cbf3,Alzheimer_MRI_4_classes_dataset/Alzheimer_MRI_4_classes_dataset/VeryMildDemented/16 (8).jpg,Alzheimer_MRI_4_classes_dataset/Alzheimer_MRI_4_classes_dataset/VeryMildDemented/17 (8).jpg,VeryMildDemented,VeryMildDemented,Demented,Demented,VeryMildDemented_patient8,VeryMildDemented_patient8,True,True,True,4,review_only_not_split_blocking
img_8e6ae53f40dc,img_494328ba9c19,Alzheimer_MRI_4_classes_dataset/Alzheimer_MRI_4_classes_dataset/VeryMildDemented/16 (9).jpg,Alzheimer_MRI_4_classes_dataset/Alzheimer_MRI_4_classes_dataset/VeryMildDemented/17 (9).jpg,VeryMildDemented,VeryMildDemented,Demented,Demented,VeryMildDemented_patient9,VeryMildDemented_patient9,True,True,True,3,review_only_not_split_blocking
img_2f35413f3dbd,img_ab1a61258fff,Alzheimer_MRI_4_classes_dataset/Alzheimer_MRI_4_classes_dataset/VeryMildDemented/16.jpg,Alzheimer_MRI_4_classes_dataset/Alzheimer_MRI_4_classes_dataset/VeryMildDemented/17.jpg,VeryMildDemented,VeryMildDemented,Demented,Demented,VeryMildDemented_unique_16_1a7bd145d8b3,VeryMildDemented_unique_17_2e27475e06d5,False,True,True,3,review_only_not_split_blocking
img_3e8cd3110d88,img_f6d50e7109ec,Alzheimer_MRI_4_classes_dataset/Alzheimer_MRI_4_classes_dataset/VeryMildDemented/17 (12).jpg,Alzheimer_MRI_4_classes_dataset/Alzheimer_MRI_4_classes_dataset/VeryMildDemented/18 (12).jpg,VeryMildDemented,VeryMildDemented,Demented,Demented,VeryMildDemented_patient12,VeryMildDemented_patient12,True,True,True,2,review_only_not_split_blocking
img_b1bb2d48d540,img_bdd4dd144470,Alzheimer_MRI_4_classes_dataset/Alzheimer_MRI_4_classes_dataset/VeryMildDemented/17 (15).jpg,Alzheimer_MRI_4_classes_dataset/Alzheimer_MRI_4_classes_dataset/VeryMildDemented/18 (15).jpg,VeryMildDemented,VeryMildDemented,Demented,Demented,VeryMildDemented_patient15,VeryMildDemented_patient15,True,True,True,4,review_only_not_split_blocking
img_9a1cb8777481,img_6b574ade1c88,Alzheimer_MRI_4_classes_dataset/Alzheimer_MRI_4_classes_dataset/VeryMildDemented/17 (16).jpg,Alzheimer_MRI_4_classes_dataset/Alzheimer_MRI_4_classes_dataset/VeryMildDemented/18 (16).jpg,VeryMildDemented,VeryMildDemented,Demented,Demented,VeryMildDemented_patient16,VeryMildDemented_patient16,True,True,True,2,review_only_not_split_blocking
img_0457004f1f8e,img_467e7f21cba3,Alzheimer_MRI_4_classes_dataset/Alzheimer_MRI_4_classes_dataset/VeryMildDemented/17 (24).jpg,Alzheimer_MRI_4_classes_dataset/Alzheimer_MRI_4_classes_dataset/VeryMildDemented/18 (24).jpg,VeryMildDemented,VeryMildDemented,Demented,Demented,VeryMildDemented_patient24,VeryMildDemented_patient24,True,True,True,4,review_only_not_split_blocking
img_6c9e54ac1035,img_b5928c2822c6,Alzheimer_MRI_4_classes_dataset/Alzheimer_MRI_4_classes_dataset/VeryMildDemented/17 (25).jpg,Alzheimer_MRI_4_classes_dataset/Alzheimer_MRI_4_classes_dataset/VeryMildDemented/18 (25).jpg,VeryMildDemented,VeryMildDemented,Demented,Demented,VeryMildDemented_patient25,VeryMildDemented_patient25,True,True,True,4,review_only_not_split_blocking
img_e41394816a0f,img_325ae0cb4d6f,Alzheimer_MRI_4_classes_dataset/Alzheimer_MRI_4_classes_dataset/VeryMildDemented/17 (29).jpg,Alzheimer_MRI_4_classes_dataset/Alzheimer_MRI_4_classes_dataset/VeryMildDemented/18 (29).jpg,VeryMildDemented,VeryMildDemented,Demented,Demented,VeryMildDemented_patient29,VeryMildDemented_patient29,True,True,True,3,review_only_not_split_blocking
img_dcf0a063c7bd,img_70c5faacf664,Alzheimer_MRI_4_classes_dataset/Alzheimer_MRI_4_classes_dataset/VeryMildDemented/17 (30).jpg,Alzheimer_MRI_4_classes_dataset/Alzheimer_MRI_4_classes_dataset/VeryMildDemented/18 (30).jpg,VeryMildDemented,VeryMildDemented,Demented,Demented,VeryMildDemented_patient30,VeryMildDemented_patient30,True,True,True,2,review_only_not_split_blocking
img_0618a278f582,img_68510b33b803,Alzheimer_MRI_4_classes_dataset/Alzheimer_MRI_4_classes_dataset/VeryMildDemented/17 (33).jpg,Alzheimer_MRI_4_classes_dataset/Alzheimer_MRI_4_classes_dataset/VeryMildDemented/18 (33).jpg,VeryMildDemented,VeryMildDemented,Demented,Demented,VeryMildDemented_patient33,VeryMildDemented_patient33,True,True,True,3,review_only_not_split_blocking
img_578d68a2aec2,img_ae9bb2212afc,Alzheimer_MRI_4_classes_dataset/Alzheimer_MRI_4_classes_dataset/VeryMildDemented/17 (37).jpg,Alzheimer_MRI_4_classes_dataset/Alzheimer_MRI_4_classes_dataset/VeryMildDemented/18 (37).jpg,VeryMildDemented,VeryMildDemented,Demented,Demented,VeryMildDemented_patient37,VeryMildDemented_patient37,True,True,True,4,review_only_not_split_blocking
img_02dd089a18c5,img_214a10877ef7,Alzheimer_MRI_4_classes_dataset/Alzheimer_MRI_4_classes_dataset/VeryMildDemented/17 (38).jpg,Alzheimer_MRI_4_classes_dataset/Alzheimer_MRI_4_classes_dataset/VeryMildDemented/18 (38).jpg,VeryMildDemented,VeryMildDemented,Demented,Demented,VeryMildDemented_patient38,VeryMildDemented_patient38,True,True,True,1,review_only_not_split_blocking
img_02dd089a18c5,img_d74e445df5c8,Alzheimer_MRI_4_classes_dataset/Alzheimer_MRI_4_classes_dataset/VeryMildDemented/17 (38).jpg,Alzheimer_MRI_4_classes_dataset/Alzheimer_MRI_4_classes_dataset/VeryMildDemented/19 (38).jpg,VeryMildDemented,VeryMildDemented,Demented,Demented,VeryMildDemented_patient38,VeryMildDemented_patient38,True,True,True,3,review_only_not_split_blocking
img_34e8027abf23,img_143da1b478c0,Alzheimer_MRI_4_classes_dataset/Alzheimer_MRI_4_classes_dataset/VeryMildDemented/17 (40).jpg,Alzheimer_MRI_4_classes_dataset/Alzheimer_MRI_4_classes_dataset/VeryMildDemented/18 (40).jpg,VeryMildDemented,VeryMildDemented,Demented,Demented,VeryMildDemented_patient40,VeryMildDemented_patient40,True,True,True,4,review_only_not_split_blocking
img_dd99deee742b,img_6f750f9bb1d5,Alzheimer_MRI_4_classes_dataset/Alzheimer_MRI_4_classes_dataset/VeryMildDemented/17 (41).jpg,Alzheimer_MRI_4_classes_dataset/Alzheimer_MRI_4_classes_dataset/VeryMildDemented/18 (41).jpg,VeryMildDemented,VeryMildDemented,Demented,Demented,VeryMildDemented_patient41,VeryMildDemented_patient41,True,True,True,3,review_only_not_split_blocking
img_a5665ce2174c,img_21578a51f4dc,Alzheimer_MRI_4_classes_dataset/Alzheimer_MRI_4_classes_dataset/VeryMildDemented/17 (49).jpg,Alzheimer_MRI_4_classes_dataset/Alzheimer_MRI_4_classes_dataset/VeryMildDemented/18 (49).jpg,VeryMildDemented,VeryMildDemented,Demented,Demented,VeryMildDemented_patient49,VeryMildDemented_patient49,True,True,True,4,review_only_not_split_blocking
img_33fa1246b0d3,img_b83eb88b526c,Alzheimer_MRI_4_classes_dataset/Alzheimer_MRI_4_classes_dataset/VeryMildDemented/17 (51).jpg,Alzheimer_MRI_4_classes_dataset/Alzheimer_MRI_4_classes_dataset/VeryMildDemented/18 (51).jpg,VeryMildDemented,VeryMildDemented,Demented,Demented,VeryMildDemented_patient51,VeryMildDemented_patient51,True,True,True,3,review_only_not_split_blocking
img_50cfb400922c,img_569865346f6a,Alzheimer_MRI_4_classes_dataset/Alzheimer_MRI_4_classes_dataset/VeryMildDemented/17 (53).jpg,Alzheimer_MRI_4_classes_dataset/Alzheimer_MRI_4_classes_dataset/VeryMildDemented/18 (53).jpg,VeryMildDemented,VeryMildDemented,Demented,Demented,VeryMildDemented_patient53,VeryMildDemented_patient53,True,True,True,3,review_only_not_split_blocking
img_308ec2af73c0,img_5ad2936df418,Alzheimer_MRI_4_classes_dataset/Alzheimer_MRI_4_classes_dataset/VeryMildDemented/17 (55).jpg,Alzheimer_MRI_4_classes_dataset/Alzheimer_MRI_4_classes_dataset/VeryMildDemented/18 (55).jpg,VeryMildDemented,VeryMildDemented,Demented,Demented,VeryMildDemented_patient55,VeryMildDemented_patient55,True,True,True,2,review_only_not_split_blocking
img_bb81425d2ed4,img_beb3a149fbdc,Alzheimer_MRI_4_classes_dataset/Alzheimer_MRI_4_classes_dataset/VeryMildDemented/17 (57).jpg,Alzheimer_MRI_4_classes_dataset/Alzheimer_MRI_4_classes_dataset/VeryMildDemented/18 (57).jpg,VeryMildDemented,VeryMildDemented,Demented,Demented,VeryMildDemented_patient57,VeryMildDemented_patient57,True,True,True,4,review_only_not_split_blocking
img_c1efa5d97a26,img_5c14c24d5252,Alzheimer_MRI_4_classes_dataset/Alzheimer_MRI_4_classes_dataset/VeryMildDemented/17 (6).jpg,Alzheimer_MRI_4_classes_dataset/Alzheimer_MRI_4_classes_dataset/VeryMildDemented/18 (6).jpg,VeryMildDemented,VeryMildDemented,Demented,Demented,VeryMildDemented_patient6,VeryMildDemented_patient6,True,True,True,3,review_only_not_split_blocking
img_5ef9d545a765,img_d33d3f209324,Alzheimer_MRI_4_classes_dataset/Alzheimer_MRI_4_classes_dataset/VeryMildDemented/17 (62).jpg,Alzheimer_MRI_4_classes_dataset/Alzheimer_MRI_4_classes_dataset/VeryMildDemented/18 (62).jpg,VeryMildDemented,VeryMildDemented,Demented,Demented,VeryMildDemented_patient62,VeryMildDemented_patient62,True,True,True,1,review_only_not_split_blocking
img_ab1a61258fff,img_05af890b2fb3,Alzheimer_MRI_4_classes_dataset/Alzheimer_MRI_4_classes_dataset/VeryMildDemented/17.jpg,Alzheimer_MRI_4_classes_dataset/Alzheimer_MRI_4_classes_dataset/VeryMildDemented/18.jpg,VeryMildDemented,VeryMildDemented,Demented,Demented,VeryMildDemented_unique_17_2e27475e06d5,VeryMildDemented_unique_18_5c23e85bd27d,False,True,True,3,review_only_not_split_blocking
img_8b26e0578a65,img_6bca6dfa39b5,Alzheimer_MRI_4_classes_dataset/Alzheimer_MRI_4_classes_dataset/VeryMildDemented/18 (22).jpg,Alzheimer_MRI_4_classes_dataset/Alzheimer_MRI_4_classes_dataset/VeryMildDemented/19 (22).jpg,VeryMildDemented,VeryMildDemented,Demented,Demented,VeryMildDemented_patient22,VeryMildDemented_patient22,True,True,True,1,review_only_not_split_blocking
img_2f8523741b50,img_0cce780dec74,Alzheimer_MRI_4_classes_dataset/Alzheimer_MRI_4_classes_dataset/VeryMildDemented/18 (26).jpg,Alzheimer_MRI_4_classes_dataset/Alzheimer_MRI_4_classes_dataset/VeryMildDemented/19 (26).jpg,VeryMildDemented,VeryMildDemented,Demented,Demented,VeryMildDemented_patient26,VeryMildDemented_patient26,True,True,True,4,review_only_not_split_blocking
img_676c1e764682,img_08bd118716cb,Alzheimer_MRI_4_classes_dataset/Alzheimer_MRI_4_classes_dataset/VeryMildDemented/18 (32).jpg,Alzheimer_MRI_4_classes_dataset/Alzheimer_MRI_4_classes_dataset/VeryMildDemented/19 (32).jpg,VeryMildDemented,VeryMildDemented,Demented,Demented,VeryMildDemented_patient32,VeryMildDemented_patient32,True,True,True,2,review_only_not_split_blocking
img_676c1e764682,img_d59e74dcc4e4,Alzheimer_MRI_4_classes_dataset/Alzheimer_MRI_4_classes_dataset/VeryMildDemented/18 (32).jpg,Alzheimer_MRI_4_classes_dataset/Alzheimer_MRI_4_classes_dataset/VeryMildDemented/20 (32).jpg,VeryMildDemented,VeryMildDemented,Demented,Demented,VeryMildDemented_patient32,VeryMildDemented_patient32,True,True,True,4,review_only_not_split_blocking
img_ee36cb7ccb88,img_871488173413,Alzheimer_MRI_4_classes_dataset/Alzheimer_MRI_4_classes_dataset/VeryMildDemented/18 (34).jpg,Alzheimer_MRI_4_classes_dataset/Alzheimer_MRI_4_classes_dataset/VeryMildDemented/19 (34).jpg,VeryMildDemented,VeryMildDemented,Demented,Demented,VeryMildDemented_patient34,VeryMildDemented_patient34,True,True,True,3,review_only_not_split_blocking
img_e49a1ff6622c,img_06707869d56a,Alzheimer_MRI_4_classes_dataset/Alzheimer_MRI_4_classes_dataset/VeryMildDemented/18 (36).jpg,Alzheimer_MRI_4_classes_dataset/Alzheimer_MRI_4_classes_dataset/VeryMildDemented/19 (36).jpg,VeryMildDemented,VeryMildDemented,Demented,Demented,VeryMildDemented_patient36,VeryMildDemented_patient36,True,True,True,4,review_only_not_split_blocking
img_214a10877ef7,img_d74e445df5c8,Alzheimer_MRI_4_classes_dataset/Alzheimer_MRI_4_classes_dataset/VeryMildDemented/18 (38).jpg,Alzheimer_MRI_4_classes_dataset/Alzheimer_MRI_4_classes_dataset/VeryMildDemented/19 (38).jpg,VeryMildDemented,VeryMildDemented,Demented,Demented,VeryMildDemented_patient38,VeryMildDemented_patient38,True,True,True,2,review_only_not_split_blocking
img_90a091f7310e,img_33ac79951253,Alzheimer_MRI_4_classes_dataset/Alzheimer_MRI_4_classes_dataset/VeryMildDemented/18 (46).jpg,Alzheimer_MRI_4_classes_dataset/Alzheimer_MRI_4_classes_dataset/VeryMildDemented/19 (46).jpg,VeryMildDemented,VeryMildDemented,Demented,Demented,VeryMildDemented_patient46,VeryMildDemented_patient46,True,True,True,4,review_only_not_split_blocking
img_9655c32556d2,img_ba33974f4f24,Alzheimer_MRI_4_classes_dataset/Alzheimer_MRI_4_classes_dataset/VeryMildDemented/18 (56).jpg,Alzheimer_MRI_4_classes_dataset/Alzheimer_MRI_4_classes_dataset/VeryMildDemented/19 (56).jpg,VeryMildDemented,VeryMildDemented,Demented,Demented,VeryMildDemented_patient56,VeryMildDemented_patient56,True,True,True,4,review_only_not_split_blocking
img_beb3a149fbdc,img_968603a3469a,Alzheimer_MRI_4_classes_dataset/Alzheimer_MRI_4_classes_dataset/VeryMildDemented/18 (57).jpg,Alzheimer_MRI_4_classes_dataset/Alzheimer_MRI_4_classes_dataset/VeryMildDemented/19 (57).jpg,VeryMildDemented,VeryMildDemented,Demented,Demented,VeryMildDemented_patient57,VeryMildDemented_patient57,True,True,True,4,review_only_not_split_blocking
img_57611585d397,img_9e328c5707f8,Alzheimer_MRI_4_classes_dataset/Alzheimer_MRI_4_classes_dataset/VeryMildDemented/18 (58).jpg,Alzheimer_MRI_4_classes_dataset/Alzheimer_MRI_4_classes_dataset/VeryMildDemented/19 (58).jpg,VeryMildDemented,VeryMildDemented,Demented,Demented,VeryMildDemented_patient58,VeryMildDemented_patient58,True,True,True,3,review_only_not_split_blocking
img_2651bcc9557d,img_10926491e813,Alzheimer_MRI_4_classes_dataset/Alzheimer_MRI_4_classes_dataset/VeryMildDemented/18 (61).jpg,Alzheimer_MRI_4_classes_dataset/Alzheimer_MRI_4_classes_dataset/VeryMildDemented/19 (61).jpg,VeryMildDemented,VeryMildDemented,Demented,Demented,VeryMildDemented_patient61,VeryMildDemented_patient61,True,True,True,4,review_only_not_split_blocking
img_d33d3f209324,img_fc93a5983565,Alzheimer_MRI_4_classes_dataset/Alzheimer_MRI_4_classes_dataset/VeryMildDemented/18 (62).jpg,Alzheimer_MRI_4_classes_dataset/Alzheimer_MRI_4_classes_dataset/VeryMildDemented/19 (62).jpg,VeryMildDemented,VeryMildDemented,Demented,Demented,VeryMildDemented_patient62,VeryMildDemented_patient62,True,True,True,4,review_only_not_split_blocking
img_c3f8f9abc0fa,img_5961bcf0faeb,Alzheimer_MRI_4_classes_dataset/Alzheimer_MRI_4_classes_dataset/VeryMildDemented/18 (63).jpg,Alzheimer_MRI_4_classes_dataset/Alzheimer_MRI_4_classes_dataset/VeryMildDemented/19 (63).jpg,VeryMildDemented,VeryMildDemented,Demented,Demented,VeryMildDemented_patient63,VeryMildDemented_patient63,True,True,True,3,review_only_not_split_blocking
img_63a3e56bd83d,img_dc586d5df7a0,Alzheimer_MRI_4_classes_dataset/Alzheimer_MRI_4_classes_dataset/VeryMildDemented/18 (65).jpg,Alzheimer_MRI_4_classes_dataset/Alzheimer_MRI_4_classes_dataset/VeryMildDemented/19 (65).jpg,VeryMildDemented,VeryMildDemented,Demented,Demented,VeryMildDemented_patient65,VeryMildDemented_patient65,True,True,True,4,review_only_not_split_blocking
img_dbc6dbfe5a56,img_7cbb5e2e8db4,Alzheimer_MRI_4_classes_dataset/Alzheimer_MRI_4_classes_dataset/VeryMildDemented/18 (70).jpg,Alzheimer_MRI_4_classes_dataset/Alzheimer_MRI_4_classes_dataset/VeryMildDemented/19 (70).jpg,VeryMildDemented,VeryMildDemented,Demented,Demented,VeryMildDemented_patient70,VeryMildDemented_patient70,True,True,True,4,review_only_not_split_blocking
img_ee20fbe1c4fe,img_ca18d398f340,Alzheimer_MRI_4_classes_dataset/Alzheimer_MRI_4_classes_dataset/VeryMildDemented/18 (9).jpg,Alzheimer_MRI_4_classes_dataset/Alzheimer_MRI_4_classes_dataset/VeryMildDemented/19 (9).jpg,VeryMildDemented,VeryMildDemented,Demented,Demented,VeryMildDemented_patient9,VeryMildDemented_patient9,True,True,True,3,review_only_not_split_blocking
img_05af890b2fb3,img_512f7f08e8a6,Alzheimer_MRI_4_classes_dataset/Alzheimer_MRI_4_classes_dataset/VeryMildDemented/18.jpg,Alzheimer_MRI_4_classes_dataset/Alzheimer_MRI_4_classes_dataset/VeryMildDemented/19.jpg,VeryMildDemented,VeryMildDemented,Demented,Demented,VeryMildDemented_unique_18_5c23e85bd27d,VeryMildDemented_unique_19_9bf9e6835f30,False,True,True,4,review_only_not_split_blocking
img_288e3e3d2d12,img_0cd4ae4e8962,Alzheimer_MRI_4_classes_dataset/Alzheimer_MRI_4_classes_dataset/VeryMildDemented/19 (18).jpg,Alzheimer_MRI_4_classes_dataset/Alzheimer_MRI_4_classes_dataset/VeryMildDemented/20 (18).jpg,VeryMildDemented,VeryMildDemented,Demented,Demented,VeryMildDemented_patient18,VeryMildDemented_patient18,True,True,True,3,review_only_not_split_blocking
img_72305fc6e523,img_b11588dd9348,Alzheimer_MRI_4_classes_dataset/Alzheimer_MRI_4_classes_dataset/VeryMildDemented/19 (19).jpg,Alzheimer_MRI_4_classes_dataset/Alzheimer_MRI_4_classes_dataset/VeryMildDemented/20 (19).jpg,VeryMildDemented,VeryMildDemented,Demented,Demented,VeryMildDemented_patient19,VeryMildDemented_patient19,True,True,True,4,review_only_not_split_blocking
img_6bca6dfa39b5,img_ce17a45d8c01,Alzheimer_MRI_4_classes_dataset/Alzheimer_MRI_4_classes_dataset/VeryMildDemented/19 (22).jpg,Alzheimer_MRI_4_classes_dataset/Alzheimer_MRI_4_classes_dataset/VeryMildDemented/20 (22).jpg,VeryMildDemented,VeryMildDemented,Demented,Demented,VeryMildDemented_patient22,VeryMildDemented_patient22,True,True,True,4,review_only_not_split_blocking
img_f6963c3f3657,img_57de1eb1b255,Alzheimer_MRI_4_classes_dataset/Alzheimer_MRI_4_classes_dataset/VeryMildDemented/19 (25).jpg,Alzheimer_MRI_4_classes_dataset/Alzheimer_MRI_4_classes_dataset/VeryMildDemented/20 (25).jpg,VeryMildDemented,VeryMildDemented,Demented,Demented,VeryMildDemented_patient25,VeryMildDemented_patient25,True,True,True,4,review_only_not_split_blocking
img_08bd118716cb,img_d59e74dcc4e4,Alzheimer_MRI_4_classes_dataset/Alzheimer_MRI_4_classes_dataset/VeryMildDemented/19 (32).jpg,Alzheimer_MRI_4_classes_dataset/Alzheimer_MRI_4_classes_dataset/VeryMildDemented/20 (32).jpg,VeryMildDemented,VeryMildDemented,Demented,Demented,VeryMildDemented_patient32,VeryMildDemented_patient32,True,True,True,2,review_only_not_split_blocking
img_06707869d56a,img_461f88df6cbd,Alzheimer_MRI_4_classes_dataset/Alzheimer_MRI_4_classes_dataset/VeryMildDemented/19 (36).jpg,Alzheimer_MRI_4_classes_dataset/Alzheimer_MRI_4_classes_dataset/VeryMildDemented/20 (36).jpg,VeryMildDemented,VeryMildDemented,Demented,Demented,VeryMildDemented_patient36,VeryMildDemented_patient36,True,True,True,4,review_only_not_split_blocking
img_98cf4a41e370,img_bc96053152a3,Alzheimer_MRI_4_classes_dataset/Alzheimer_MRI_4_classes_dataset/VeryMildDemented/19 (40).jpg,Alzheimer_MRI_4_classes_dataset/Alzheimer_MRI_4_classes_dataset/VeryMildDemented/20 (40).jpg,VeryMildDemented,VeryMildDemented,Demented,Demented,VeryMildDemented_patient40,VeryMildDemented_patient40,True,True,True,2,review_only_not_split_blocking
img_9efd01e07905,img_710a21d3380b,Alzheimer_MRI_4_classes_dataset/Alzheimer_MRI_4_classes_dataset/VeryMildDemented/19 (49).jpg,Alzheimer_MRI_4_classes_dataset/Alzheimer_MRI_4_classes_dataset/VeryMildDemented/20 (49).jpg,VeryMildDemented,VeryMildDemented,Demented,Demented,VeryMildDemented_patient49,VeryMildDemented_patient49,True,True,True,3,review_only_not_split_blocking
img_3d1bdb5f80ae,img_426d1cffc7b8,Alzheimer_MRI_4_classes_dataset/Alzheimer_MRI_4_classes_dataset/VeryMildDemented/19 (51).jpg,Alzheimer_MRI_4_classes_dataset/Alzheimer_MRI_4_classes_dataset/VeryMildDemented/20 (51).jpg,VeryMildDemented,VeryMildDemented,Demented,Demented,VeryMildDemented_patient51,VeryMildDemented_patient51,True,True,True,3,review_only_not_split_blocking
img_567f3e452029,img_8b3954e3d11b,Alzheimer_MRI_4_classes_dataset/Alzheimer_MRI_4_classes_dataset/VeryMildDemented/19 (52).jpg,Alzheimer_MRI_4_classes_dataset/Alzheimer_MRI_4_classes_dataset/VeryMildDemented/20 (52).jpg,VeryMildDemented,VeryMildDemented,Demented,Demented,VeryMildDemented_patient52,VeryMildDemented_patient52,True,True,True,3,review_only_not_split_blocking
img_ba33974f4f24,img_abbcf1ee68a7,Alzheimer_MRI_4_classes_dataset/Alzheimer_MRI_4_classes_dataset/VeryMildDemented/19 (56).jpg,Alzheimer_MRI_4_classes_dataset/Alzheimer_MRI_4_classes_dataset/VeryMildDemented/20 (56).jpg,VeryMildDemented,VeryMildDemented,Demented,Demented,VeryMildDemented_patient56,VeryMildDemented_patient56,True,True,True,4,review_only_not_split_blocking
img_10926491e813,img_e8f19e03d79e,Alzheimer_MRI_4_classes_dataset/Alzheimer_MRI_4_classes_dataset/VeryMildDemented/19 (61).jpg,Alzheimer_MRI_4_classes_dataset/Alzheimer_MRI_4_classes_dataset/VeryMildDemented/20 (61).jpg,VeryMildDemented,VeryMildDemented,Demented,Demented,VeryMildDemented_patient61,VeryMildDemented_patient61,True,True,True,4,review_only_not_split_blocking
img_13853fc386cb,img_d8c1c8d5a9bd,Alzheimer_MRI_4_classes_dataset/Alzheimer_MRI_4_classes_dataset/VeryMildDemented/2 (11).jpg,Alzheimer_MRI_4_classes_dataset/Alzheimer_MRI_4_classes_dataset/VeryMildDemented/3 (11).jpg,VeryMildDemented,VeryMildDemented,Demented,Demented,VeryMildDemented_patient11,VeryMildDemented_patient11,True,True,True,4,review_only_not_split_blocking
img_9c4fea443d5b,img_1b95fc15cb8b,Alzheimer_MRI_4_classes_dataset/Alzheimer_MRI_4_classes_dataset/VeryMildDemented/2 (14).jpg,Alzheimer_MRI_4_classes_dataset/Alzheimer_MRI_4_classes_dataset/VeryMildDemented/3 (14).jpg,VeryMildDemented,VeryMildDemented,Demented,Demented,VeryMildDemented_patient14,VeryMildDemented_patient14,True,True,True,4,review_only_not_split_blocking
img_953b0b6a9a82,img_7a6806aea8b2,Alzheimer_MRI_4_classes_dataset/Alzheimer_MRI_4_classes_dataset/VeryMildDemented/2 (29).jpg,Alzheimer_MRI_4_classes_dataset/Alzheimer_MRI_4_classes_dataset/VeryMildDemented/3 (29).jpg,VeryMildDemented,VeryMildDemented,Demented,Demented,VeryMildDemented_patient29,VeryMildDemented_patient29,True,True,True,4,review_only_not_split_blocking
img_be3606030285,img_4dba3b357b44,Alzheimer_MRI_4_classes_dataset/Alzheimer_MRI_4_classes_dataset/VeryMildDemented/2 (3).jpg,Alzheimer_MRI_4_classes_dataset/Alzheimer_MRI_4_classes_dataset/VeryMildDemented/3 (3).jpg,VeryMildDemented,VeryMildDemented,Demented,Demented,VeryMildDemented_patient3,VeryMildDemented_patient3,True,True,True,3,review_only_not_split_blocking
img_a1294b36a53e,img_6d3b3e126957,Alzheimer_MRI_4_classes_dataset/Alzheimer_MRI_4_classes_dataset/VeryMildDemented/2 (32).jpg,Alzheimer_MRI_4_classes_dataset/Alzheimer_MRI_4_classes_dataset/VeryMildDemented/3 (32).jpg,VeryMildDemented,VeryMildDemented,Demented,Demented,VeryMildDemented_patient32,VeryMildDemented_patient32,True,True,True,2,review_only_not_split_blocking
img_bdb321490117,img_4cbdce61e6ba,Alzheimer_MRI_4_classes_dataset/Alzheimer_MRI_4_classes_dataset/VeryMildDemented/2 (41).jpg,Alzheimer_MRI_4_classes_dataset/Alzheimer_MRI_4_classes_dataset/VeryMildDemented/3 (41).jpg,VeryMildDemented,VeryMildDemented,Demented,Demented,VeryMildDemented_patient41,VeryMildDemented_patient41,True,True,True,3,review_only_not_split_blocking
img_e7e81008f28b,img_b2217d84cdad,Alzheimer_MRI_4_classes_dataset/Alzheimer_MRI_4_classes_dataset/VeryMildDemented/2 (47).jpg,Alzheimer_MRI_4_classes_dataset/Alzheimer_MRI_4_classes_dataset/VeryMildDemented/3 (47).jpg,VeryMildDemented,VeryMildDemented,Demented,Demented,VeryMildDemented_patient47,VeryMildDemented_patient47,True,True,True,2,review_only_not_split_blocking
img_7ebf91b85ab9,img_94efede4c15b,Alzheimer_MRI_4_classes_dataset/Alzheimer_MRI_4_classes_dataset/VeryMildDemented/2 (48).jpg,Alzheimer_MRI_4_classes_dataset/Alzheimer_MRI_4_classes_dataset/VeryMildDemented/3 (48).jpg,VeryMildDemented,VeryMildDemented,Demented,Demented,VeryMildDemented_patient48,VeryMildDemented_patient48,True,True,True,3,review_only_not_split_blocking
img_382144b99a97,img_5b3df2fdba60,Alzheimer_MRI_4_classes_dataset/Alzheimer_MRI_4_classes_dataset/VeryMildDemented/2 (54).jpg,Alzheimer_MRI_4_classes_dataset/Alzheimer_MRI_4_classes_dataset/VeryMildDemented/3 (54).jpg,VeryMildDemented,VeryMildDemented,Demented,Demented,VeryMildDemented_patient54,VeryMildDemented_patient54,True,True,True,4,review_only_not_split_blocking
img_2f6d8bbad0b3,img_c8e1908f926e,Alzheimer_MRI_4_classes_dataset/Alzheimer_MRI_4_classes_dataset/VeryMildDemented/2 (60).jpg,Alzheimer_MRI_4_classes_dataset/Alzheimer_MRI_4_classes_dataset/VeryMildDemented/3 (60).jpg,VeryMildDemented,VeryMildDemented,Demented,Demented,VeryMildDemented_patient60,VeryMildDemented_patient60,True,True,True,4,review_only_not_split_blocking
img_f33a81c80c7d,img_911c32265297,Alzheimer_MRI_4_classes_dataset/Alzheimer_MRI_4_classes_dataset/VeryMildDemented/2 (67).jpg,Alzheimer_MRI_4_classes_dataset/Alzheimer_MRI_4_classes_dataset/VeryMildDemented/3 (67).jpg,VeryMildDemented,VeryMildDemented,Demented,Demented,VeryMildDemented_patient67,VeryMildDemented_patient67,True,True,True,1,review_only_not_split_blocking
img_7597935ad39f,img_b777de85c302,Alzheimer_MRI_4_classes_dataset/Alzheimer_MRI_4_classes_dataset/VeryMildDemented/2 (9).jpg,Alzheimer_MRI_4_classes_dataset/Alzheimer_MRI_4_classes_dataset/VeryMildDemented/3 (9).jpg,VeryMildDemented,VeryMildDemented,Demented,Demented,VeryMildDemented_patient9,VeryMildDemented_patient9,True,True,True,3,review_only_not_split_blocking
img_632f38fc5e87,img_41de2959add6,Alzheimer_MRI_4_classes_dataset/Alzheimer_MRI_4_classes_dataset/VeryMildDemented/20 (14).jpg,Alzheimer_MRI_4_classes_dataset/Alzheimer_MRI_4_classes_dataset/VeryMildDemented/21 (14).jpg,VeryMildDemented,VeryMildDemented,Demented,Demented,VeryMildDemented_patient14,VeryMildDemented_patient14,True,True,True,4,review_only_not_split_blocking
img_d12ea5c03713,img_021383103ef4,Alzheimer_MRI_4_classes_dataset/Alzheimer_MRI_4_classes_dataset/VeryMildDemented/20 (2).jpg,Alzheimer_MRI_4_classes_dataset/Alzheimer_MRI_4_classes_dataset/VeryMildDemented/21 (2).jpg,VeryMildDemented,VeryMildDemented,Demented,Demented,VeryMildDemented_patient2,VeryMildDemented_patient2,True,True,True,4,review_only_not_split_blocking
img_b8c6274f48e8,img_b9cb58ac5395,Alzheimer_MRI_4_classes_dataset/Alzheimer_MRI_4_classes_dataset/VeryMildDemented/20 (3).jpg,Alzheimer_MRI_4_classes_dataset/Alzheimer_MRI_4_classes_dataset/VeryMildDemented/21 (3).jpg,VeryMildDemented,VeryMildDemented,Demented,Demented,VeryMildDemented_patient3,VeryMildDemented_patient3,True,True,True,3,review_only_not_split_blocking
img_aa65711de994,img_58adc5a1c9a1,Alzheimer_MRI_4_classes_dataset/Alzheimer_MRI_4_classes_dataset/VeryMildDemented/20 (30).jpg,Alzheimer_MRI_4_classes_dataset/Alzheimer_MRI_4_classes_dataset/VeryMildDemented/21 (30).jpg,VeryMildDemented,VeryMildDemented,Demented,Demented,VeryMildDemented_patient30,VeryMildDemented_patient30,True,True,True,3,review_only_not_split_blocking
img_425f65ed9301,img_897ec0c78b41,Alzheimer_MRI_4_classes_dataset/Alzheimer_MRI_4_classes_dataset/VeryMildDemented/20 (5).jpg,Alzheimer_MRI_4_classes_dataset/Alzheimer_MRI_4_classes_dataset/VeryMildDemented/21 (5).jpg,VeryMildDemented,VeryMildDemented,Demented,Demented,VeryMildDemented_patient5,VeryMildDemented_patient5,True,True,True,3,review_only_not_split_blocking
img_4816842c43ac,img_d39a3f49a8f5,Alzheimer_MRI_4_classes_dataset/Alzheimer_MRI_4_classes_dataset/VeryMildDemented/20 (50).jpg,Alzheimer_MRI_4_classes_dataset/Alzheimer_MRI_4_classes_dataset/VeryMildDemented/21 (50).jpg,VeryMildDemented,VeryMildDemented,Demented,Demented,VeryMildDemented_patient50,VeryMildDemented_patient50,True,True,True,2,review_only_not_split_blocking
img_65400859633a,img_f04ebaff1591,Alzheimer_MRI_4_classes_dataset/Alzheimer_MRI_4_classes_dataset/VeryMildDemented/20 (53).jpg,Alzheimer_MRI_4_classes_dataset/Alzheimer_MRI_4_classes_dataset/VeryMildDemented/21 (53).jpg,VeryMildDemented,VeryMildDemented,Demented,Demented,VeryMildDemented_patient53,VeryMildDemented_patient53,True,True,True,4,review_only_not_split_blocking
img_b5dd8862c6ca,img_4c40f63ab9b8,Alzheimer_MRI_4_classes_dataset/Alzheimer_MRI_4_classes_dataset/VeryMildDemented/20 (54).jpg,Alzheimer_MRI_4_classes_dataset/Alzheimer_MRI_4_classes_dataset/VeryMildDemented/21 (54).jpg,VeryMildDemented,VeryMildDemented,Demented,Demented,VeryMildDemented_patient54,VeryMildDemented_patient54,True,True,True,3,review_only_not_split_blocking
img_538ab6344c2a,img_4ecafedd0a42,Alzheimer_MRI_4_classes_dataset/Alzheimer_MRI_4_classes_dataset/VeryMildDemented/20 (9).jpg,Alzheimer_MRI_4_classes_dataset/Alzheimer_MRI_4_classes_dataset/VeryMildDemented/21 (9).jpg,VeryMildDemented,VeryMildDemented,Demented,Demented,VeryMildDemented_patient9,VeryMildDemented_patient9,True,True,True,4,review_only_not_split_blocking
img_50eb46153395,img_6c7981a6d7a6,Alzheimer_MRI_4_classes_dataset/Alzheimer_MRI_4_classes_dataset/VeryMildDemented/21 (11).jpg,Alzheimer_MRI_4_classes_dataset/Alzheimer_MRI_4_classes_dataset/VeryMildDemented/22 (11).jpg,VeryMildDemented,VeryMildDemented,Demented,Demented,VeryMildDemented_patient11,VeryMildDemented_patient11,True,True,True,3,review_only_not_split_blocking
img_0ca333d2fb77,img_28c6356a5805,Alzheimer_MRI_4_classes_dataset/Alzheimer_MRI_4_classes_dataset/VeryMildDemented/21 (12).jpg,Alzheimer_MRI_4_classes_dataset/Alzheimer_MRI_4_classes_dataset/VeryMildDemented/22 (12).jpg,VeryMildDemented,VeryMildDemented,Demented,Demented,VeryMildDemented_patient12,VeryMildDemented_patient12,True,True,True,4,review_only_not_split_blocking
img_09469a1e1f01,img_c434caf9993b,Alzheimer_MRI_4_classes_dataset/Alzheimer_MRI_4_classes_dataset/VeryMildDemented/21 (17).jpg,Alzheimer_MRI_4_classes_dataset/Alzheimer_MRI_4_classes_dataset/VeryMildDemented/22 (17).jpg,VeryMildDemented,VeryMildDemented,Demented,Demented,VeryMildDemented_patient17,VeryMildDemented_patient17,True,True,True,2,review_only_not_split_blocking
img_021383103ef4,img_866b1d61406c,Alzheimer_MRI_4_classes_dataset/Alzheimer_MRI_4_classes_dataset/VeryMildDemented/21 (2).jpg,Alzheimer_MRI_4_classes_dataset/Alzheimer_MRI_4_classes_dataset/VeryMildDemented/22 (2).jpg,VeryMildDemented,VeryMildDemented,Demented,Demented,VeryMildDemented_patient2,VeryMildDemented_patient2,True,True,True,4,review_only_not_split_blocking
img_37178c922a60,img_f58405b23d29,Alzheimer_MRI_4_classes_dataset/Alzheimer_MRI_4_classes_dataset/VeryMildDemented/21 (22).jpg,Alzheimer_MRI_4_classes_dataset/Alzheimer_MRI_4_classes_dataset/VeryMildDemented/22 (22).jpg,VeryMildDemented,VeryMildDemented,Demented,Demented,VeryMildDemented_patient22,VeryMildDemented_patient22,True,True,True,4,review_only_not_split_blocking
img_7b9e5690eef6,img_b7a8f13691a5,Alzheimer_MRI_4_classes_dataset/Alzheimer_MRI_4_classes_dataset/VeryMildDemented/21 (27).jpg,Alzheimer_MRI_4_classes_dataset/Alzheimer_MRI_4_classes_dataset/VeryMildDemented/22 (27).jpg,VeryMildDemented,VeryMildDemented,Demented,Demented,VeryMildDemented_patient27,VeryMildDemented_patient27,True,True,True,3,review_only_not_split_blocking
img_8dcbdaacd451,img_240f6169de3c,Alzheimer_MRI_4_classes_dataset/Alzheimer_MRI_4_classes_dataset/VeryMildDemented/21 (34).jpg,Alzheimer_MRI_4_classes_dataset/Alzheimer_MRI_4_classes_dataset/VeryMildDemented/22 (34).jpg,VeryMildDemented,VeryMildDemented,Demented,Demented,VeryMildDemented_patient34,VeryMildDemented_patient34,True,True,True,2,review_only_not_split_blocking
img_395d061f343e,img_9486c69c0a1a,Alzheimer_MRI_4_classes_dataset/Alzheimer_MRI_4_classes_dataset/VeryMildDemented/21 (38).jpg,Alzheimer_MRI_4_classes_dataset/Alzheimer_MRI_4_classes_dataset/VeryMildDemented/22 (38).jpg,VeryMildDemented,VeryMildDemented,Demented,Demented,VeryMildDemented_patient38,VeryMildDemented_patient38,True,True,True,3,review_only_not_split_blocking
img_ec0ea7bcd2bd,img_efd7c4f11724,Alzheimer_MRI_4_classes_dataset/Alzheimer_MRI_4_classes_dataset/VeryMildDemented/21 (4).jpg,Alzheimer_MRI_4_classes_dataset/Alzheimer_MRI_4_classes_dataset/VeryMildDemented/22 (4).jpg,VeryMildDemented,VeryMildDemented,Demented,Demented,VeryMildDemented_patient4,VeryMildDemented_patient4,True,True,True,4,review_only_not_split_blocking
img_b2e64535275c,img_8b50795515ea,Alzheimer_MRI_4_classes_dataset/Alzheimer_MRI_4_classes_dataset/VeryMildDemented/21 (45).jpg,Alzheimer_MRI_4_classes_dataset/Alzheimer_MRI_4_classes_dataset/VeryMildDemented/22 (45).jpg,VeryMildDemented,VeryMildDemented,Demented,Demented,VeryMildDemented_patient45,VeryMildDemented_patient45,True,True,True,4,review_only_not_split_blocking
img_ebb7b1cee4b6,img_3c63fcb7aece,Alzheimer_MRI_4_classes_dataset/Alzheimer_MRI_4_classes_dataset/VeryMildDemented/21 (48).jpg,Alzheimer_MRI_4_classes_dataset/Alzheimer_MRI_4_classes_dataset/VeryMildDemented/22 (48).jpg,VeryMildDemented,VeryMildDemented,Demented,Demented,VeryMildDemented_patient48,VeryMildDemented_patient48,True,True,True,4,review_only_not_split_blocking
img_0b0c5354ab87,img_84d31ed792e1,Alzheimer_MRI_4_classes_dataset/Alzheimer_MRI_4_classes_dataset/VeryMildDemented/21 (51).jpg,Alzheimer_MRI_4_classes_dataset/Alzheimer_MRI_4_classes_dataset/VeryMildDemented/22 (51).jpg,VeryMildDemented,VeryMildDemented,Demented,Demented,VeryMildDemented_patient51,VeryMildDemented_patient51,True,True,True,4,review_only_not_split_blocking
img_005c8fc91293,img_7a36a7eca68a,Alzheimer_MRI_4_classes_dataset/Alzheimer_MRI_4_classes_dataset/VeryMildDemented/21 (52).jpg,Alzheimer_MRI_4_classes_dataset/Alzheimer_MRI_4_classes_dataset/VeryMildDemented/22 (52).jpg,VeryMildDemented,VeryMildDemented,Demented,Demented,VeryMildDemented_patient52,VeryMildDemented_patient52,True,True,True,4,review_only_not_split_blocking
img_f04ebaff1591,img_36a01e97d207,Alzheimer_MRI_4_classes_dataset/Alzheimer_MRI_4_classes_dataset/VeryMildDemented/21 (53).jpg,Alzheimer_MRI_4_classes_dataset/Alzheimer_MRI_4_classes_dataset/VeryMildDemented/22 (53).jpg,VeryMildDemented,VeryMildDemented,Demented,Demented,VeryMildDemented_patient53,VeryMildDemented_patient53,True,True,True,3,review_only_not_split_blocking
img_4c40f63ab9b8,img_9511da05d92d,Alzheimer_MRI_4_classes_dataset/Alzheimer_MRI_4_classes_dataset/VeryMildDemented/21 (54).jpg,Alzheimer_MRI_4_classes_dataset/Alzheimer_MRI_4_classes_dataset/VeryMildDemented/22 (54).jpg,VeryMildDemented,VeryMildDemented,Demented,Demented,VeryMildDemented_patient54,VeryMildDemented_patient54,True,True,True,4,review_only_not_split_blocking
img_2fe65be40505,img_e4398eb3c3d9,Alzheimer_MRI_4_classes_dataset/Alzheimer_MRI_4_classes_dataset/VeryMildDemented/21 (6).jpg,Alzheimer_MRI_4_classes_dataset/Alzheimer_MRI_4_classes_dataset/VeryMildDemented/22 (6).jpg,VeryMildDemented,VeryMildDemented,Demented,Demented,VeryMildDemented_patient6,VeryMildDemented_patient6,True,True,True,3,review_only_not_split_blocking
img_ac00f066b957,img_c82ba3141b22,Alzheimer_MRI_4_classes_dataset/Alzheimer_MRI_4_classes_dataset/VeryMildDemented/21 (60).jpg,Alzheimer_MRI_4_classes_dataset/Alzheimer_MRI_4_classes_dataset/VeryMildDemented/22 (60).jpg,VeryMildDemented,VeryMildDemented,Demented,Demented,VeryMildDemented_patient60,VeryMildDemented_patient60,True,True,True,4,review_only_not_split_blocking
img_01c57d451494,img_54e30a539ba4,Alzheimer_MRI_4_classes_dataset/Alzheimer_MRI_4_classes_dataset/VeryMildDemented/21 (61).jpg,Alzheimer_MRI_4_classes_dataset/Alzheimer_MRI_4_classes_dataset/VeryMildDemented/22 (61).jpg,VeryMildDemented,VeryMildDemented,Demented,Demented,VeryMildDemented_patient61,VeryMildDemented_patient61,True,True,True,3,review_only_not_split_blocking
img_9021112e5253,img_a4254d710c24,Alzheimer_MRI_4_classes_dataset/Alzheimer_MRI_4_classes_dataset/VeryMildDemented/21 (64).jpg,Alzheimer_MRI_4_classes_dataset/Alzheimer_MRI_4_classes_dataset/VeryMildDemented/22 (64).jpg,VeryMildDemented,VeryMildDemented,Demented,Demented,VeryMildDemented_patient64,VeryMildDemented_patient64,True,True,True,0,review_only_not_split_blocking
img_c41afd579db0,img_12397e3369e5,Alzheimer_MRI_4_classes_dataset/Alzheimer_MRI_4_classes_dataset/VeryMildDemented/21 (66).jpg,Alzheimer_MRI_4_classes_dataset/Alzheimer_MRI_4_classes_dataset/VeryMildDemented/22 (66).jpg,VeryMildDemented,VeryMildDemented,Demented,Demented,VeryMildDemented_patient66,VeryMildDemented_patient66,True,True,True,4,review_only_not_split_blocking
img_c771b14d142d,img_775f1257a82d,Alzheimer_MRI_4_classes_dataset/Alzheimer_MRI_4_classes_dataset/VeryMildDemented/21 (8).jpg,Alzheimer_MRI_4_classes_dataset/Alzheimer_MRI_4_classes_dataset/VeryMildDemented/22 (8).jpg,VeryMildDemented,VeryMildDemented,Demented,Demented,VeryMildDemented_patient8,VeryMildDemented_patient8,True,True,True,4,review_only_not_split_blocking
img_4ecafedd0a42,img_909c01809647,Alzheimer_MRI_4_classes_dataset/Alzheimer_MRI_4_classes_dataset/VeryMildDemented/21 (9).jpg,Alzheimer_MRI_4_classes_dataset/Alzheimer_MRI_4_classes_dataset/VeryMildDemented/22 (9).jpg,VeryMildDemented,VeryMildDemented,Demented,Demented,VeryMildDemented_patient9,VeryMildDemented_patient9,True,True,True,3,review_only_not_split_blocking
img_ca0574122f7e,img_f2ff9d3aaafc,Alzheimer_MRI_4_classes_dataset/Alzheimer_MRI_4_classes_dataset/VeryMildDemented/22 (21).jpg,Alzheimer_MRI_4_classes_dataset/Alzheimer_MRI_4_classes_dataset/VeryMildDemented/23 (21).jpg,VeryMildDemented,VeryMildDemented,Demented,Demented,VeryMildDemented_patient21,VeryMildDemented_patient21,True,True,True,2,review_only_not_split_blocking
img_a70d2d8071b7,img_779bda260a90,Alzheimer_MRI_4_classes_dataset/Alzheimer_MRI_4_classes_dataset/VeryMildDemented/22 (3).jpg,Alzheimer_MRI_4_classes_dataset/Alzheimer_MRI_4_classes_dataset/VeryMildDemented/23 (3).jpg,VeryMildDemented,VeryMildDemented,Demented,Demented,VeryMildDemented_patient3,VeryMildDemented_patient3,True,True,True,4,review_only_not_split_blocking
img_586fd64698bb,img_32797907342e,Alzheimer_MRI_4_classes_dataset/Alzheimer_MRI_4_classes_dataset/VeryMildDemented/22 (30).jpg,Alzheimer_MRI_4_classes_dataset/Alzheimer_MRI_4_classes_dataset/VeryMildDemented/23 (30).jpg,VeryMildDemented,VeryMildDemented,Demented,Demented,VeryMildDemented_patient30,VeryMildDemented_patient30,True,True,True,3,review_only_not_split_blocking
img_9486c69c0a1a,img_b3989fb207f2,Alzheimer_MRI_4_classes_dataset/Alzheimer_MRI_4_classes_dataset/VeryMildDemented/22 (38).jpg,Alzheimer_MRI_4_classes_dataset/Alzheimer_MRI_4_classes_dataset/VeryMildDemented/23 (38).jpg,VeryMildDemented,VeryMildDemented,Demented,Demented,VeryMildDemented_patient38,VeryMildDemented_patient38,True,True,True,3,review_only_not_split_blocking
img_bcc7871718d8,img_ae4983180ced,Alzheimer_MRI_4_classes_dataset/Alzheimer_MRI_4_classes_dataset/VeryMildDemented/22 (39).jpg,Alzheimer_MRI_4_classes_dataset/Alzheimer_MRI_4_classes_dataset/VeryMildDemented/23 (39).jpg,VeryMildDemented,VeryMildDemented,Demented,Demented,VeryMildDemented_patient39,VeryMildDemented_patient39,True,True,True,4,review_only_not_split_blocking
img_44be3a53c368,img_bbd8d3b32dcb,Alzheimer_MRI_4_classes_dataset/Alzheimer_MRI_4_classes_dataset/VeryMildDemented/22 (41).jpg,Alzheimer_MRI_4_classes_dataset/Alzheimer_MRI_4_classes_dataset/VeryMildDemented/23 (41).jpg,VeryMildDemented,VeryMildDemented,Demented,Demented,VeryMildDemented_patient41,VeryMildDemented_patient41,True,True,True,4,review_only_not_split_blocking
img_478c4e431c9a,img_f07dea6345c7,Alzheimer_MRI_4_classes_dataset/Alzheimer_MRI_4_classes_dataset/VeryMildDemented/22 (44).jpg,Alzheimer_MRI_4_classes_dataset/Alzheimer_MRI_4_classes_dataset/VeryMildDemented/23 (44).jpg,VeryMildDemented,VeryMildDemented,Demented,Demented,VeryMildDemented_patient44,VeryMildDemented_patient44,True,True,True,4,review_only_not_split_blocking
img_8b50795515ea,img_ca3b7ed63c90,Alzheimer_MRI_4_classes_dataset/Alzheimer_MRI_4_classes_dataset/VeryMildDemented/22 (45).jpg,Alzheimer_MRI_4_classes_dataset/Alzheimer_MRI_4_classes_dataset/VeryMildDemented/23 (45).jpg,VeryMildDemented,VeryMildDemented,Demented,Demented,VeryMildDemented_patient45,VeryMildDemented_patient45,True,True,True,2,review_only_not_split_blocking
img_3c63fcb7aece,img_7a1dedf3341e,Alzheimer_MRI_4_classes_dataset/Alzheimer_MRI_4_classes_dataset/VeryMildDemented/22 (48).jpg,Alzheimer_MRI_4_classes_dataset/Alzheimer_MRI_4_classes_dataset/VeryMildDemented/23 (48).jpg,VeryMildDemented,VeryMildDemented,Demented,Demented,VeryMildDemented_patient48,VeryMildDemented_patient48,True,True,True,4,review_only_not_split_blocking
img_7a36a7eca68a,img_1dd2b149c798,Alzheimer_MRI_4_classes_dataset/Alzheimer_MRI_4_classes_dataset/VeryMildDemented/22 (52).jpg,Alzheimer_MRI_4_classes_dataset/Alzheimer_MRI_4_classes_dataset/VeryMildDemented/23 (52).jpg,VeryMildDemented,VeryMildDemented,Demented,Demented,VeryMildDemented_patient52,VeryMildDemented_patient52,True,True,True,3,review_only_not_split_blocking
img_1d15e7088bc9,img_6f0ab4b7c0f9,Alzheimer_MRI_4_classes_dataset/Alzheimer_MRI_4_classes_dataset/VeryMildDemented/22 (55).jpg,Alzheimer_MRI_4_classes_dataset/Alzheimer_MRI_4_classes_dataset/VeryMildDemented/23 (55).jpg,VeryMildDemented,VeryMildDemented,Demented,Demented,VeryMildDemented_patient55,VeryMildDemented_patient55,True,True,True,4,review_only_not_split_blocking
img_5f0912bfce14,img_76cb21052937,Alzheimer_MRI_4_classes_dataset/Alzheimer_MRI_4_classes_dataset/VeryMildDemented/22 (63).jpg,Alzheimer_MRI_4_classes_dataset/Alzheimer_MRI_4_classes_dataset/VeryMildDemented/23 (63).jpg,VeryMildDemented,VeryMildDemented,Demented,Demented,VeryMildDemented_patient63,VeryMildDemented_patient63,True,True,True,4,review_only_not_split_blocking
img_66d5cea8704f,img_f6280144959f,Alzheimer_MRI_4_classes_dataset/Alzheimer_MRI_4_classes_dataset/VeryMildDemented/22 (65).jpg,Alzheimer_MRI_4_classes_dataset/Alzheimer_MRI_4_classes_dataset/VeryMildDemented/23 (65).jpg,VeryMildDemented,VeryMildDemented,Demented,Demented,VeryMildDemented_patient65,VeryMildDemented_patient65,True,True,True,4,review_only_not_split_blocking
img_12397e3369e5,img_027d82a76bb6,Alzheimer_MRI_4_classes_dataset/Alzheimer_MRI_4_classes_dataset/VeryMildDemented/22 (66).jpg,Alzheimer_MRI_4_classes_dataset/Alzheimer_MRI_4_classes_dataset/VeryMildDemented/23 (66).jpg,VeryMildDemented,VeryMildDemented,Demented,Demented,VeryMildDemented_patient66,VeryMildDemented_patient66,True,True,True,4,review_only_not_split_blocking
img_20c6b5ab25e1,img_ec17704b03d8,Alzheimer_MRI_4_classes_dataset/Alzheimer_MRI_4_classes_dataset/VeryMildDemented/22 (67).jpg,Alzheimer_MRI_4_classes_dataset/Alzheimer_MRI_4_classes_dataset/VeryMildDemented/23 (67).jpg,VeryMildDemented,VeryMildDemented,Demented,Demented,VeryMildDemented_patient67,VeryMildDemented_patient67,True,True,True,4,review_only_not_split_blocking
img_886201357e4f,img_db3db9b709b0,Alzheimer_MRI_4_classes_dataset/Alzheimer_MRI_4_classes_dataset/VeryMildDemented/22 (68).jpg,Alzheimer_MRI_4_classes_dataset/Alzheimer_MRI_4_classes_dataset/VeryMildDemented/23 (68).jpg,VeryMildDemented,VeryMildDemented,Demented,Demented,VeryMildDemented_patient68,VeryMildDemented_patient68,True,True,True,4,review_only_not_split_blocking
img_cb2ffa59a1bd,img_3566a61fc5a3,Alzheimer_MRI_4_classes_dataset/Alzheimer_MRI_4_classes_dataset/VeryMildDemented/22 (69).jpg,Alzheimer_MRI_4_classes_dataset/Alzheimer_MRI_4_classes_dataset/VeryMildDemented/23 (69).jpg,VeryMildDemented,VeryMildDemented,Demented,Demented,VeryMildDemented_patient69,VeryMildDemented_patient69,True,True,True,4,review_only_not_split_blocking
img_e8fcde5b31f8,img_1aafc413f910,Alzheimer_MRI_4_classes_dataset/Alzheimer_MRI_4_classes_dataset/VeryMildDemented/22.jpg,Alzheimer_MRI_4_classes_dataset/Alzheimer_MRI_4_classes_dataset/VeryMildDemented/23.jpg,VeryMildDemented,VeryMildDemented,Demented,Demented,VeryMildDemented_unique_22_791dc5b15bdc,VeryMildDemented_unique_23_294a0210a27f,False,True,True,2,review_only_not_split_blocking
img_90b0fd6c5029,img_746b7b6bdaf8,Alzheimer_MRI_4_classes_dataset/Alzheimer_MRI_4_classes_dataset/VeryMildDemented/23 (12).jpg,Alzheimer_MRI_4_classes_dataset/Alzheimer_MRI_4_classes_dataset/VeryMildDemented/24 (12).jpg,VeryMildDemented,VeryMildDemented,Demented,Demented,VeryMildDemented_patient12,VeryMildDemented_patient12,True,True,True,4,review_only_not_split_blocking
img_f2bb059b309c,img_ca90c0ed05e5,Alzheimer_MRI_4_classes_dataset/Alzheimer_MRI_4_classes_dataset/VeryMildDemented/23 (14).jpg,Alzheimer_MRI_4_classes_dataset/Alzheimer_MRI_4_classes_dataset/VeryMildDemented/24 (14).jpg,VeryMildDemented,VeryMildDemented,Demented,Demented,VeryMildDemented_patient14,VeryMildDemented_patient14,True,True,True,4,review_only_not_split_blocking
img_45d68b88411a,img_31607ddef4db,Alzheimer_MRI_4_classes_dataset/Alzheimer_MRI_4_classes_dataset/VeryMildDemented/23 (16).jpg,Alzheimer_MRI_4_classes_dataset/Alzheimer_MRI_4_classes_dataset/VeryMildDemented/24 (16).jpg,VeryMildDemented,VeryMildDemented,Demented,Demented,VeryMildDemented_patient16,VeryMildDemented_patient16,True,True,True,2,review_only_not_split_blocking
img_a292b32524fc,img_43079a5e7b4c,Alzheimer_MRI_4_classes_dataset/Alzheimer_MRI_4_classes_dataset/VeryMildDemented/23 (18).jpg,Alzheimer_MRI_4_classes_dataset/Alzheimer_MRI_4_classes_dataset/VeryMildDemented/24 (18).jpg,VeryMildDemented,VeryMildDemented,Demented,Demented,VeryMildDemented_patient18,VeryMildDemented_patient18,True,True,True,3,review_only_not_split_blocking
img_2827a434778d,img_c98fb77b3be1,Alzheimer_MRI_4_classes_dataset/Alzheimer_MRI_4_classes_dataset/VeryMildDemented/23 (25).jpg,Alzheimer_MRI_4_classes_dataset/Alzheimer_MRI_4_classes_dataset/VeryMildDemented/24 (25).jpg,VeryMildDemented,VeryMildDemented,Demented,Demented,VeryMildDemented_patient25,VeryMildDemented_patient25,True,True,True,4,review_only_not_split_blocking
img_d7ee0b575b99,img_b9f6f13a5a55,Alzheimer_MRI_4_classes_dataset/Alzheimer_MRI_4_classes_dataset/VeryMildDemented/23 (26).jpg,Alzheimer_MRI_4_classes_dataset/Alzheimer_MRI_4_classes_dataset/VeryMildDemented/24 (26).jpg,VeryMildDemented,VeryMildDemented,Demented,Demented,VeryMildDemented_patient26,VeryMildDemented_patient26,True,True,True,4,review_only_not_split_blocking
img_779bda260a90,img_a7723f44af33,Alzheimer_MRI_4_classes_dataset/Alzheimer_MRI_4_classes_dataset/VeryMildDemented/23 (3).jpg,Alzheimer_MRI_4_classes_dataset/Alzheimer_MRI_4_classes_dataset/VeryMildDemented/24 (3).jpg,VeryMildDemented,VeryMildDemented,Demented,Demented,VeryMildDemented_patient3,VeryMildDemented_patient3,True,True,True,2,review_only_not_split_blocking
img_32797907342e,img_b8b2c3bdeb2f,Alzheimer_MRI_4_classes_dataset/Alzheimer_MRI_4_classes_dataset/VeryMildDemented/23 (30).jpg,Alzheimer_MRI_4_classes_dataset/Alzheimer_MRI_4_classes_dataset/VeryMildDemented/24 (30).jpg,VeryMildDemented,VeryMildDemented,Demented,Demented,VeryMildDemented_patient30,VeryMildDemented_patient30,True,True,True,4,review_only_not_split_blocking
img_0b0aed36426c,img_1061b87aa2c5,Alzheimer_MRI_4_classes_dataset/Alzheimer_MRI_4_classes_dataset/VeryMildDemented/23 (32).jpg,Alzheimer_MRI_4_classes_dataset/Alzheimer_MRI_4_classes_dataset/VeryMildDemented/24 (32).jpg,VeryMildDemented,VeryMildDemented,Demented,Demented,VeryMildDemented_patient32,VeryMildDemented_patient32,True,True,True,3,review_only_not_split_blocking
img_fce8283a83c0,img_54d9fb1c4e72,Alzheimer_MRI_4_classes_dataset/Alzheimer_MRI_4_classes_dataset/VeryMildDemented/23 (34).jpg,Alzheimer_MRI_4_classes_dataset/Alzheimer_MRI_4_classes_dataset/VeryMildDemented/24 (34).jpg,VeryMildDemented,VeryMildDemented,Demented,Demented,VeryMildDemented_patient34,VeryMildDemented_patient34,True,True,True,4,review_only_not_split_blocking
img_8563185ffd22,img_f56576297095,Alzheimer_MRI_4_classes_dataset/Alzheimer_MRI_4_classes_dataset/VeryMildDemented/23 (36).jpg,Alzheimer_MRI_4_classes_dataset/Alzheimer_MRI_4_classes_dataset/VeryMildDemented/24 (36).jpg,VeryMildDemented,VeryMildDemented,Demented,Demented,VeryMildDemented_patient36,VeryMildDemented_patient36,True,True,True,4,review_only_not_split_blocking
img_b3989fb207f2,img_c68d50f07aee,Alzheimer_MRI_4_classes_dataset/Alzheimer_MRI_4_classes_dataset/VeryMildDemented/23 (38).jpg,Alzheimer_MRI_4_classes_dataset/Alzheimer_MRI_4_classes_dataset/VeryMildDemented/24 (38).jpg,VeryMildDemented,VeryMildDemented,Demented,Demented,VeryMildDemented_patient38,VeryMildDemented_patient38,True,True,True,4,review_only_not_split_blocking
img_6d7f187499ea,img_34cfce2ce1de,Alzheimer_MRI_4_classes_dataset/Alzheimer_MRI_4_classes_dataset/VeryMildDemented/23 (40).jpg,Alzheimer_MRI_4_classes_dataset/Alzheimer_MRI_4_classes_dataset/VeryMildDemented/24 (40).jpg,VeryMildDemented,VeryMildDemented,Demented,Demented,VeryMildDemented_patient40,VeryMildDemented_patient40,True,True,True,2,review_only_not_split_blocking
img_37d78aedc497,img_8cc7770b906b,Alzheimer_MRI_4_classes_dataset/Alzheimer_MRI_4_classes_dataset/VeryMildDemented/23 (43).jpg,Alzheimer_MRI_4_classes_dataset/Alzheimer_MRI_4_classes_dataset/VeryMildDemented/24 (43).jpg,VeryMildDemented,VeryMildDemented,Demented,Demented,VeryMildDemented_patient43,VeryMildDemented_patient43,True,True,True,4,review_only_not_split_blocking
img_f07dea6345c7,img_4ca5393fe8cc,Alzheimer_MRI_4_classes_dataset/Alzheimer_MRI_4_classes_dataset/VeryMildDemented/23 (44).jpg,Alzheimer_MRI_4_classes_dataset/Alzheimer_MRI_4_classes_dataset/VeryMildDemented/24 (44).jpg,VeryMildDemented,VeryMildDemented,Demented,Demented,VeryMildDemented_patient44,VeryMildDemented_patient44,True,True,True,4,review_only_not_split_blocking
img_ca3b7ed63c90,img_b8c31a2c18a9,Alzheimer_MRI_4_classes_dataset/Alzheimer_MRI_4_classes_dataset/VeryMildDemented/23 (45).jpg,Alzheimer_MRI_4_classes_dataset/Alzheimer_MRI_4_classes_dataset/VeryMildDemented/24 (45).jpg,VeryMildDemented,VeryMildDemented,Demented,Demented,VeryMildDemented_patient45,VeryMildDemented_patient45,True,True,True,4,review_only_not_split_blocking
img_7a1dedf3341e,img_a13f380a0674,Alzheimer_MRI_4_classes_dataset/Alzheimer_MRI_4_classes_dataset/VeryMildDemented/23 (48).jpg,Alzheimer_MRI_4_classes_dataset/Alzheimer_MRI_4_classes_dataset/VeryMildDemented/24 (48).jpg,VeryMildDemented,VeryMildDemented,Demented,Demented,VeryMildDemented_patient48,VeryMildDemented_patient48,True,True,True,4,review_only_not_split_blocking
img_606ff69a0cba,img_7f6b251fad71,Alzheimer_MRI_4_classes_dataset/Alzheimer_MRI_4_classes_dataset/VeryMildDemented/23 (54).jpg,Alzheimer_MRI_4_classes_dataset/Alzheimer_MRI_4_classes_dataset/VeryMildDemented/24 (54).jpg,VeryMildDemented,VeryMildDemented,Demented,Demented,VeryMildDemented_patient54,VeryMildDemented_patient54,True,True,True,2,review_only_not_split_blocking
img_e94d5680c37b,img_8fe5f6a95e6b,Alzheimer_MRI_4_classes_dataset/Alzheimer_MRI_4_classes_dataset/VeryMildDemented/23 (57).jpg,Alzheimer_MRI_4_classes_dataset/Alzheimer_MRI_4_classes_dataset/VeryMildDemented/24 (57).jpg,VeryMildDemented,VeryMildDemented,Demented,Demented,VeryMildDemented_patient57,VeryMildDemented_patient57,True,True,True,4,review_only_not_split_blocking
img_3cd7196f0892,img_f0fd3c4ac0f4,Alzheimer_MRI_4_classes_dataset/Alzheimer_MRI_4_classes_dataset/VeryMildDemented/23 (64).jpg,Alzheimer_MRI_4_classes_dataset/Alzheimer_MRI_4_classes_dataset/VeryMildDemented/24 (64).jpg,VeryMildDemented,VeryMildDemented,Demented,Demented,VeryMildDemented_patient64,VeryMildDemented_patient64,True,True,True,2,review_only_not_split_blocking
img_f6280144959f,img_bdc1f3b5f94f,Alzheimer_MRI_4_classes_dataset/Alzheimer_MRI_4_classes_dataset/VeryMildDemented/23 (65).jpg,Alzheimer_MRI_4_classes_dataset/Alzheimer_MRI_4_classes_dataset/VeryMildDemented/24 (65).jpg,VeryMildDemented,VeryMildDemented,Demented,Demented,VeryMildDemented_patient65,VeryMildDemented_patient65,True,True,True,4,review_only_not_split_blocking
img_db3db9b709b0,img_c1e150aef323,Alzheimer_MRI_4_classes_dataset/Alzheimer_MRI_4_classes_dataset/VeryMildDemented/23 (68).jpg,Alzheimer_MRI_4_classes_dataset/Alzheimer_MRI_4_classes_dataset/VeryMildDemented/24 (68).jpg,VeryMildDemented,VeryMildDemented,Demented,Demented,VeryMildDemented_patient68,VeryMildDemented_patient68,True,True,True,3,review_only_not_split_blocking
img_3566a61fc5a3,img_8604d934cb44,Alzheimer_MRI_4_classes_dataset/Alzheimer_MRI_4_classes_dataset/VeryMildDemented/23 (69).jpg,Alzheimer_MRI_4_classes_dataset/Alzheimer_MRI_4_classes_dataset/VeryMildDemented/24 (69).jpg,VeryMildDemented,VeryMildDemented,Demented,Demented,VeryMildDemented_patient69,VeryMildDemented_patient69,True,True,True,3,review_only_not_split_blocking
img_0afd48ea8760,img_d3235dfb155a,Alzheimer_MRI_4_classes_dataset/Alzheimer_MRI_4_classes_dataset/VeryMildDemented/24 (10).jpg,Alzheimer_MRI_4_classes_dataset/Alzheimer_MRI_4_classes_dataset/VeryMildDemented/25 (10).jpg,VeryMildDemented,VeryMildDemented,Demented,Demented,VeryMildDemented_patient10,VeryMildDemented_patient10,True,True,True,3,review_only_not_split_blocking
img_13d49a3cba0f,img_cb19dd9d1384,Alzheimer_MRI_4_classes_dataset/Alzheimer_MRI_4_classes_dataset/VeryMildDemented/24 (13).jpg,Alzheimer_MRI_4_classes_dataset/Alzheimer_MRI_4_classes_dataset/VeryMildDemented/25 (13).jpg,VeryMildDemented,VeryMildDemented,Demented,Demented,VeryMildDemented_patient13,VeryMildDemented_patient13,True,True,True,2,review_only_not_split_blocking
img_b703d98dcc92,img_494dd4e1780e,Alzheimer_MRI_4_classes_dataset/Alzheimer_MRI_4_classes_dataset/VeryMildDemented/24 (24).jpg,Alzheimer_MRI_4_classes_dataset/Alzheimer_MRI_4_classes_dataset/VeryMildDemented/25 (24).jpg,VeryMildDemented,VeryMildDemented,Demented,Demented,VeryMildDemented_patient24,VeryMildDemented_patient24,True,True,True,2,review_only_not_split_blocking
img_b9f6f13a5a55,img_0281f88e8e3b,Alzheimer_MRI_4_classes_dataset/Alzheimer_MRI_4_classes_dataset/VeryMildDemented/24 (26).jpg,Alzheimer_MRI_4_classes_dataset/Alzheimer_MRI_4_classes_dataset/VeryMildDemented/25 (26).jpg,VeryMildDemented,VeryMildDemented,Demented,Demented,VeryMildDemented_patient26,VeryMildDemented_patient26,True,True,True,2,review_only_not_split_blocking
img_a7723f44af33,img_51e6761af0ae,Alzheimer_MRI_4_classes_dataset/Alzheimer_MRI_4_classes_dataset/VeryMildDemented/24 (3).jpg,Alzheimer_MRI_4_classes_dataset/Alzheimer_MRI_4_classes_dataset/VeryMildDemented/25 (3).jpg,VeryMildDemented,VeryMildDemented,Demented,Demented,VeryMildDemented_patient3,VeryMildDemented_patient3,True,True,True,3,review_only_not_split_blocking
img_c4b7f47f22e7,img_8620b6bf6cfd,Alzheimer_MRI_4_classes_dataset/Alzheimer_MRI_4_classes_dataset/VeryMildDemented/24 (35).jpg,Alzheimer_MRI_4_classes_dataset/Alzheimer_MRI_4_classes_dataset/VeryMildDemented/25 (35).jpg,VeryMildDemented,VeryMildDemented,Demented,Demented,VeryMildDemented_patient35,VeryMildDemented_patient35,True,True,True,4,review_only_not_split_blocking
img_c68d50f07aee,img_dd574f0de94a,Alzheimer_MRI_4_classes_dataset/Alzheimer_MRI_4_classes_dataset/VeryMildDemented/24 (38).jpg,Alzheimer_MRI_4_classes_dataset/Alzheimer_MRI_4_classes_dataset/VeryMildDemented/25 (38).jpg,VeryMildDemented,VeryMildDemented,Demented,Demented,VeryMildDemented_patient38,VeryMildDemented_patient38,True,True,True,3,review_only_not_split_blocking
img_8c6de6d3df69,img_b3aa7fb6c943,Alzheimer_MRI_4_classes_dataset/Alzheimer_MRI_4_classes_dataset/VeryMildDemented/24 (4).jpg,Alzheimer_MRI_4_classes_dataset/Alzheimer_MRI_4_classes_dataset/VeryMildDemented/25 (4).jpg,VeryMildDemented,VeryMildDemented,Demented,Demented,VeryMildDemented_patient4,VeryMildDemented_patient4,True,True,True,4,review_only_not_split_blocking
img_8cc7770b906b,img_37800b0f6dfd,Alzheimer_MRI_4_classes_dataset/Alzheimer_MRI_4_classes_dataset/VeryMildDemented/24 (43).jpg,Alzheimer_MRI_4_classes_dataset/Alzheimer_MRI_4_classes_dataset/VeryMildDemented/25 (43).jpg,VeryMildDemented,VeryMildDemented,Demented,Demented,VeryMildDemented_patient43,VeryMildDemented_patient43,True,True,True,3,review_only_not_split_blocking
img_1924a4275be9,img_5ccfb51ea155,Alzheimer_MRI_4_classes_dataset/Alzheimer_MRI_4_classes_dataset/VeryMildDemented/24 (52).jpg,Alzheimer_MRI_4_classes_dataset/Alzheimer_MRI_4_classes_dataset/VeryMildDemented/25 (52).jpg,VeryMildDemented,VeryMildDemented,Demented,Demented,VeryMildDemented_patient52,VeryMildDemented_patient52,True,True,True,4,review_only_not_split_blocking
img_0e9ca4b5d0f1,img_244ac5b1024f,Alzheimer_MRI_4_classes_dataset/Alzheimer_MRI_4_classes_dataset/VeryMildDemented/24 (61).jpg,Alzheimer_MRI_4_classes_dataset/Alzheimer_MRI_4_classes_dataset/VeryMildDemented/25 (61).jpg,VeryMildDemented,VeryMildDemented,Demented,Demented,VeryMildDemented_patient61,VeryMildDemented_patient61,True,True,True,3,review_only_not_split_blocking
img_6882552205e5,img_e61c69c054e4,Alzheimer_MRI_4_classes_dataset/Alzheimer_MRI_4_classes_dataset/VeryMildDemented/25 (12).jpg,Alzheimer_MRI_4_classes_dataset/Alzheimer_MRI_4_classes_dataset/VeryMildDemented/26 (8).jpg,VeryMildDemented,VeryMildDemented,Demented,Demented,VeryMildDemented_patient12,VeryMildDemented_patient8,False,True,True,3,review_only_not_split_blocking
img_a0e76ad7a5ee,img_d7e4fd15125f,Alzheimer_MRI_4_classes_dataset/Alzheimer_MRI_4_classes_dataset/VeryMildDemented/25 (14).jpg,Alzheimer_MRI_4_classes_dataset/Alzheimer_MRI_4_classes_dataset/VeryMildDemented/26 (10).jpg,VeryMildDemented,VeryMildDemented,Demented,Demented,VeryMildDemented_patient14,VeryMildDemented_patient10,False,True,True,4,review_only_not_split_blocking
img_25f8b7e9025f,img_d23bb9f30cd1,Alzheimer_MRI_4_classes_dataset/Alzheimer_MRI_4_classes_dataset/VeryMildDemented/25 (16).jpg,Alzheimer_MRI_4_classes_dataset/Alzheimer_MRI_4_classes_dataset/VeryMildDemented/26 (12).jpg,VeryMildDemented,VeryMildDemented,Demented,Demented,VeryMildDemented_patient16,VeryMildDemented_patient12,False,True,True,4,review_only_not_split_blocking
img_58c20df13924,img_e8c0f4f5b620,Alzheimer_MRI_4_classes_dataset/Alzheimer_MRI_4_classes_dataset/VeryMildDemented/25 (19).jpg,Alzheimer_MRI_4_classes_dataset/Alzheimer_MRI_4_classes_dataset/VeryMildDemented/26 (15).jpg,VeryMildDemented,VeryMildDemented,Demented,Demented,VeryMildDemented_patient19,VeryMildDemented_patient15,False,True,True,4,review_only_not_split_blocking
img_9281d8d2a378,img_df47beb0283b,Alzheimer_MRI_4_classes_dataset/Alzheimer_MRI_4_classes_dataset/VeryMildDemented/25 (27).jpg,Alzheimer_MRI_4_classes_dataset/Alzheimer_MRI_4_classes_dataset/VeryMildDemented/26 (23).jpg,VeryMildDemented,VeryMildDemented,Demented,Demented,VeryMildDemented_patient27,VeryMildDemented_patient23,False,True,True,4,review_only_not_split_blocking
img_f75900ea2b6a,img_b0c11af5d4bd,Alzheimer_MRI_4_classes_dataset/Alzheimer_MRI_4_classes_dataset/VeryMildDemented/25 (31).jpg,Alzheimer_MRI_4_classes_dataset/Alzheimer_MRI_4_classes_dataset/VeryMildDemented/26 (27).jpg,VeryMildDemented,VeryMildDemented,Demented,Demented,VeryMildDemented_patient31,VeryMildDemented_patient27,False,True,True,3,review_only_not_split_blocking
img_51c9446cde89,img_d4ab476794a1,Alzheimer_MRI_4_classes_dataset/Alzheimer_MRI_4_classes_dataset/VeryMildDemented/25 (32).jpg,Alzheimer_MRI_4_classes_dataset/Alzheimer_MRI_4_classes_dataset/VeryMildDemented/26 (28).jpg,VeryMildDemented,VeryMildDemented,Demented,Demented,VeryMildDemented_patient32,VeryMildDemented_patient28,False,True,True,2,review_only_not_split_blocking
img_8620b6bf6cfd,img_9a0f1c8b43f3,Alzheimer_MRI_4_classes_dataset/Alzheimer_MRI_4_classes_dataset/VeryMildDemented/25 (35).jpg,Alzheimer_MRI_4_classes_dataset/Alzheimer_MRI_4_classes_dataset/VeryMildDemented/26 (31).jpg,VeryMildDemented,VeryMildDemented,Demented,Demented,VeryMildDemented_patient35,VeryMildDemented_patient31,False,True,True,3,review_only_not_split_blocking
img_8620b6bf6cfd,img_6f9b219bf043,Alzheimer_MRI_4_classes_dataset/Alzheimer_MRI_4_classes_dataset/VeryMildDemented/25 (35).jpg,Alzheimer_MRI_4_classes_dataset/Alzheimer_MRI_4_classes_dataset/VeryMildDemented/27 (37).jpg,VeryMildDemented,VeryMildDemented,Demented,Demented,VeryMildDemented_patient35,VeryMildDemented_patient37,False,True,True,4,review_only_not_split_blocking
img_36d68ff91a80,img_df5ab4089cc2,Alzheimer_MRI_4_classes_dataset/Alzheimer_MRI_4_classes_dataset/VeryMildDemented/25 (44).jpg,Alzheimer_MRI_4_classes_dataset/Alzheimer_MRI_4_classes_dataset/VeryMildDemented/26 (45).jpg,VeryMildDemented,VeryMildDemented,Demented,Demented,VeryMildDemented_patient44,VeryMildDemented_patient45,False,True,True,4,review_only_not_split_blocking
img_4925aa69fe6c,img_020e6d127be8,Alzheimer_MRI_4_classes_dataset/Alzheimer_MRI_4_classes_dataset/VeryMildDemented/25 (50).jpg,Alzheimer_MRI_4_classes_dataset/Alzheimer_MRI_4_classes_dataset/VeryMildDemented/26 (50).jpg,VeryMildDemented,VeryMildDemented,Demented,Demented,VeryMildDemented_patient50,VeryMildDemented_patient50,True,True,True,4,review_only_not_split_blocking
img_45d86efd5c71,img_4ebe923bf875,Alzheimer_MRI_4_classes_dataset/Alzheimer_MRI_4_classes_dataset/VeryMildDemented/25 (56).jpg,Alzheimer_MRI_4_classes_dataset/Alzheimer_MRI_4_classes_dataset/VeryMildDemented/26 (56).jpg,VeryMildDemented,VeryMildDemented,Demented,Demented,VeryMildDemented_patient56,VeryMildDemented_patient56,True,True,True,4,review_only_not_split_blocking
img_9e394bf6889f,img_42bc099e16f8,Alzheimer_MRI_4_classes_dataset/Alzheimer_MRI_4_classes_dataset/VeryMildDemented/25 (57).jpg,Alzheimer_MRI_4_classes_dataset/Alzheimer_MRI_4_classes_dataset/VeryMildDemented/26 (57).jpg,VeryMildDemented,VeryMildDemented,Demented,Demented,VeryMildDemented_patient57,VeryMildDemented_patient57,True,True,True,4,review_only_not_split_blocking
img_232b51b39cd2,img_8a2d1739357e,Alzheimer_MRI_4_classes_dataset/Alzheimer_MRI_4_classes_dataset/VeryMildDemented/25 (62).jpg,Alzheimer_MRI_4_classes_dataset/Alzheimer_MRI_4_classes_dataset/VeryMildDemented/26 (61).jpg,VeryMildDemented,VeryMildDemented,Demented,Demented,VeryMildDemented_patient62,VeryMildDemented_patient61,False,True,True,4,review_only_not_split_blocking
img_c83ef7b06bb8,img_89e0e7820617,Alzheimer_MRI_4_classes_dataset/Alzheimer_MRI_4_classes_dataset/VeryMildDemented/25 (66).jpg,Alzheimer_MRI_4_classes_dataset/Alzheimer_MRI_4_classes_dataset/VeryMildDemented/26 (65).jpg,VeryMildDemented,VeryMildDemented,Demented,Demented,VeryMildDemented_patient66,VeryMildDemented_patient65,False,True,True,2,review_only_not_split_blocking
img_7a7d4e9159fe,img_9cd7abfc147b,Alzheimer_MRI_4_classes_dataset/Alzheimer_MRI_4_classes_dataset/VeryMildDemented/25 (68).jpg,Alzheimer_MRI_4_classes_dataset/Alzheimer_MRI_4_classes_dataset/VeryMildDemented/26 (67).jpg,VeryMildDemented,VeryMildDemented,Demented,Demented,VeryMildDemented_patient68,VeryMildDemented_patient67,False,True,True,3,review_only_not_split_blocking
img_7ab141097489,img_e4afc19edbc5,Alzheimer_MRI_4_classes_dataset/Alzheimer_MRI_4_classes_dataset/VeryMildDemented/25 (9).jpg,Alzheimer_MRI_4_classes_dataset/Alzheimer_MRI_4_classes_dataset/VeryMildDemented/26 (5).jpg,VeryMildDemented,VeryMildDemented,Demented,Demented,VeryMildDemented_patient9,VeryMildDemented_patient5,False,True,True,4,review_only_not_split_blocking
img_57b31365b7da,img_5ef43749d382,Alzheimer_MRI_4_classes_dataset/Alzheimer_MRI_4_classes_dataset/VeryMildDemented/26 (19).jpg,Alzheimer_MRI_4_classes_dataset/Alzheimer_MRI_4_classes_dataset/VeryMildDemented/27 (26).jpg,VeryMildDemented,VeryMildDemented,Demented,Demented,VeryMildDemented_patient19,VeryMildDemented_patient26,False,True,True,2,review_only_not_split_blocking
img_a3f9a3739045,img_6dce633bd9a8,Alzheimer_MRI_4_classes_dataset/Alzheimer_MRI_4_classes_dataset/VeryMildDemented/26 (2).jpg,Alzheimer_MRI_4_classes_dataset/Alzheimer_MRI_4_classes_dataset/VeryMildDemented/27 (10).jpg,VeryMildDemented,VeryMildDemented,Demented,Demented,VeryMildDemented_patient2,VeryMildDemented_patient10,False,True,True,2,review_only_not_split_blocking
img_cda177f13d94,img_ff969452af5c,Alzheimer_MRI_4_classes_dataset/Alzheimer_MRI_4_classes_dataset/VeryMildDemented/26 (29).jpg,Alzheimer_MRI_4_classes_dataset/Alzheimer_MRI_4_classes_dataset/VeryMildDemented/27 (35).jpg,VeryMildDemented,VeryMildDemented,Demented,Demented,VeryMildDemented_patient29,VeryMildDemented_patient35,False,True,True,4,review_only_not_split_blocking
img_d090f9133095,img_892502d58783,Alzheimer_MRI_4_classes_dataset/Alzheimer_MRI_4_classes_dataset/VeryMildDemented/26 (3).jpg,Alzheimer_MRI_4_classes_dataset/Alzheimer_MRI_4_classes_dataset/VeryMildDemented/27 (11).jpg,VeryMildDemented,VeryMildDemented,Demented,Demented,VeryMildDemented_patient3,VeryMildDemented_patient11,False,True,True,4,review_only_not_split_blocking
img_9a0f1c8b43f3,img_6f9b219bf043,Alzheimer_MRI_4_classes_dataset/Alzheimer_MRI_4_classes_dataset/VeryMildDemented/26 (31).jpg,Alzheimer_MRI_4_classes_dataset/Alzheimer_MRI_4_classes_dataset/VeryMildDemented/27 (37).jpg,VeryMildDemented,VeryMildDemented,Demented,Demented,VeryMildDemented_patient31,VeryMildDemented_patient37,False,True,True,1,review_only_not_split_blocking
img_9a0f1c8b43f3,img_6e9f197e995c,Alzheimer_MRI_4_classes_dataset/Alzheimer_MRI_4_classes_dataset/VeryMildDemented/26 (31).jpg,Alzheimer_MRI_4_classes_dataset/Alzheimer_MRI_4_classes_dataset/VeryMildDemented/28 (37).jpg,VeryMildDemented,VeryMildDemented,Demented,Demented,VeryMildDemented_patient31,VeryMildDemented_patient37,False,True,True,4,review_only_not_split_blocking
img_05aec230f41d,img_d93ce49aec00,Alzheimer_MRI_4_classes_dataset/Alzheimer_MRI_4_classes_dataset/VeryMildDemented/26 (36).jpg,Alzheimer_MRI_4_classes_dataset/Alzheimer_MRI_4_classes_dataset/VeryMildDemented/27 (41).jpg,VeryMildDemented,VeryMildDemented,Demented,Demented,VeryMildDemented_patient36,VeryMildDemented_patient41,False,True,True,3,review_only_not_split_blocking
img_b3c2a3894871,img_8834b31824ad,Alzheimer_MRI_4_classes_dataset/Alzheimer_MRI_4_classes_dataset/VeryMildDemented/26 (38).jpg,Alzheimer_MRI_4_classes_dataset/Alzheimer_MRI_4_classes_dataset/VeryMildDemented/27 (43).jpg,VeryMildDemented,VeryMildDemented,Demented,Demented,VeryMildDemented_patient38,VeryMildDemented_patient43,False,True,True,4,review_only_not_split_blocking
img_4b71a559316a,img_f4771d171587,Alzheimer_MRI_4_classes_dataset/Alzheimer_MRI_4_classes_dataset/VeryMildDemented/26 (43).jpg,Alzheimer_MRI_4_classes_dataset/Alzheimer_MRI_4_classes_dataset/VeryMildDemented/27 (9).jpg,VeryMildDemented,VeryMildDemented,Demented,Demented,VeryMildDemented_patient43,VeryMildDemented_patient9,False,True,True,2,review_only_not_split_blocking
img_40e45cceff6d,img_8ffdfb8a6452,Alzheimer_MRI_4_classes_dataset/Alzheimer_MRI_4_classes_dataset/VeryMildDemented/26 (47).jpg,Alzheimer_MRI_4_classes_dataset/Alzheimer_MRI_4_classes_dataset/VeryMildDemented/27 (47).jpg,VeryMildDemented,VeryMildDemented,Demented,Demented,VeryMildDemented_patient47,VeryMildDemented_patient47,True,True,True,2,review_only_not_split_blocking
img_4e0ac2894398,img_f1b65e1b557c,Alzheimer_MRI_4_classes_dataset/Alzheimer_MRI_4_classes_dataset/VeryMildDemented/26 (52).jpg,Alzheimer_MRI_4_classes_dataset/Alzheimer_MRI_4_classes_dataset/VeryMildDemented/27 (52).jpg,VeryMildDemented,VeryMildDemented,Demented,Demented,VeryMildDemented_patient52,VeryMildDemented_patient52,True,True,True,4,review_only_not_split_blocking
img_dee4b9a27640,img_16918e9c7571,Alzheimer_MRI_4_classes_dataset/Alzheimer_MRI_4_classes_dataset/VeryMildDemented/26 (53).jpg,Alzheimer_MRI_4_classes_dataset/Alzheimer_MRI_4_classes_dataset/VeryMildDemented/27 (53).jpg,VeryMildDemented,VeryMildDemented,Demented,Demented,VeryMildDemented_patient53,VeryMildDemented_patient53,True,True,True,4,review_only_not_split_blocking
img_0b7b0f3ff45f,img_0dbf1b52a558,Alzheimer_MRI_4_classes_dataset/Alzheimer_MRI_4_classes_dataset/VeryMildDemented/26 (54).jpg,Alzheimer_MRI_4_classes_dataset/Alzheimer_MRI_4_classes_dataset/VeryMildDemented/27 (54).jpg,VeryMildDemented,VeryMildDemented,Demented,Demented,VeryMildDemented_patient54,VeryMildDemented_patient54,True,True,True,0,review_only_not_split_blocking
img_0b7b0f3ff45f,img_1d9439584869,Alzheimer_MRI_4_classes_dataset/Alzheimer_MRI_4_classes_dataset/VeryMildDemented/26 (54).jpg,Alzheimer_MRI_4_classes_dataset/Alzheimer_MRI_4_classes_dataset/VeryMildDemented/28 (54).jpg,VeryMildDemented,VeryMildDemented,Demented,Demented,VeryMildDemented_patient54,VeryMildDemented_patient54,True,True,True,1,review_only_not_split_blocking
img_0b7b0f3ff45f,img_1ea8a805264c,Alzheimer_MRI_4_classes_dataset/Alzheimer_MRI_4_classes_dataset/VeryMildDemented/26 (54).jpg,Alzheimer_MRI_4_classes_dataset/Alzheimer_MRI_4_classes_dataset/VeryMildDemented/29 (54).jpg,VeryMildDemented,VeryMildDemented,Demented,Demented,VeryMildDemented_patient54,VeryMildDemented_patient54,True,True,True,4,review_only_not_split_blocking
img_680997e10353,img_fc713cf15699,Alzheimer_MRI_4_classes_dataset/Alzheimer_MRI_4_classes_dataset/VeryMildDemented/26 (55).jpg,Alzheimer_MRI_4_classes_dataset/Alzheimer_MRI_4_classes_dataset/VeryMildDemented/27 (55).jpg,VeryMildDemented,VeryMildDemented,Demented,Demented,VeryMildDemented_patient55,VeryMildDemented_patient55,True,True,True,4,review_only_not_split_blocking
img_42bc099e16f8,img_f1f60fc861bd,Alzheimer_MRI_4_classes_dataset/Alzheimer_MRI_4_classes_dataset/VeryMildDemented/26 (57).jpg,Alzheimer_MRI_4_classes_dataset/Alzheimer_MRI_4_classes_dataset/VeryMildDemented/27 (57).jpg,VeryMildDemented,VeryMildDemented,Demented,Demented,VeryMildDemented_patient57,VeryMildDemented_patient57,True,True,True,3,review_only_not_split_blocking
img_e9229420b804,img_2a672d90160b,Alzheimer_MRI_4_classes_dataset/Alzheimer_MRI_4_classes_dataset/VeryMildDemented/26 (59).jpg,Alzheimer_MRI_4_classes_dataset/Alzheimer_MRI_4_classes_dataset/VeryMildDemented/27 (59).jpg,VeryMildDemented,VeryMildDemented,Demented,Demented,VeryMildDemented_patient59,VeryMildDemented_patient59,True,True,True,3,review_only_not_split_blocking
img_07d29c59538b,img_b76a630bbc38,Alzheimer_MRI_4_classes_dataset/Alzheimer_MRI_4_classes_dataset/VeryMildDemented/26 (60).jpg,Alzheimer_MRI_4_classes_dataset/Alzheimer_MRI_4_classes_dataset/VeryMildDemented/27 (60).jpg,VeryMildDemented,VeryMildDemented,Demented,Demented,VeryMildDemented_patient60,VeryMildDemented_patient60,True,True,True,4,review_only_not_split_blocking
img_9cd7abfc147b,img_85e16f392348,Alzheimer_MRI_4_classes_dataset/Alzheimer_MRI_4_classes_dataset/VeryMildDemented/26 (67).jpg,Alzheimer_MRI_4_classes_dataset/Alzheimer_MRI_4_classes_dataset/VeryMildDemented/27 (67).jpg,VeryMildDemented,VeryMildDemented,Demented,Demented,VeryMildDemented_patient67,VeryMildDemented_patient67,True,True,True,3,review_only_not_split_blocking
img_23798c86d175,img_405ac3965eb5,Alzheimer_MRI_4_classes_dataset/Alzheimer_MRI_4_classes_dataset/VeryMildDemented/26 (69).jpg,Alzheimer_MRI_4_classes_dataset/Alzheimer_MRI_4_classes_dataset/VeryMildDemented/27 (69).jpg,VeryMildDemented,VeryMildDemented,Demented,Demented,VeryMildDemented_patient69,VeryMildDemented_patient69,True,True,True,4,review_only_not_split_blocking
img_e07ab3022ff1,img_ce545af07abd,Alzheimer_MRI_4_classes_dataset/Alzheimer_MRI_4_classes_dataset/VeryMildDemented/26 (70).jpg,Alzheimer_MRI_4_classes_dataset/Alzheimer_MRI_4_classes_dataset/VeryMildDemented/27 (70).jpg,VeryMildDemented,VeryMildDemented,Demented,Demented,VeryMildDemented_patient70,VeryMildDemented_patient70,True,True,True,2,review_only_not_split_blocking
img_e61c69c054e4,img_3613fda4c612,Alzheimer_MRI_4_classes_dataset/Alzheimer_MRI_4_classes_dataset/VeryMildDemented/26 (8).jpg,Alzheimer_MRI_4_classes_dataset/Alzheimer_MRI_4_classes_dataset/VeryMildDemented/27 (16).jpg,VeryMildDemented,VeryMildDemented,Demented,Demented,VeryMildDemented_patient8,VeryMildDemented_patient16,False,True,True,3,review_only_not_split_blocking
img_c50ebf78761d,img_82976f661a31,Alzheimer_MRI_4_classes_dataset/Alzheimer_MRI_4_classes_dataset/VeryMildDemented/26.jpg,Alzheimer_MRI_4_classes_dataset/Alzheimer_MRI_4_classes_dataset/VeryMildDemented/27.jpg,VeryMildDemented,VeryMildDemented,Demented,Demented,VeryMildDemented_unique_26_87403ad5a9a2,VeryMildDemented_unique_27_de0b4ba76a5a,False,True,True,2,review_only_not_split_blocking
img_ee1aeb31083c,img_7f8433e2b1cf,Alzheimer_MRI_4_classes_dataset/Alzheimer_MRI_4_classes_dataset/VeryMildDemented/27 (12).jpg,Alzheimer_MRI_4_classes_dataset/Alzheimer_MRI_4_classes_dataset/VeryMildDemented/28 (12).jpg,VeryMildDemented,VeryMildDemented,Demented,Demented,VeryMildDemented_patient12,VeryMildDemented_patient12,True,True,True,3,review_only_not_split_blocking
img_74e66f71b282,img_e18750214478,Alzheimer_MRI_4_classes_dataset/Alzheimer_MRI_4_classes_dataset/VeryMildDemented/27 (13).jpg,Alzheimer_MRI_4_classes_dataset/Alzheimer_MRI_4_classes_dataset/VeryMildDemented/28 (13).jpg,VeryMildDemented,VeryMildDemented,Demented,Demented,VeryMildDemented_patient13,VeryMildDemented_patient13,True,True,True,4,review_only_not_split_blocking
img_e67f52997dfd,img_fc3f2f08daea,Alzheimer_MRI_4_classes_dataset/Alzheimer_MRI_4_classes_dataset/VeryMildDemented/27 (14).jpg,Alzheimer_MRI_4_classes_dataset/Alzheimer_MRI_4_classes_dataset/VeryMildDemented/28 (14).jpg,VeryMildDemented,VeryMildDemented,Demented,Demented,VeryMildDemented_patient14,VeryMildDemented_patient14,True,True,True,2,review_only_not_split_blocking
img_3a6b524aacbb,img_0088dae144ea,Alzheimer_MRI_4_classes_dataset/Alzheimer_MRI_4_classes_dataset/VeryMildDemented/27 (15).jpg,Alzheimer_MRI_4_classes_dataset/Alzheimer_MRI_4_classes_dataset/VeryMildDemented/28 (15).jpg,VeryMildDemented,VeryMildDemented,Demented,Demented,VeryMildDemented_patient15,VeryMildDemented_patient15,True,True,True,4,review_only_not_split_blocking
img_cb6e6639ac13,img_b8cd449a2ab2,Alzheimer_MRI_4_classes_dataset/Alzheimer_MRI_4_classes_dataset/VeryMildDemented/27 (18).jpg,Alzheimer_MRI_4_classes_dataset/Alzheimer_MRI_4_classes_dataset/VeryMildDemented/28 (18).jpg,VeryMildDemented,VeryMildDemented,Demented,Demented,VeryMildDemented_patient18,VeryMildDemented_patient18,True,True,True,4,review_only_not_split_blocking
img_cebbb981e8cd,img_4533beb86549,Alzheimer_MRI_4_classes_dataset/Alzheimer_MRI_4_classes_dataset/VeryMildDemented/27 (2).jpg,Alzheimer_MRI_4_classes_dataset/Alzheimer_MRI_4_classes_dataset/VeryMildDemented/28 (2).jpg,VeryMildDemented,VeryMildDemented,Demented,Demented,VeryMildDemented_patient2,VeryMildDemented_patient2,True,True,True,4,review_only_not_split_blocking
img_7fc9fdf07a04,img_fbdf9d906f2b,Alzheimer_MRI_4_classes_dataset/Alzheimer_MRI_4_classes_dataset/VeryMildDemented/27 (21).jpg,Alzheimer_MRI_4_classes_dataset/Alzheimer_MRI_4_classes_dataset/VeryMildDemented/28 (21).jpg,VeryMildDemented,VeryMildDemented,Demented,Demented,VeryMildDemented_patient21,VeryMildDemented_patient21,True,True,True,4,review_only_not_split_blocking
img_89f91fb21b60,img_19b2ff8beaa9,Alzheimer_MRI_4_classes_dataset/Alzheimer_MRI_4_classes_dataset/VeryMildDemented/27 (22).jpg,Alzheimer_MRI_4_classes_dataset/Alzheimer_MRI_4_classes_dataset/VeryMildDemented/28 (22).jpg,VeryMildDemented,VeryMildDemented,Demented,Demented,VeryMildDemented_patient22,VeryMildDemented_patient22,True,True,True,4,review_only_not_split_blocking
img_2c2b94ba6d8a,img_0edf70196826,Alzheimer_MRI_4_classes_dataset/Alzheimer_MRI_4_classes_dataset/VeryMildDemented/27 (25).jpg,Alzheimer_MRI_4_classes_dataset/Alzheimer_MRI_4_classes_dataset/VeryMildDemented/28 (25).jpg,VeryMildDemented,VeryMildDemented,Demented,Demented,VeryMildDemented_patient25,VeryMildDemented_patient25,True,True,True,4,review_only_not_split_blocking
img_ab0af2744047,img_4f0369a44e5c,Alzheimer_MRI_4_classes_dataset/Alzheimer_MRI_4_classes_dataset/VeryMildDemented/27 (30).jpg,Alzheimer_MRI_4_classes_dataset/Alzheimer_MRI_4_classes_dataset/VeryMildDemented/28 (30).jpg,VeryMildDemented,VeryMildDemented,Demented,Demented,VeryMildDemented_patient30,VeryMildDemented_patient30,True,True,True,4,review_only_not_split_blocking
img_ed41ff2fb78e,img_508db38a821c,Alzheimer_MRI_4_classes_dataset/Alzheimer_MRI_4_classes_dataset/VeryMildDemented/27 (32).jpg,Alzheimer_MRI_4_classes_dataset/Alzheimer_MRI_4_classes_dataset/VeryMildDemented/28 (32).jpg,VeryMildDemented,VeryMildDemented,Demented,Demented,VeryMildDemented_patient32,VeryMildDemented_patient32,True,True,True,3,review_only_not_split_blocking
img_f041586bceb3,img_fed7facdf826,Alzheimer_MRI_4_classes_dataset/Alzheimer_MRI_4_classes_dataset/VeryMildDemented/27 (34).jpg,Alzheimer_MRI_4_classes_dataset/Alzheimer_MRI_4_classes_dataset/VeryMildDemented/28 (34).jpg,VeryMildDemented,VeryMildDemented,Demented,Demented,VeryMildDemented_patient34,VeryMildDemented_patient34,True,True,True,2,review_only_not_split_blocking
img_6f9b219bf043,img_6e9f197e995c,Alzheimer_MRI_4_classes_dataset/Alzheimer_MRI_4_classes_dataset/VeryMildDemented/27 (37).jpg,Alzheimer_MRI_4_classes_dataset/Alzheimer_MRI_4_classes_dataset/VeryMildDemented/28 (37).jpg,VeryMildDemented,VeryMildDemented,Demented,Demented,VeryMildDemented_patient37,VeryMildDemented_patient37,True,True,True,3,review_only_not_split_blocking
img_8834b31824ad,img_8a06d4d1b087,Alzheimer_MRI_4_classes_dataset/Alzheimer_MRI_4_classes_dataset/VeryMildDemented/27 (43).jpg,Alzheimer_MRI_4_classes_dataset/Alzheimer_MRI_4_classes_dataset/VeryMildDemented/28 (43).jpg,VeryMildDemented,VeryMildDemented,Demented,Demented,VeryMildDemented_patient43,VeryMildDemented_patient43,True,True,True,3,review_only_not_split_blocking
img_8232d0f43a19,img_40a9428cc3cd,Alzheimer_MRI_4_classes_dataset/Alzheimer_MRI_4_classes_dataset/VeryMildDemented/27 (44).jpg,Alzheimer_MRI_4_classes_dataset/Alzheimer_MRI_4_classes_dataset/VeryMildDemented/28 (44).jpg,VeryMildDemented,VeryMildDemented,Demented,Demented,VeryMildDemented_patient44,VeryMildDemented_patient44,True,True,True,2,review_only_not_split_blocking
img_7407fddec7a3,img_fef2215f2db7,Alzheimer_MRI_4_classes_dataset/Alzheimer_MRI_4_classes_dataset/VeryMildDemented/27 (45).jpg,Alzheimer_MRI_4_classes_dataset/Alzheimer_MRI_4_classes_dataset/VeryMildDemented/28 (33).jpg,VeryMildDemented,VeryMildDemented,Demented,Demented,VeryMildDemented_patient45,VeryMildDemented_patient33,False,True,True,3,review_only_not_split_blocking
img_14c3291d9ee1,img_38eb9b71dc4f,Alzheimer_MRI_4_classes_dataset/Alzheimer_MRI_4_classes_dataset/VeryMildDemented/27 (48).jpg,Alzheimer_MRI_4_classes_dataset/Alzheimer_MRI_4_classes_dataset/VeryMildDemented/28 (48).jpg,VeryMildDemented,VeryMildDemented,Demented,Demented,VeryMildDemented_patient48,VeryMildDemented_patient48,True,True,True,4,review_only_not_split_blocking
img_cce72859b7db,img_89e31d718f60,Alzheimer_MRI_4_classes_dataset/Alzheimer_MRI_4_classes_dataset/VeryMildDemented/27 (50).jpg,Alzheimer_MRI_4_classes_dataset/Alzheimer_MRI_4_classes_dataset/VeryMildDemented/28 (50).jpg,VeryMildDemented,VeryMildDemented,Demented,Demented,VeryMildDemented_patient50,VeryMildDemented_patient50,True,True,True,4,review_only_not_split_blocking
img_0dbf1b52a558,img_1d9439584869,Alzheimer_MRI_4_classes_dataset/Alzheimer_MRI_4_classes_dataset/VeryMildDemented/27 (54).jpg,Alzheimer_MRI_4_classes_dataset/Alzheimer_MRI_4_classes_dataset/VeryMildDemented/28 (54).jpg,VeryMildDemented,VeryMildDemented,Demented,Demented,VeryMildDemented_patient54,VeryMildDemented_patient54,True,True,True,1,review_only_not_split_blocking
img_0dbf1b52a558,img_1ea8a805264c,Alzheimer_MRI_4_classes_dataset/Alzheimer_MRI_4_classes_dataset/VeryMildDemented/27 (54).jpg,Alzheimer_MRI_4_classes_dataset/Alzheimer_MRI_4_classes_dataset/VeryMildDemented/29 (54).jpg,VeryMildDemented,VeryMildDemented,Demented,Demented,VeryMildDemented_patient54,VeryMildDemented_patient54,True,True,True,4,review_only_not_split_blocking
img_b121dece496b,img_c18d7b7326fa,Alzheimer_MRI_4_classes_dataset/Alzheimer_MRI_4_classes_dataset/VeryMildDemented/27 (6).jpg,Alzheimer_MRI_4_classes_dataset/Alzheimer_MRI_4_classes_dataset/VeryMildDemented/28 (6).jpg,VeryMildDemented,VeryMildDemented,Demented,Demented,VeryMildDemented_patient6,VeryMildDemented_patient6,True,True,True,4,review_only_not_split_blocking
img_b121dece496b,img_218110c3d51e,Alzheimer_MRI_4_classes_dataset/Alzheimer_MRI_4_classes_dataset/VeryMildDemented/27 (6).jpg,Alzheimer_MRI_4_classes_dataset/Alzheimer_MRI_4_classes_dataset/VeryMildDemented/29 (43).jpg,VeryMildDemented,VeryMildDemented,Demented,Demented,VeryMildDemented_patient6,VeryMildDemented_patient43,False,True,True,4,review_only_not_split_blocking
img_b76a630bbc38,img_37c83088d601,Alzheimer_MRI_4_classes_dataset/Alzheimer_MRI_4_classes_dataset/VeryMildDemented/27 (60).jpg,Alzheimer_MRI_4_classes_dataset/Alzheimer_MRI_4_classes_dataset/VeryMildDemented/28 (60).jpg,VeryMildDemented,VeryMildDemented,Demented,Demented,VeryMildDemented_patient60,VeryMildDemented_patient60,True,True,True,4,review_only_not_split_blocking
img_e51fdda95ab5,img_58311761dc34,Alzheimer_MRI_4_classes_dataset/Alzheimer_MRI_4_classes_dataset/VeryMildDemented/27 (63).jpg,Alzheimer_MRI_4_classes_dataset/Alzheimer_MRI_4_classes_dataset/VeryMildDemented/28 (63).jpg,VeryMildDemented,VeryMildDemented,Demented,Demented,VeryMildDemented_patient63,VeryMildDemented_patient63,True,True,True,3,review_only_not_split_blocking
img_2b91f64c1afe,img_9089fd12fa5e,Alzheimer_MRI_4_classes_dataset/Alzheimer_MRI_4_classes_dataset/VeryMildDemented/27 (7).jpg,Alzheimer_MRI_4_classes_dataset/Alzheimer_MRI_4_classes_dataset/VeryMildDemented/28 (7).jpg,VeryMildDemented,VeryMildDemented,Demented,Demented,VeryMildDemented_patient7,VeryMildDemented_patient7,True,True,True,3,review_only_not_split_blocking
img_7f8433e2b1cf,img_76b8b6c83b4c,Alzheimer_MRI_4_classes_dataset/Alzheimer_MRI_4_classes_dataset/VeryMildDemented/28 (12).jpg,Alzheimer_MRI_4_classes_dataset/Alzheimer_MRI_4_classes_dataset/VeryMildDemented/29 (12).jpg,VeryMildDemented,VeryMildDemented,Demented,Demented,VeryMildDemented_patient12,VeryMildDemented_patient12,True,True,True,4,review_only_not_split_blocking
img_e18750214478,img_82f6e536a11c,Alzheimer_MRI_4_classes_dataset/Alzheimer_MRI_4_classes_dataset/VeryMildDemented/28 (13).jpg,Alzheimer_MRI_4_classes_dataset/Alzheimer_MRI_4_classes_dataset/VeryMildDemented/29 (13).jpg,VeryMildDemented,VeryMildDemented,Demented,Demented,VeryMildDemented_patient13,VeryMildDemented_patient13,True,True,True,3,review_only_not_split_blocking
img_9480c0f89593,img_32ad839cb715,Alzheimer_MRI_4_classes_dataset/Alzheimer_MRI_4_classes_dataset/VeryMildDemented/28 (17).jpg,Alzheimer_MRI_4_classes_dataset/Alzheimer_MRI_4_classes_dataset/VeryMildDemented/30 (17).jpg,VeryMildDemented,VeryMildDemented,Demented,Demented,VeryMildDemented_patient17,VeryMildDemented_patient17,True,True,True,4,review_only_not_split_blocking
img_4533beb86549,img_343d20b4fecd,Alzheimer_MRI_4_classes_dataset/Alzheimer_MRI_4_classes_dataset/VeryMildDemented/28 (2).jpg,Alzheimer_MRI_4_classes_dataset/Alzheimer_MRI_4_classes_dataset/VeryMildDemented/29 (2).jpg,VeryMildDemented,VeryMildDemented,Demented,Demented,VeryMildDemented_patient2,VeryMildDemented_patient2,True,True,True,2,review_only_not_split_blocking
img_5a5fdd4abeb0,img_887039136e34,Alzheimer_MRI_4_classes_dataset/Alzheimer_MRI_4_classes_dataset/VeryMildDemented/28 (20).jpg,Alzheimer_MRI_4_classes_dataset/Alzheimer_MRI_4_classes_dataset/VeryMildDemented/29 (20).jpg,VeryMildDemented,VeryMildDemented,Demented,Demented,VeryMildDemented_patient20,VeryMildDemented_patient20,True,True,True,4,review_only_not_split_blocking
img_108a68a02702,img_7069667ace6e,Alzheimer_MRI_4_classes_dataset/Alzheimer_MRI_4_classes_dataset/VeryMildDemented/28 (26).jpg,Alzheimer_MRI_4_classes_dataset/Alzheimer_MRI_4_classes_dataset/VeryMildDemented/29 (26).jpg,VeryMildDemented,VeryMildDemented,Demented,Demented,VeryMildDemented_patient26,VeryMildDemented_patient26,True,True,True,4,review_only_not_split_blocking
img_6f17b85ed4d5,img_9ec8dd26f64d,Alzheimer_MRI_4_classes_dataset/Alzheimer_MRI_4_classes_dataset/VeryMildDemented/28 (29).jpg,Alzheimer_MRI_4_classes_dataset/Alzheimer_MRI_4_classes_dataset/VeryMildDemented/29 (29).jpg,VeryMildDemented,VeryMildDemented,Demented,Demented,VeryMildDemented_patient29,VeryMildDemented_patient29,True,True,True,3,review_only_not_split_blocking
img_4f0369a44e5c,img_55836fbf1431,Alzheimer_MRI_4_classes_dataset/Alzheimer_MRI_4_classes_dataset/VeryMildDemented/28 (30).jpg,Alzheimer_MRI_4_classes_dataset/Alzheimer_MRI_4_classes_dataset/VeryMildDemented/29 (30).jpg,VeryMildDemented,VeryMildDemented,Demented,Demented,VeryMildDemented_patient30,VeryMildDemented_patient30,True,True,True,4,review_only_not_split_blocking
img_396cb5fa2d46,img_715c9cb42266,Alzheimer_MRI_4_classes_dataset/Alzheimer_MRI_4_classes_dataset/VeryMildDemented/28 (31).jpg,Alzheimer_MRI_4_classes_dataset/Alzheimer_MRI_4_classes_dataset/VeryMildDemented/29 (31).jpg,VeryMildDemented,VeryMildDemented,Demented,Demented,VeryMildDemented_patient31,VeryMildDemented_patient31,True,True,True,4,review_only_not_split_blocking
img_6e9f197e995c,img_7d7bb1485eab,Alzheimer_MRI_4_classes_dataset/Alzheimer_MRI_4_classes_dataset/VeryMildDemented/28 (37).jpg,Alzheimer_MRI_4_classes_dataset/Alzheimer_MRI_4_classes_dataset/VeryMildDemented/29 (37).jpg,VeryMildDemented,VeryMildDemented,Demented,Demented,VeryMildDemented_patient37,VeryMildDemented_patient37,True,True,True,3,review_only_not_split_blocking
img_425933ce86d1,img_3a3a65a0a080,Alzheimer_MRI_4_classes_dataset/Alzheimer_MRI_4_classes_dataset/VeryMildDemented/28 (4).jpg,Alzheimer_MRI_4_classes_dataset/Alzheimer_MRI_4_classes_dataset/VeryMildDemented/29 (4).jpg,VeryMildDemented,VeryMildDemented,Demented,Demented,VeryMildDemented_patient4,VeryMildDemented_patient4,True,True,True,3,review_only_not_split_blocking
img_425933ce86d1,img_f00ccf955fa3,Alzheimer_MRI_4_classes_dataset/Alzheimer_MRI_4_classes_dataset/VeryMildDemented/28 (4).jpg,Alzheimer_MRI_4_classes_dataset/Alzheimer_MRI_4_classes_dataset/VeryMildDemented/30 (4).jpg,VeryMildDemented,VeryMildDemented,Demented,Demented,VeryMildDemented_patient4,VeryMildDemented_patient4,True,True,True,4,review_only_not_split_blocking
img_89a67037ed99,img_5b0437d4e1dc,Alzheimer_MRI_4_classes_dataset/Alzheimer_MRI_4_classes_dataset/VeryMildDemented/28 (42).jpg,Alzheimer_MRI_4_classes_dataset/Alzheimer_MRI_4_classes_dataset/VeryMildDemented/29 (42).jpg,VeryMildDemented,VeryMildDemented,Demented,Demented,VeryMildDemented_patient42,VeryMildDemented_patient42,True,True,True,4,review_only_not_split_blocking
img_8a06d4d1b087,img_218110c3d51e,Alzheimer_MRI_4_classes_dataset/Alzheimer_MRI_4_classes_dataset/VeryMildDemented/28 (43).jpg,Alzheimer_MRI_4_classes_dataset/Alzheimer_MRI_4_classes_dataset/VeryMildDemented/29 (43).jpg,VeryMildDemented,VeryMildDemented,Demented,Demented,VeryMildDemented_patient43,VeryMildDemented_patient43,True,True,True,2,review_only_not_split_blocking
img_2cd2fadf872d,img_185546ecadfb,Alzheimer_MRI_4_classes_dataset/Alzheimer_MRI_4_classes_dataset/VeryMildDemented/28 (47).jpg,Alzheimer_MRI_4_classes_dataset/Alzheimer_MRI_4_classes_dataset/VeryMildDemented/29 (47).jpg,VeryMildDemented,VeryMildDemented,Demented,Demented,VeryMildDemented_patient47,VeryMildDemented_patient47,True,True,True,4,review_only_not_split_blocking
img_d5288e91d775,img_55d3a004e91c,Alzheimer_MRI_4_classes_dataset/Alzheimer_MRI_4_classes_dataset/VeryMildDemented/28 (49).jpg,Alzheimer_MRI_4_classes_dataset/Alzheimer_MRI_4_classes_dataset/VeryMildDemented/29 (49).jpg,VeryMildDemented,VeryMildDemented,Demented,Demented,VeryMildDemented_patient49,VeryMildDemented_patient49,True,True,True,3,review_only_not_split_blocking
img_1d9439584869,img_1ea8a805264c,Alzheimer_MRI_4_classes_dataset/Alzheimer_MRI_4_classes_dataset/VeryMildDemented/28 (54).jpg,Alzheimer_MRI_4_classes_dataset/Alzheimer_MRI_4_classes_dataset/VeryMildDemented/29 (54).jpg,VeryMildDemented,VeryMildDemented,Demented,Demented,VeryMildDemented_patient54,VeryMildDemented_patient54,True,True,True,3,review_only_not_split_blocking
img_11b9bcdc9d3b,img_63dbc5a7747c,Alzheimer_MRI_4_classes_dataset/Alzheimer_MRI_4_classes_dataset/VeryMildDemented/28 (55).jpg,Alzheimer_MRI_4_classes_dataset/Alzheimer_MRI_4_classes_dataset/VeryMildDemented/29 (55).jpg,VeryMildDemented,VeryMildDemented,Demented,Demented,VeryMildDemented_patient55,VeryMildDemented_patient55,True,True,True,3,review_only_not_split_blocking
img_e24643509937,img_ac468c2e65fb,Alzheimer_MRI_4_classes_dataset/Alzheimer_MRI_4_classes_dataset/VeryMildDemented/28 (56).jpg,Alzheimer_MRI_4_classes_dataset/Alzheimer_MRI_4_classes_dataset/VeryMildDemented/29 (56).jpg,VeryMildDemented,VeryMildDemented,Demented,Demented,VeryMildDemented_patient56,VeryMildDemented_patient56,True,True,True,3,review_only_not_split_blocking
img_7a575df06d73,img_0c24341d13b0,Alzheimer_MRI_4_classes_dataset/Alzheimer_MRI_4_classes_dataset/VeryMildDemented/28 (57).jpg,Alzheimer_MRI_4_classes_dataset/Alzheimer_MRI_4_classes_dataset/VeryMildDemented/29 (57).jpg,VeryMildDemented,VeryMildDemented,Demented,Demented,VeryMildDemented_patient57,VeryMildDemented_patient57,True,True,True,4,review_only_not_split_blocking
img_b7d3d4ccd357,img_f92b4681d0da,Alzheimer_MRI_4_classes_dataset/Alzheimer_MRI_4_classes_dataset/VeryMildDemented/28 (58).jpg,Alzheimer_MRI_4_classes_dataset/Alzheimer_MRI_4_classes_dataset/VeryMildDemented/29 (58).jpg,VeryMildDemented,VeryMildDemented,Demented,Demented,VeryMildDemented_patient58,VeryMildDemented_patient58,True,True,True,3,review_only_not_split_blocking
img_4613c84fe28f,img_1eefa3b396a8,Alzheimer_MRI_4_classes_dataset/Alzheimer_MRI_4_classes_dataset/VeryMildDemented/28 (59).jpg,Alzheimer_MRI_4_classes_dataset/Alzheimer_MRI_4_classes_dataset/VeryMildDemented/29 (59).jpg,VeryMildDemented,VeryMildDemented,Demented,Demented,VeryMildDemented_patient59,VeryMildDemented_patient59,True,True,True,2,review_only_not_split_blocking
img_c18d7b7326fa,img_b95127bc8596,Alzheimer_MRI_4_classes_dataset/Alzheimer_MRI_4_classes_dataset/VeryMildDemented/28 (6).jpg,Alzheimer_MRI_4_classes_dataset/Alzheimer_MRI_4_classes_dataset/VeryMildDemented/29 (6).jpg,VeryMildDemented,VeryMildDemented,Demented,Demented,VeryMildDemented_patient6,VeryMildDemented_patient6,True,True,True,4,review_only_not_split_blocking
img_37c83088d601,img_95fd6a261831,Alzheimer_MRI_4_classes_dataset/Alzheimer_MRI_4_classes_dataset/VeryMildDemented/28 (60).jpg,Alzheimer_MRI_4_classes_dataset/Alzheimer_MRI_4_classes_dataset/VeryMildDemented/29 (60).jpg,VeryMildDemented,VeryMildDemented,Demented,Demented,VeryMildDemented_patient60,VeryMildDemented_patient60,True,True,True,2,review_only_not_split_blocking
img_11c48fd65e86,img_965859e14c39,Alzheimer_MRI_4_classes_dataset/Alzheimer_MRI_4_classes_dataset/VeryMildDemented/28.jpg,Alzheimer_MRI_4_classes_dataset/Alzheimer_MRI_4_classes_dataset/VeryMildDemented/29.jpg,VeryMildDemented,VeryMildDemented,Demented,Demented,VeryMildDemented_unique_28_c3967975a06e,VeryMildDemented_unique_29_a156a37e7b50,False,True,True,2,review_only_not_split_blocking
img_bdff70288075,img_605357d7e1b2,Alzheimer_MRI_4_classes_dataset/Alzheimer_MRI_4_classes_dataset/VeryMildDemented/29 (10).jpg,Alzheimer_MRI_4_classes_dataset/Alzheimer_MRI_4_classes_dataset/VeryMildDemented/30 (10).jpg,VeryMildDemented,VeryMildDemented,Demented,Demented,VeryMildDemented_patient10,VeryMildDemented_patient10,True,True,True,3,review_only_not_split_blocking
img_a879588b67ff,img_fe659ccf613c,Alzheimer_MRI_4_classes_dataset/Alzheimer_MRI_4_classes_dataset/VeryMildDemented/29 (11).jpg,Alzheimer_MRI_4_classes_dataset/Alzheimer_MRI_4_classes_dataset/VeryMildDemented/30 (11).jpg,VeryMildDemented,VeryMildDemented,Demented,Demented,VeryMildDemented_patient11,VeryMildDemented_patient11,True,True,True,4,review_only_not_split_blocking
img_76b8b6c83b4c,img_556ddb522a9c,Alzheimer_MRI_4_classes_dataset/Alzheimer_MRI_4_classes_dataset/VeryMildDemented/29 (12).jpg,Alzheimer_MRI_4_classes_dataset/Alzheimer_MRI_4_classes_dataset/VeryMildDemented/30 (12).jpg,VeryMildDemented,VeryMildDemented,Demented,Demented,VeryMildDemented_patient12,VeryMildDemented_patient12,True,True,True,2,review_only_not_split_blocking
img_ad5bb0016e14,img_5862e23b266e,Alzheimer_MRI_4_classes_dataset/Alzheimer_MRI_4_classes_dataset/VeryMildDemented/29 (15).jpg,Alzheimer_MRI_4_classes_dataset/Alzheimer_MRI_4_classes_dataset/VeryMildDemented/30 (15).jpg,VeryMildDemented,VeryMildDemented,Demented,Demented,VeryMildDemented_patient15,VeryMildDemented_patient15,True,True,True,4,review_only_not_split_blocking
img_b43afb811148,img_70f6d6f2e6ba,Alzheimer_MRI_4_classes_dataset/Alzheimer_MRI_4_classes_dataset/VeryMildDemented/29 (16).jpg,Alzheimer_MRI_4_classes_dataset/Alzheimer_MRI_4_classes_dataset/VeryMildDemented/30 (16).jpg,VeryMildDemented,VeryMildDemented,Demented,Demented,VeryMildDemented_patient16,VeryMildDemented_patient16,True,True,True,4,review_only_not_split_blocking
img_e88b086edd27,img_6f3feabcc58c,Alzheimer_MRI_4_classes_dataset/Alzheimer_MRI_4_classes_dataset/VeryMildDemented/29 (25).jpg,Alzheimer_MRI_4_classes_dataset/Alzheimer_MRI_4_classes_dataset/VeryMildDemented/30 (25).jpg,VeryMildDemented,VeryMildDemented,Demented,Demented,VeryMildDemented_patient25,VeryMildDemented_patient25,True,True,True,4,review_only_not_split_blocking
img_7069667ace6e,img_e2f9117aabbc,Alzheimer_MRI_4_classes_dataset/Alzheimer_MRI_4_classes_dataset/VeryMildDemented/29 (26).jpg,Alzheimer_MRI_4_classes_dataset/Alzheimer_MRI_4_classes_dataset/VeryMildDemented/30 (26).jpg,VeryMildDemented,VeryMildDemented,Demented,Demented,VeryMildDemented_patient26,VeryMildDemented_patient26,True,True,True,4,review_only_not_split_blocking
img_39ba93445ee9,img_7ec06417cefe,Alzheimer_MRI_4_classes_dataset/Alzheimer_MRI_4_classes_dataset/VeryMildDemented/29 (28).jpg,Alzheimer_MRI_4_classes_dataset/Alzheimer_MRI_4_classes_dataset/VeryMildDemented/30 (28).jpg,VeryMildDemented,VeryMildDemented,Demented,Demented,VeryMildDemented_patient28,VeryMildDemented_patient28,True,True,True,4,review_only_not_split_blocking
img_9ec8dd26f64d,img_a35a4eb32531,Alzheimer_MRI_4_classes_dataset/Alzheimer_MRI_4_classes_dataset/VeryMildDemented/29 (29).jpg,Alzheimer_MRI_4_classes_dataset/Alzheimer_MRI_4_classes_dataset/VeryMildDemented/30 (29).jpg,VeryMildDemented,VeryMildDemented,Demented,Demented,VeryMildDemented_patient29,VeryMildDemented_patient29,True,True,True,3,review_only_not_split_blocking
img_3c55a08ddc98,img_b6f0edc109eb,Alzheimer_MRI_4_classes_dataset/Alzheimer_MRI_4_classes_dataset/VeryMildDemented/29 (32).jpg,Alzheimer_MRI_4_classes_dataset/Alzheimer_MRI_4_classes_dataset/VeryMildDemented/30 (32).jpg,VeryMildDemented,VeryMildDemented,Demented,Demented,VeryMildDemented_patient32,VeryMildDemented_patient32,True,True,True,4,review_only_not_split_blocking
img_367c474f4391,img_a71e76b8e6fd,Alzheimer_MRI_4_classes_dataset/Alzheimer_MRI_4_classes_dataset/VeryMildDemented/29 (33).jpg,Alzheimer_MRI_4_classes_dataset/Alzheimer_MRI_4_classes_dataset/VeryMildDemented/30 (33).jpg,VeryMildDemented,VeryMildDemented,Demented,Demented,VeryMildDemented_patient33,VeryMildDemented_patient33,True,True,True,1,review_only_not_split_blocking
img_c5437dc576f6,img_4c169fccee3d,Alzheimer_MRI_4_classes_dataset/Alzheimer_MRI_4_classes_dataset/VeryMildDemented/29 (36).jpg,Alzheimer_MRI_4_classes_dataset/Alzheimer_MRI_4_classes_dataset/VeryMildDemented/30 (36).jpg,VeryMildDemented,VeryMildDemented,Demented,Demented,VeryMildDemented_patient36,VeryMildDemented_patient36,True,True,True,4,review_only_not_split_blocking
img_fae19411ea81,img_3ec8253d97c6,Alzheimer_MRI_4_classes_dataset/Alzheimer_MRI_4_classes_dataset/VeryMildDemented/29 (39).jpg,Alzheimer_MRI_4_classes_dataset/Alzheimer_MRI_4_classes_dataset/VeryMildDemented/30 (39).jpg,VeryMildDemented,VeryMildDemented,Demented,Demented,VeryMildDemented_patient39,VeryMildDemented_patient39,True,True,True,4,review_only_not_split_blocking
img_5d88ba043536,img_b8dd979fcebf,Alzheimer_MRI_4_classes_dataset/Alzheimer_MRI_4_classes_dataset/VeryMildDemented/29 (41).jpg,Alzheimer_MRI_4_classes_dataset/Alzheimer_MRI_4_classes_dataset/VeryMildDemented/30 (41).jpg,VeryMildDemented,VeryMildDemented,Demented,Demented,VeryMildDemented_patient41,VeryMildDemented_patient41,True,True,True,4,review_only_not_split_blocking
img_5b0437d4e1dc,img_febd02edd1e4,Alzheimer_MRI_4_classes_dataset/Alzheimer_MRI_4_classes_dataset/VeryMildDemented/29 (42).jpg,Alzheimer_MRI_4_classes_dataset/Alzheimer_MRI_4_classes_dataset/VeryMildDemented/30 (42).jpg,VeryMildDemented,VeryMildDemented,Demented,Demented,VeryMildDemented_patient42,VeryMildDemented_patient42,True,True,True,4,review_only_not_split_blocking
img_236c7e851812,img_9d08c85ba912,Alzheimer_MRI_4_classes_dataset/Alzheimer_MRI_4_classes_dataset/VeryMildDemented/29 (44).jpg,Alzheimer_MRI_4_classes_dataset/Alzheimer_MRI_4_classes_dataset/VeryMildDemented/30 (44).jpg,VeryMildDemented,VeryMildDemented,Demented,Demented,VeryMildDemented_patient44,VeryMildDemented_patient44,True,True,True,4,review_only_not_split_blocking
img_185546ecadfb,img_be3957aaac27,Alzheimer_MRI_4_classes_dataset/Alzheimer_MRI_4_classes_dataset/VeryMildDemented/29 (47).jpg,Alzheimer_MRI_4_classes_dataset/Alzheimer_MRI_4_classes_dataset/VeryMildDemented/30 (47).jpg,VeryMildDemented,VeryMildDemented,Demented,Demented,VeryMildDemented_patient47,VeryMildDemented_patient47,True,True,True,3,review_only_not_split_blocking
img_1b01fe5da260,img_6a9ebcd93255,Alzheimer_MRI_4_classes_dataset/Alzheimer_MRI_4_classes_dataset/VeryMildDemented/29 (52).jpg,Alzheimer_MRI_4_classes_dataset/Alzheimer_MRI_4_classes_dataset/VeryMildDemented/30 (52).jpg,VeryMildDemented,VeryMildDemented,Demented,Demented,VeryMildDemented_patient52,VeryMildDemented_patient52,True,True,True,4,review_only_not_split_blocking
img_1ea8a805264c,img_de85bf66101a,Alzheimer_MRI_4_classes_dataset/Alzheimer_MRI_4_classes_dataset/VeryMildDemented/29 (54).jpg,Alzheimer_MRI_4_classes_dataset/Alzheimer_MRI_4_classes_dataset/VeryMildDemented/30 (54).jpg,VeryMildDemented,VeryMildDemented,Demented,Demented,VeryMildDemented_patient54,VeryMildDemented_patient54,True,True,True,3,review_only_not_split_blocking
img_0c24341d13b0,img_d195a759fb28,Alzheimer_MRI_4_classes_dataset/Alzheimer_MRI_4_classes_dataset/VeryMildDemented/29 (57).jpg,Alzheimer_MRI_4_classes_dataset/Alzheimer_MRI_4_classes_dataset/VeryMildDemented/30 (57).jpg,VeryMildDemented,VeryMildDemented,Demented,Demented,VeryMildDemented_patient57,VeryMildDemented_patient57,True,True,True,3,review_only_not_split_blocking
img_1eefa3b396a8,img_8db377fe8c6e,Alzheimer_MRI_4_classes_dataset/Alzheimer_MRI_4_classes_dataset/VeryMildDemented/29 (59).jpg,Alzheimer_MRI_4_classes_dataset/Alzheimer_MRI_4_classes_dataset/VeryMildDemented/30 (59).jpg,VeryMildDemented,VeryMildDemented,Demented,Demented,VeryMildDemented_patient59,VeryMildDemented_patient59,True,True,True,3,review_only_not_split_blocking
img_b2e57beec9c8,img_918c12a6d206,Alzheimer_MRI_4_classes_dataset/Alzheimer_MRI_4_classes_dataset/VeryMildDemented/29 (62).jpg,Alzheimer_MRI_4_classes_dataset/Alzheimer_MRI_4_classes_dataset/VeryMildDemented/30 (62).jpg,VeryMildDemented,VeryMildDemented,Demented,Demented,VeryMildDemented_patient62,VeryMildDemented_patient62,True,True,True,3,review_only_not_split_blocking
img_49e401d0c465,img_871ee1833208,Alzheimer_MRI_4_classes_dataset/Alzheimer_MRI_4_classes_dataset/VeryMildDemented/29 (66).jpg,Alzheimer_MRI_4_classes_dataset/Alzheimer_MRI_4_classes_dataset/VeryMildDemented/30 (66).jpg,VeryMildDemented,VeryMildDemented,Demented,Demented,VeryMildDemented_patient66,VeryMildDemented_patient66,True,True,True,2,review_only_not_split_blocking
img_0ee2b48155c9,img_2af4602d4a2d,Alzheimer_MRI_4_classes_dataset/Alzheimer_MRI_4_classes_dataset/VeryMildDemented/29 (67).jpg,Alzheimer_MRI_4_classes_dataset/Alzheimer_MRI_4_classes_dataset/VeryMildDemented/30 (67).jpg,VeryMildDemented,VeryMildDemented,Demented,Demented,VeryMildDemented_patient67,VeryMildDemented_patient67,True,True,True,4,review_only_not_split_blocking
img_d8c1c8d5a9bd,img_b01102f47cc2,Alzheimer_MRI_4_classes_dataset/Alzheimer_MRI_4_classes_dataset/VeryMildDemented/3 (11).jpg,Alzheimer_MRI_4_classes_dataset/Alzheimer_MRI_4_classes_dataset/VeryMildDemented/4 (11).jpg,VeryMildDemented,VeryMildDemented,Demented,Demented,VeryMildDemented_patient11,VeryMildDemented_patient11,True,True,True,2,review_only_not_split_blocking
img_6d2a0f3924b9,img_023ccc367afd,Alzheimer_MRI_4_classes_dataset/Alzheimer_MRI_4_classes_dataset/VeryMildDemented/3 (31).jpg,Alzheimer_MRI_4_classes_dataset/Alzheimer_MRI_4_classes_dataset/VeryMildDemented/4 (31).jpg,VeryMildDemented,VeryMildDemented,Demented,Demented,VeryMildDemented_patient31,VeryMildDemented_patient31,True,True,True,3,review_only_not_split_blocking
img_d4961cd5ce96,img_5e4f5d38c49b,Alzheimer_MRI_4_classes_dataset/Alzheimer_MRI_4_classes_dataset/VeryMildDemented/3 (34).jpg,Alzheimer_MRI_4_classes_dataset/Alzheimer_MRI_4_classes_dataset/VeryMildDemented/4 (34).jpg,VeryMildDemented,VeryMildDemented,Demented,Demented,VeryMildDemented_patient34,VeryMildDemented_patient34,True,True,True,4,review_only_not_split_blocking
img_f2677c64f1c4,img_17cdc8f4e37d,Alzheimer_MRI_4_classes_dataset/Alzheimer_MRI_4_classes_dataset/VeryMildDemented/3 (35).jpg,Alzheimer_MRI_4_classes_dataset/Alzheimer_MRI_4_classes_dataset/VeryMildDemented/4 (35).jpg,VeryMildDemented,VeryMildDemented,Demented,Demented,VeryMildDemented_patient35,VeryMildDemented_patient35,True,True,True,4,review_only_not_split_blocking
img_c0cb7fa41b95,img_43d96999db0d,Alzheimer_MRI_4_classes_dataset/Alzheimer_MRI_4_classes_dataset/VeryMildDemented/3 (38).jpg,Alzheimer_MRI_4_classes_dataset/Alzheimer_MRI_4_classes_dataset/VeryMildDemented/4 (38).jpg,VeryMildDemented,VeryMildDemented,Demented,Demented,VeryMildDemented_patient38,VeryMildDemented_patient38,True,True,True,3,review_only_not_split_blocking
img_810ae67fcedf,img_3a1b6958f6fd,Alzheimer_MRI_4_classes_dataset/Alzheimer_MRI_4_classes_dataset/VeryMildDemented/3 (40).jpg,Alzheimer_MRI_4_classes_dataset/Alzheimer_MRI_4_classes_dataset/VeryMildDemented/4 (40).jpg,VeryMildDemented,VeryMildDemented,Demented,Demented,VeryMildDemented_patient40,VeryMildDemented_patient40,True,True,True,4,review_only_not_split_blocking
img_df52f62ebdba,img_c8bb32c2f937,Alzheimer_MRI_4_classes_dataset/Alzheimer_MRI_4_classes_dataset/VeryMildDemented/3 (49).jpg,Alzheimer_MRI_4_classes_dataset/Alzheimer_MRI_4_classes_dataset/VeryMildDemented/4 (49).jpg,VeryMildDemented,VeryMildDemented,Demented,Demented,VeryMildDemented_patient49,VeryMildDemented_patient49,True,True,True,3,review_only_not_split_blocking
img_d5059a04715d,img_aaeef59bd557,Alzheimer_MRI_4_classes_dataset/Alzheimer_MRI_4_classes_dataset/VeryMildDemented/3 (52).jpg,Alzheimer_MRI_4_classes_dataset/Alzheimer_MRI_4_classes_dataset/VeryMildDemented/4 (52).jpg,VeryMildDemented,VeryMildDemented,Demented,Demented,VeryMildDemented_patient52,VeryMildDemented_patient52,True,True,True,3,review_only_not_split_blocking
img_e47a48e30615,img_f53808c23c4b,Alzheimer_MRI_4_classes_dataset/Alzheimer_MRI_4_classes_dataset/VeryMildDemented/3 (56).jpg,Alzheimer_MRI_4_classes_dataset/Alzheimer_MRI_4_classes_dataset/VeryMildDemented/4 (56).jpg,VeryMildDemented,VeryMildDemented,Demented,Demented,VeryMildDemented_patient56,VeryMildDemented_patient56,True,True,True,4,review_only_not_split_blocking
img_774c19ee1e14,img_ffff120f7e6b,Alzheimer_MRI_4_classes_dataset/Alzheimer_MRI_4_classes_dataset/VeryMildDemented/3 (59).jpg,Alzheimer_MRI_4_classes_dataset/Alzheimer_MRI_4_classes_dataset/VeryMildDemented/4 (59).jpg,VeryMildDemented,VeryMildDemented,Demented,Demented,VeryMildDemented_patient59,VeryMildDemented_patient59,True,True,True,3,review_only_not_split_blocking
img_39498e0b983a,img_cd505566da6b,Alzheimer_MRI_4_classes_dataset/Alzheimer_MRI_4_classes_dataset/VeryMildDemented/3 (6).jpg,Alzheimer_MRI_4_classes_dataset/Alzheimer_MRI_4_classes_dataset/VeryMildDemented/4 (6).jpg,VeryMildDemented,VeryMildDemented,Demented,Demented,VeryMildDemented_patient6,VeryMildDemented_patient6,True,True,True,3,review_only_not_split_blocking
img_49dd50eb9de1,img_e0e41f7c6796,Alzheimer_MRI_4_classes_dataset/Alzheimer_MRI_4_classes_dataset/VeryMildDemented/3 (62).jpg,Alzheimer_MRI_4_classes_dataset/Alzheimer_MRI_4_classes_dataset/VeryMildDemented/4 (62).jpg,VeryMildDemented,VeryMildDemented,Demented,Demented,VeryMildDemented_patient62,VeryMildDemented_patient62,True,True,True,4,review_only_not_split_blocking
img_c5b5bfd4275f,img_98bfc970c456,Alzheimer_MRI_4_classes_dataset/Alzheimer_MRI_4_classes_dataset/VeryMildDemented/3 (64).jpg,Alzheimer_MRI_4_classes_dataset/Alzheimer_MRI_4_classes_dataset/VeryMildDemented/4 (64).jpg,VeryMildDemented,VeryMildDemented,Demented,Demented,VeryMildDemented_patient64,VeryMildDemented_patient64,True,True,True,3,review_only_not_split_blocking
img_f165eaabd9b0,img_d650ff8548e2,Alzheimer_MRI_4_classes_dataset/Alzheimer_MRI_4_classes_dataset/VeryMildDemented/3 (65).jpg,Alzheimer_MRI_4_classes_dataset/Alzheimer_MRI_4_classes_dataset/VeryMildDemented/4 (65).jpg,VeryMildDemented,VeryMildDemented,Demented,Demented,VeryMildDemented_patient65,VeryMildDemented_patient65,True,True,True,4,review_only_not_split_blocking
img_afd7242082f4,img_74f6c7a14c9e,Alzheimer_MRI_4_classes_dataset/Alzheimer_MRI_4_classes_dataset/VeryMildDemented/3 (8).jpg,Alzheimer_MRI_4_classes_dataset/Alzheimer_MRI_4_classes_dataset/VeryMildDemented/4 (8).jpg,VeryMildDemented,VeryMildDemented,Demented,Demented,VeryMildDemented_patient8,VeryMildDemented_patient8,True,True,True,4,review_only_not_split_blocking
img_fe659ccf613c,img_308599e3ae0e,Alzheimer_MRI_4_classes_dataset/Alzheimer_MRI_4_classes_dataset/VeryMildDemented/30 (11).jpg,Alzheimer_MRI_4_classes_dataset/Alzheimer_MRI_4_classes_dataset/VeryMildDemented/31 (11).jpg,VeryMildDemented,VeryMildDemented,Demented,Demented,VeryMildDemented_patient11,VeryMildDemented_patient11,True,True,True,4,review_only_not_split_blocking
img_32ad839cb715,img_af15475114e2,Alzheimer_MRI_4_classes_dataset/Alzheimer_MRI_4_classes_dataset/VeryMildDemented/30 (17).jpg,Alzheimer_MRI_4_classes_dataset/Alzheimer_MRI_4_classes_dataset/VeryMildDemented/31 (17).jpg,VeryMildDemented,VeryMildDemented,Demented,Demented,VeryMildDemented_patient17,VeryMildDemented_patient17,True,True,True,3,review_only_not_split_blocking
img_00b55e493d98,img_f95599ed8b60,Alzheimer_MRI_4_classes_dataset/Alzheimer_MRI_4_classes_dataset/VeryMildDemented/30 (18).jpg,Alzheimer_MRI_4_classes_dataset/Alzheimer_MRI_4_classes_dataset/VeryMildDemented/31 (18).jpg,VeryMildDemented,VeryMildDemented,Demented,Demented,VeryMildDemented_patient18,VeryMildDemented_patient18,True,True,True,2,review_only_not_split_blocking
img_47c35851adc6,img_119e2d5a1f87,Alzheimer_MRI_4_classes_dataset/Alzheimer_MRI_4_classes_dataset/VeryMildDemented/30 (19).jpg,Alzheimer_MRI_4_classes_dataset/Alzheimer_MRI_4_classes_dataset/VeryMildDemented/31 (19).jpg,VeryMildDemented,VeryMildDemented,Demented,Demented,VeryMildDemented_patient19,VeryMildDemented_patient19,True,True,True,4,review_only_not_split_blocking
img_45d181361617,img_bead1b60714d,Alzheimer_MRI_4_classes_dataset/Alzheimer_MRI_4_classes_dataset/VeryMildDemented/30 (20).jpg,Alzheimer_MRI_4_classes_dataset/Alzheimer_MRI_4_classes_dataset/VeryMildDemented/31 (20).jpg,VeryMildDemented,VeryMildDemented,Demented,Demented,VeryMildDemented_patient20,VeryMildDemented_patient20,True,True,True,4,review_only_not_split_blocking
img_4f1960249131,img_b635ffaf14b9,Alzheimer_MRI_4_classes_dataset/Alzheimer_MRI_4_classes_dataset/VeryMildDemented/30 (21).jpg,Alzheimer_MRI_4_classes_dataset/Alzheimer_MRI_4_classes_dataset/VeryMildDemented/31 (21).jpg,VeryMildDemented,VeryMildDemented,Demented,Demented,VeryMildDemented_patient21,VeryMildDemented_patient21,True,True,True,4,review_only_not_split_blocking
img_be334e465669,img_bf701f346090,Alzheimer_MRI_4_classes_dataset/Alzheimer_MRI_4_classes_dataset/VeryMildDemented/30 (23).jpg,Alzheimer_MRI_4_classes_dataset/Alzheimer_MRI_4_classes_dataset/VeryMildDemented/31 (23).jpg,VeryMildDemented,VeryMildDemented,Demented,Demented,VeryMildDemented_patient23,VeryMildDemented_patient23,True,True,True,4,review_only_not_split_blocking
img_8ae6fdcdc890,img_7ecf19fdd269,Alzheimer_MRI_4_classes_dataset/Alzheimer_MRI_4_classes_dataset/VeryMildDemented/30 (24).jpg,Alzheimer_MRI_4_classes_dataset/Alzheimer_MRI_4_classes_dataset/VeryMildDemented/31 (24).jpg,VeryMildDemented,VeryMildDemented,Demented,Demented,VeryMildDemented_patient24,VeryMildDemented_patient24,True,True,True,4,review_only_not_split_blocking
img_e2f9117aabbc,img_49d17bf60030,Alzheimer_MRI_4_classes_dataset/Alzheimer_MRI_4_classes_dataset/VeryMildDemented/30 (26).jpg,Alzheimer_MRI_4_classes_dataset/Alzheimer_MRI_4_classes_dataset/VeryMildDemented/31 (26).jpg,VeryMildDemented,VeryMildDemented,Demented,Demented,VeryMildDemented_patient26,VeryMildDemented_patient26,True,True,True,4,review_only_not_split_blocking
img_7c4ad31a954f,img_2a9e77fb5249,Alzheimer_MRI_4_classes_dataset/Alzheimer_MRI_4_classes_dataset/VeryMildDemented/30 (27).jpg,Alzheimer_MRI_4_classes_dataset/Alzheimer_MRI_4_classes_dataset/VeryMildDemented/31 (27).jpg,VeryMildDemented,VeryMildDemented,Demented,Demented,VeryMildDemented_patient27,VeryMildDemented_patient27,True,True,True,3,review_only_not_split_blocking
img_6b9897735f2f,img_c5756df1f34a,Alzheimer_MRI_4_classes_dataset/Alzheimer_MRI_4_classes_dataset/VeryMildDemented/30 (38).jpg,Alzheimer_MRI_4_classes_dataset/Alzheimer_MRI_4_classes_dataset/VeryMildDemented/31 (38).jpg,VeryMildDemented,VeryMildDemented,Demented,Demented,VeryMildDemented_patient38,VeryMildDemented_patient38,True,True,True,2,review_only_not_split_blocking
img_b550867911fb,img_29dcb2bc5696,Alzheimer_MRI_4_classes_dataset/Alzheimer_MRI_4_classes_dataset/VeryMildDemented/30 (43).jpg,Alzheimer_MRI_4_classes_dataset/Alzheimer_MRI_4_classes_dataset/VeryMildDemented/31 (43).jpg,VeryMildDemented,VeryMildDemented,Demented,Demented,VeryMildDemented_patient43,VeryMildDemented_patient43,True,True,True,2,review_only_not_split_blocking
img_1d23a1a607bd,img_07bdb45668f7,Alzheimer_MRI_4_classes_dataset/Alzheimer_MRI_4_classes_dataset/VeryMildDemented/30 (45).jpg,Alzheimer_MRI_4_classes_dataset/Alzheimer_MRI_4_classes_dataset/VeryMildDemented/31 (45).jpg,VeryMildDemented,VeryMildDemented,Demented,Demented,VeryMildDemented_patient45,VeryMildDemented_patient45,True,True,True,4,review_only_not_split_blocking
img_8d6bd9ddbddd,img_720c9c0334bc,Alzheimer_MRI_4_classes_dataset/Alzheimer_MRI_4_classes_dataset/VeryMildDemented/30 (5).jpg,Alzheimer_MRI_4_classes_dataset/Alzheimer_MRI_4_classes_dataset/VeryMildDemented/31 (5).jpg,VeryMildDemented,VeryMildDemented,Demented,Demented,VeryMildDemented_patient5,VeryMildDemented_patient5,True,True,True,3,review_only_not_split_blocking
img_1087a1511d3f,img_2b3632774d15,Alzheimer_MRI_4_classes_dataset/Alzheimer_MRI_4_classes_dataset/VeryMildDemented/30 (51).jpg,Alzheimer_MRI_4_classes_dataset/Alzheimer_MRI_4_classes_dataset/VeryMildDemented/31 (51).jpg,VeryMildDemented,VeryMildDemented,Demented,Demented,VeryMildDemented_patient51,VeryMildDemented_patient51,True,True,True,4,review_only_not_split_blocking
img_7f45946aa86c,img_458a5ccb3e6d,Alzheimer_MRI_4_classes_dataset/Alzheimer_MRI_4_classes_dataset/VeryMildDemented/30 (61).jpg,Alzheimer_MRI_4_classes_dataset/Alzheimer_MRI_4_classes_dataset/VeryMildDemented/31 (61).jpg,VeryMildDemented,VeryMildDemented,Demented,Demented,VeryMildDemented_patient61,VeryMildDemented_patient61,True,True,True,2,review_only_not_split_blocking
img_871ee1833208,img_269eeee9243c,Alzheimer_MRI_4_classes_dataset/Alzheimer_MRI_4_classes_dataset/VeryMildDemented/30 (66).jpg,Alzheimer_MRI_4_classes_dataset/Alzheimer_MRI_4_classes_dataset/VeryMildDemented/31 (66).jpg,VeryMildDemented,VeryMildDemented,Demented,Demented,VeryMildDemented_patient66,VeryMildDemented_patient66,True,True,True,4,review_only_not_split_blocking
img_2af4602d4a2d,img_462945bf3190,Alzheimer_MRI_4_classes_dataset/Alzheimer_MRI_4_classes_dataset/VeryMildDemented/30 (67).jpg,Alzheimer_MRI_4_classes_dataset/Alzheimer_MRI_4_classes_dataset/VeryMildDemented/31 (67).jpg,VeryMildDemented,VeryMildDemented,Demented,Demented,VeryMildDemented_patient67,VeryMildDemented_patient67,True,True,True,4,review_only_not_split_blocking
img_e3b75e257759,img_fc848c2c62e8,Alzheimer_MRI_4_classes_dataset/Alzheimer_MRI_4_classes_dataset/VeryMildDemented/30 (69).jpg,Alzheimer_MRI_4_classes_dataset/Alzheimer_MRI_4_classes_dataset/VeryMildDemented/31 (69).jpg,VeryMildDemented,VeryMildDemented,Demented,Demented,VeryMildDemented_patient69,VeryMildDemented_patient69,True,True,True,4,review_only_not_split_blocking
img_4140887b5a7f,img_9133f743cea9,Alzheimer_MRI_4_classes_dataset/Alzheimer_MRI_4_classes_dataset/VeryMildDemented/30 (70).jpg,Alzheimer_MRI_4_classes_dataset/Alzheimer_MRI_4_classes_dataset/VeryMildDemented/31 (70).jpg,VeryMildDemented,VeryMildDemented,Demented,Demented,VeryMildDemented_patient70,VeryMildDemented_patient70,True,True,True,4,review_only_not_split_blocking
img_e04003b23b17,img_a1bdf0cb2896,Alzheimer_MRI_4_classes_dataset/Alzheimer_MRI_4_classes_dataset/VeryMildDemented/31 (12).jpg,Alzheimer_MRI_4_classes_dataset/Alzheimer_MRI_4_classes_dataset/VeryMildDemented/32 (12).jpg,VeryMildDemented,VeryMildDemented,Demented,Demented,VeryMildDemented_patient12,VeryMildDemented_patient12,True,True,True,4,review_only_not_split_blocking
img_af15475114e2,img_4e4ee954595b,Alzheimer_MRI_4_classes_dataset/Alzheimer_MRI_4_classes_dataset/VeryMildDemented/31 (17).jpg,Alzheimer_MRI_4_classes_dataset/Alzheimer_MRI_4_classes_dataset/VeryMildDemented/32 (17).jpg,VeryMildDemented,VeryMildDemented,Demented,Demented,VeryMildDemented_patient17,VeryMildDemented_patient17,True,True,True,4,review_only_not_split_blocking
img_b635ffaf14b9,img_c7ff064fcae8,Alzheimer_MRI_4_classes_dataset/Alzheimer_MRI_4_classes_dataset/VeryMildDemented/31 (21).jpg,Alzheimer_MRI_4_classes_dataset/Alzheimer_MRI_4_classes_dataset/VeryMildDemented/32 (21).jpg,VeryMildDemented,VeryMildDemented,Demented,Demented,VeryMildDemented_patient21,VeryMildDemented_patient21,True,True,True,2,review_only_not_split_blocking
img_bf701f346090,img_ededb2ab4e71,Alzheimer_MRI_4_classes_dataset/Alzheimer_MRI_4_classes_dataset/VeryMildDemented/31 (23).jpg,Alzheimer_MRI_4_classes_dataset/Alzheimer_MRI_4_classes_dataset/VeryMildDemented/32 (23).jpg,VeryMildDemented,VeryMildDemented,Demented,Demented,VeryMildDemented_patient23,VeryMildDemented_patient23,True,True,True,3,review_only_not_split_blocking
img_c5756df1f34a,img_1168e0917d52,Alzheimer_MRI_4_classes_dataset/Alzheimer_MRI_4_classes_dataset/VeryMildDemented/31 (38).jpg,Alzheimer_MRI_4_classes_dataset/Alzheimer_MRI_4_classes_dataset/VeryMildDemented/32 (38).jpg,VeryMildDemented,VeryMildDemented,Demented,Demented,VeryMildDemented_patient38,VeryMildDemented_patient38,True,True,True,3,review_only_not_split_blocking
img_6a65dd96c4b9,img_7e17dcc30667,Alzheimer_MRI_4_classes_dataset/Alzheimer_MRI_4_classes_dataset/VeryMildDemented/31 (4).jpg,Alzheimer_MRI_4_classes_dataset/Alzheimer_MRI_4_classes_dataset/VeryMildDemented/32 (4).jpg,VeryMildDemented,VeryMildDemented,Demented,Demented,VeryMildDemented_patient4,VeryMildDemented_patient4,True,True,True,3,review_only_not_split_blocking
img_a9bb8d165578,img_32f3a36351e4,Alzheimer_MRI_4_classes_dataset/Alzheimer_MRI_4_classes_dataset/VeryMildDemented/31 (47).jpg,Alzheimer_MRI_4_classes_dataset/Alzheimer_MRI_4_classes_dataset/VeryMildDemented/32 (47).jpg,VeryMildDemented,VeryMildDemented,Demented,Demented,VeryMildDemented_patient47,VeryMildDemented_patient47,True,True,True,4,review_only_not_split_blocking
img_46ee7718e508,img_00ec2bc47f89,Alzheimer_MRI_4_classes_dataset/Alzheimer_MRI_4_classes_dataset/VeryMildDemented/31 (52).jpg,Alzheimer_MRI_4_classes_dataset/Alzheimer_MRI_4_classes_dataset/VeryMildDemented/32 (52).jpg,VeryMildDemented,VeryMildDemented,Demented,Demented,VeryMildDemented_patient52,VeryMildDemented_patient52,True,True,True,4,review_only_not_split_blocking
img_269eeee9243c,img_0ef8485c9b9a,Alzheimer_MRI_4_classes_dataset/Alzheimer_MRI_4_classes_dataset/VeryMildDemented/31 (66).jpg,Alzheimer_MRI_4_classes_dataset/Alzheimer_MRI_4_classes_dataset/VeryMildDemented/32 (66).jpg,VeryMildDemented,VeryMildDemented,Demented,Demented,VeryMildDemented_patient66,VeryMildDemented_patient66,True,True,True,4,review_only_not_split_blocking
img_462945bf3190,img_1f5625f02e96,Alzheimer_MRI_4_classes_dataset/Alzheimer_MRI_4_classes_dataset/VeryMildDemented/31 (67).jpg,Alzheimer_MRI_4_classes_dataset/Alzheimer_MRI_4_classes_dataset/VeryMildDemented/32 (67).jpg,VeryMildDemented,VeryMildDemented,Demented,Demented,VeryMildDemented_patient67,VeryMildDemented_patient67,True,True,True,3,review_only_not_split_blocking
img_9133f743cea9,img_58cf40db232b,Alzheimer_MRI_4_classes_dataset/Alzheimer_MRI_4_classes_dataset/VeryMildDemented/31 (70).jpg,Alzheimer_MRI_4_classes_dataset/Alzheimer_MRI_4_classes_dataset/VeryMildDemented/32 (70).jpg,VeryMildDemented,VeryMildDemented,Demented,Demented,VeryMildDemented_patient70,VeryMildDemented_patient70,True,True,True,3,review_only_not_split_blocking
img_00c6eb8af178,img_1a23ce9a3c10,Alzheimer_MRI_4_classes_dataset/Alzheimer_MRI_4_classes_dataset/VeryMildDemented/4 (14).jpg,Alzheimer_MRI_4_classes_dataset/Alzheimer_MRI_4_classes_dataset/VeryMildDemented/5 (14).jpg,VeryMildDemented,VeryMildDemented,Demented,Demented,VeryMildDemented_patient14,VeryMildDemented_patient14,True,True,True,3,review_only_not_split_blocking
img_6a8b83c3574c,img_fee8c64bdde2,Alzheimer_MRI_4_classes_dataset/Alzheimer_MRI_4_classes_dataset/VeryMildDemented/4 (2).jpg,Alzheimer_MRI_4_classes_dataset/Alzheimer_MRI_4_classes_dataset/VeryMildDemented/5 (2).jpg,VeryMildDemented,VeryMildDemented,Demented,Demented,VeryMildDemented_patient2,VeryMildDemented_patient2,True,True,True,2,review_only_not_split_blocking
img_8b5301e2a918,img_f9aa30f990bd,Alzheimer_MRI_4_classes_dataset/Alzheimer_MRI_4_classes_dataset/VeryMildDemented/4 (26).jpg,Alzheimer_MRI_4_classes_dataset/Alzheimer_MRI_4_classes_dataset/VeryMildDemented/5 (26).jpg,VeryMildDemented,VeryMildDemented,Demented,Demented,VeryMildDemented_patient26,VeryMildDemented_patient26,True,True,True,3,review_only_not_split_blocking
img_d9c58892d97d,img_e444712b7032,Alzheimer_MRI_4_classes_dataset/Alzheimer_MRI_4_classes_dataset/VeryMildDemented/4 (3).jpg,Alzheimer_MRI_4_classes_dataset/Alzheimer_MRI_4_classes_dataset/VeryMildDemented/5 (3).jpg,VeryMildDemented,VeryMildDemented,Demented,Demented,VeryMildDemented_patient3,VeryMildDemented_patient3,True,True,True,3,review_only_not_split_blocking
img_43d96999db0d,img_dd7fece40c35,Alzheimer_MRI_4_classes_dataset/Alzheimer_MRI_4_classes_dataset/VeryMildDemented/4 (38).jpg,Alzheimer_MRI_4_classes_dataset/Alzheimer_MRI_4_classes_dataset/VeryMildDemented/5 (38).jpg,VeryMildDemented,VeryMildDemented,Demented,Demented,VeryMildDemented_patient38,VeryMildDemented_patient38,True,True,True,4,review_only_not_split_blocking
img_31e7f3a99134,img_f354523c299d,Alzheimer_MRI_4_classes_dataset/Alzheimer_MRI_4_classes_dataset/VeryMildDemented/4 (44).jpg,Alzheimer_MRI_4_classes_dataset/Alzheimer_MRI_4_classes_dataset/VeryMildDemented/5 (44).jpg,VeryMildDemented,VeryMildDemented,Demented,Demented,VeryMildDemented_patient44,VeryMildDemented_patient44,True,True,True,4,review_only_not_split_blocking
img_c8bb32c2f937,img_92a664f694aa,Alzheimer_MRI_4_classes_dataset/Alzheimer_MRI_4_classes_dataset/VeryMildDemented/4 (49).jpg,Alzheimer_MRI_4_classes_dataset/Alzheimer_MRI_4_classes_dataset/VeryMildDemented/5 (49).jpg,VeryMildDemented,VeryMildDemented,Demented,Demented,VeryMildDemented_patient49,VeryMildDemented_patient49,True,True,True,3,review_only_not_split_blocking
img_28a197a5a92e,img_f9d0d47294a6,Alzheimer_MRI_4_classes_dataset/Alzheimer_MRI_4_classes_dataset/VeryMildDemented/4 (57).jpg,Alzheimer_MRI_4_classes_dataset/Alzheimer_MRI_4_classes_dataset/VeryMildDemented/5 (57).jpg,VeryMildDemented,VeryMildDemented,Demented,Demented,VeryMildDemented_patient57,VeryMildDemented_patient57,True,True,True,4,review_only_not_split_blocking
img_ffff120f7e6b,img_e681c9aee336,Alzheimer_MRI_4_classes_dataset/Alzheimer_MRI_4_classes_dataset/VeryMildDemented/4 (59).jpg,Alzheimer_MRI_4_classes_dataset/Alzheimer_MRI_4_classes_dataset/VeryMildDemented/5 (59).jpg,VeryMildDemented,VeryMildDemented,Demented,Demented,VeryMildDemented_patient59,VeryMildDemented_patient59,True,True,True,4,review_only_not_split_blocking
img_65a7f054b52f,img_f8d67a7d9e1a,Alzheimer_MRI_4_classes_dataset/Alzheimer_MRI_4_classes_dataset/VeryMildDemented/4 (68).jpg,Alzheimer_MRI_4_classes_dataset/Alzheimer_MRI_4_classes_dataset/VeryMildDemented/5 (68).jpg,VeryMildDemented,VeryMildDemented,Demented,Demented,VeryMildDemented_patient68,VeryMildDemented_patient68,True,True,True,4,review_only_not_split_blocking
img_889ee65a53f6,img_c2aac5b07a72,Alzheimer_MRI_4_classes_dataset/Alzheimer_MRI_4_classes_dataset/VeryMildDemented/4 (7).jpg,Alzheimer_MRI_4_classes_dataset/Alzheimer_MRI_4_classes_dataset/VeryMildDemented/5 (7).jpg,VeryMildDemented,VeryMildDemented,Demented,Demented,VeryMildDemented_patient7,VeryMildDemented_patient7,True,True,True,4,review_only_not_split_blocking
img_1a23ce9a3c10,img_cca5fe0779ba,Alzheimer_MRI_4_classes_dataset/Alzheimer_MRI_4_classes_dataset/VeryMildDemented/5 (14).jpg,Alzheimer_MRI_4_classes_dataset/Alzheimer_MRI_4_classes_dataset/VeryMildDemented/6 (14).jpg,VeryMildDemented,VeryMildDemented,Demented,Demented,VeryMildDemented_patient14,VeryMildDemented_patient14,True,True,True,2,review_only_not_split_blocking
img_5a262e0ed53d,img_cb35401d1c0b,Alzheimer_MRI_4_classes_dataset/Alzheimer_MRI_4_classes_dataset/VeryMildDemented/5 (17).jpg,Alzheimer_MRI_4_classes_dataset/Alzheimer_MRI_4_classes_dataset/VeryMildDemented/6 (17).jpg,VeryMildDemented,VeryMildDemented,Demented,Demented,VeryMildDemented_patient17,VeryMildDemented_patient17,True,True,True,4,review_only_not_split_blocking
img_f7d173da4859,img_89cacac6ed7e,Alzheimer_MRI_4_classes_dataset/Alzheimer_MRI_4_classes_dataset/VeryMildDemented/5 (27).jpg,Alzheimer_MRI_4_classes_dataset/Alzheimer_MRI_4_classes_dataset/VeryMildDemented/6 (27).jpg,VeryMildDemented,VeryMildDemented,Demented,Demented,VeryMildDemented_patient27,VeryMildDemented_patient27,True,True,True,3,review_only_not_split_blocking
img_f33b0762367b,img_e6c8292f74c8,Alzheimer_MRI_4_classes_dataset/Alzheimer_MRI_4_classes_dataset/VeryMildDemented/5 (35).jpg,Alzheimer_MRI_4_classes_dataset/Alzheimer_MRI_4_classes_dataset/VeryMildDemented/6 (35).jpg,VeryMildDemented,VeryMildDemented,Demented,Demented,VeryMildDemented_patient35,VeryMildDemented_patient35,True,True,True,4,review_only_not_split_blocking
img_aa496ad34518,img_692eaefd6c1f,Alzheimer_MRI_4_classes_dataset/Alzheimer_MRI_4_classes_dataset/VeryMildDemented/5 (36).jpg,Alzheimer_MRI_4_classes_dataset/Alzheimer_MRI_4_classes_dataset/VeryMildDemented/6 (36).jpg,VeryMildDemented,VeryMildDemented,Demented,Demented,VeryMildDemented_patient36,VeryMildDemented_patient36,True,True,True,3,review_only_not_split_blocking
img_aa0b7c20a5e1,img_49b6826c21b7,Alzheimer_MRI_4_classes_dataset/Alzheimer_MRI_4_classes_dataset/VeryMildDemented/5 (47).jpg,Alzheimer_MRI_4_classes_dataset/Alzheimer_MRI_4_classes_dataset/VeryMildDemented/6 (47).jpg,VeryMildDemented,VeryMildDemented,Demented,Demented,VeryMildDemented_patient47,VeryMildDemented_patient47,True,True,True,3,review_only_not_split_blocking
img_4dc41d95c9f6,img_40f5532ac7ff,Alzheimer_MRI_4_classes_dataset/Alzheimer_MRI_4_classes_dataset/VeryMildDemented/5 (51).jpg,Alzheimer_MRI_4_classes_dataset/Alzheimer_MRI_4_classes_dataset/VeryMildDemented/6 (51).jpg,VeryMildDemented,VeryMildDemented,Demented,Demented,VeryMildDemented_patient51,VeryMildDemented_patient51,True,True,True,4,review_only_not_split_blocking
img_e07147c0509b,img_10a15bd12ffe,Alzheimer_MRI_4_classes_dataset/Alzheimer_MRI_4_classes_dataset/VeryMildDemented/5 (58).jpg,Alzheimer_MRI_4_classes_dataset/Alzheimer_MRI_4_classes_dataset/VeryMildDemented/6 (58).jpg,VeryMildDemented,VeryMildDemented,Demented,Demented,VeryMildDemented_patient58,VeryMildDemented_patient58,True,True,True,2,review_only_not_split_blocking
img_e530315f500f,img_afdf8cf4c837,Alzheimer_MRI_4_classes_dataset/Alzheimer_MRI_4_classes_dataset/VeryMildDemented/5 (60).jpg,Alzheimer_MRI_4_classes_dataset/Alzheimer_MRI_4_classes_dataset/VeryMildDemented/6 (60).jpg,VeryMildDemented,VeryMildDemented,Demented,Demented,VeryMildDemented_patient60,VeryMildDemented_patient60,True,True,True,4,review_only_not_split_blocking
img_369000627285,img_9d92ac3ec48b,Alzheimer_MRI_4_classes_dataset/Alzheimer_MRI_4_classes_dataset/VeryMildDemented/5 (65).jpg,Alzheimer_MRI_4_classes_dataset/Alzheimer_MRI_4_classes_dataset/VeryMildDemented/6 (65).jpg,VeryMildDemented,VeryMildDemented,Demented,Demented,VeryMildDemented_patient65,VeryMildDemented_patient65,True,True,True,4,review_only_not_split_blocking
img_80f857ecd00e,img_e7b8ea8ccb08,Alzheimer_MRI_4_classes_dataset/Alzheimer_MRI_4_classes_dataset/VeryMildDemented/5 (66).jpg,Alzheimer_MRI_4_classes_dataset/Alzheimer_MRI_4_classes_dataset/VeryMildDemented/6 (66).jpg,VeryMildDemented,VeryMildDemented,Demented,Demented,VeryMildDemented_patient66,VeryMildDemented_patient66,True,True,True,4,review_only_not_split_blocking
img_8ebe8da59d99,img_153232e225ed,Alzheimer_MRI_4_classes_dataset/Alzheimer_MRI_4_classes_dataset/VeryMildDemented/5 (70).jpg,Alzheimer_MRI_4_classes_dataset/Alzheimer_MRI_4_classes_dataset/VeryMildDemented/6 (70).jpg,VeryMildDemented,VeryMildDemented,Demented,Demented,VeryMildDemented_patient70,VeryMildDemented_patient70,True,True,True,1,review_only_not_split_blocking
img_c652ae544ebc,img_2ecc7ac7bc2b,Alzheimer_MRI_4_classes_dataset/Alzheimer_MRI_4_classes_dataset/VeryMildDemented/5 (8).jpg,Alzheimer_MRI_4_classes_dataset/Alzheimer_MRI_4_classes_dataset/VeryMildDemented/6 (8).jpg,VeryMildDemented,VeryMildDemented,Demented,Demented,VeryMildDemented_patient8,VeryMildDemented_patient8,True,True,True,4,review_only_not_split_blocking
img_1b4742bd4e55,img_b5d9822f5d19,Alzheimer_MRI_4_classes_dataset/Alzheimer_MRI_4_classes_dataset/VeryMildDemented/5.jpg,Alzheimer_MRI_4_classes_dataset/Alzheimer_MRI_4_classes_dataset/VeryMildDemented/6.jpg,VeryMildDemented,VeryMildDemented,Demented,Demented,VeryMildDemented_unique_5_31cc9439c31c,VeryMildDemented_unique_6_289d6de3a9ba,False,True,True,2,review_only_not_split_blocking
img_9609a5b3634c,img_2c3da6007db1,Alzheimer_MRI_4_classes_dataset/Alzheimer_MRI_4_classes_dataset/VeryMildDemented/6 (11).jpg,Alzheimer_MRI_4_classes_dataset/Alzheimer_MRI_4_classes_dataset/VeryMildDemented/7 (11).jpg,VeryMildDemented,VeryMildDemented,Demented,Demented,VeryMildDemented_patient11,VeryMildDemented_patient11,True,True,True,2,review_only_not_split_blocking
img_4daeff08e126,img_583da165a752,Alzheimer_MRI_4_classes_dataset/Alzheimer_MRI_4_classes_dataset/VeryMildDemented/6 (19).jpg,Alzheimer_MRI_4_classes_dataset/Alzheimer_MRI_4_classes_dataset/VeryMildDemented/7 (19).jpg,VeryMildDemented,VeryMildDemented,Demented,Demented,VeryMildDemented_patient19,VeryMildDemented_patient19,True,True,True,3,review_only_not_split_blocking
img_51ff741768f7,img_b621398d07d5,Alzheimer_MRI_4_classes_dataset/Alzheimer_MRI_4_classes_dataset/VeryMildDemented/6 (22).jpg,Alzheimer_MRI_4_classes_dataset/Alzheimer_MRI_4_classes_dataset/VeryMildDemented/7 (22).jpg,VeryMildDemented,VeryMildDemented,Demented,Demented,VeryMildDemented_patient22,VeryMildDemented_patient22,True,True,True,3,review_only_not_split_blocking
img_e6da553bc9c7,img_2ad8071a62fd,Alzheimer_MRI_4_classes_dataset/Alzheimer_MRI_4_classes_dataset/VeryMildDemented/6 (25).jpg,Alzheimer_MRI_4_classes_dataset/Alzheimer_MRI_4_classes_dataset/VeryMildDemented/7 (25).jpg,VeryMildDemented,VeryMildDemented,Demented,Demented,VeryMildDemented_patient25,VeryMildDemented_patient25,True,True,True,3,review_only_not_split_blocking
img_c70c10cfe7f8,img_2cb0b7291c6f,Alzheimer_MRI_4_classes_dataset/Alzheimer_MRI_4_classes_dataset/VeryMildDemented/6 (3).jpg,Alzheimer_MRI_4_classes_dataset/Alzheimer_MRI_4_classes_dataset/VeryMildDemented/7 (3).jpg,VeryMildDemented,VeryMildDemented,Demented,Demented,VeryMildDemented_patient3,VeryMildDemented_patient3,True,True,True,4,review_only_not_split_blocking
img_5ec20c4af108,img_2de4db3a08a1,Alzheimer_MRI_4_classes_dataset/Alzheimer_MRI_4_classes_dataset/VeryMildDemented/6 (32).jpg,Alzheimer_MRI_4_classes_dataset/Alzheimer_MRI_4_classes_dataset/VeryMildDemented/7 (32).jpg,VeryMildDemented,VeryMildDemented,Demented,Demented,VeryMildDemented_patient32,VeryMildDemented_patient32,True,True,True,3,review_only_not_split_blocking
img_24264c67cb55,img_fb8c0b6a756f,Alzheimer_MRI_4_classes_dataset/Alzheimer_MRI_4_classes_dataset/VeryMildDemented/6 (33).jpg,Alzheimer_MRI_4_classes_dataset/Alzheimer_MRI_4_classes_dataset/VeryMildDemented/7 (33).jpg,VeryMildDemented,VeryMildDemented,Demented,Demented,VeryMildDemented_patient33,VeryMildDemented_patient33,True,True,True,4,review_only_not_split_blocking
img_2e636af438fd,img_dc68b09c878f,Alzheimer_MRI_4_classes_dataset/Alzheimer_MRI_4_classes_dataset/VeryMildDemented/6 (37).jpg,Alzheimer_MRI_4_classes_dataset/Alzheimer_MRI_4_classes_dataset/VeryMildDemented/7 (37).jpg,VeryMildDemented,VeryMildDemented,Demented,Demented,VeryMildDemented_patient37,VeryMildDemented_patient37,True,True,True,4,review_only_not_split_blocking
img_9f4d996056c4,img_9a8df7de84c3,Alzheimer_MRI_4_classes_dataset/Alzheimer_MRI_4_classes_dataset/VeryMildDemented/6 (42).jpg,Alzheimer_MRI_4_classes_dataset/Alzheimer_MRI_4_classes_dataset/VeryMildDemented/7 (42).jpg,VeryMildDemented,VeryMildDemented,Demented,Demented,VeryMildDemented_patient42,VeryMildDemented_patient42,True,True,True,4,review_only_not_split_blocking
img_65460a443f8d,img_96b6acdee5d3,Alzheimer_MRI_4_classes_dataset/Alzheimer_MRI_4_classes_dataset/VeryMildDemented/6 (44).jpg,Alzheimer_MRI_4_classes_dataset/Alzheimer_MRI_4_classes_dataset/VeryMildDemented/7 (44).jpg,VeryMildDemented,VeryMildDemented,Demented,Demented,VeryMildDemented_patient44,VeryMildDemented_patient44,True,True,True,4,review_only_not_split_blocking
img_49b6826c21b7,img_f83f6f7fe6ec,Alzheimer_MRI_4_classes_dataset/Alzheimer_MRI_4_classes_dataset/VeryMildDemented/6 (47).jpg,Alzheimer_MRI_4_classes_dataset/Alzheimer_MRI_4_classes_dataset/VeryMildDemented/7 (47).jpg,VeryMildDemented,VeryMildDemented,Demented,Demented,VeryMildDemented_patient47,VeryMildDemented_patient47,True,True,True,3,review_only_not_split_blocking
img_7a69f1301749,img_bceb7236df7c,Alzheimer_MRI_4_classes_dataset/Alzheimer_MRI_4_classes_dataset/VeryMildDemented/6 (48).jpg,Alzheimer_MRI_4_classes_dataset/Alzheimer_MRI_4_classes_dataset/VeryMildDemented/7 (48).jpg,VeryMildDemented,VeryMildDemented,Demented,Demented,VeryMildDemented_patient48,VeryMildDemented_patient48,True,True,True,4,review_only_not_split_blocking
img_be266cd811ff,img_2d031d4e84e3,Alzheimer_MRI_4_classes_dataset/Alzheimer_MRI_4_classes_dataset/VeryMildDemented/6 (5).jpg,Alzheimer_MRI_4_classes_dataset/Alzheimer_MRI_4_classes_dataset/VeryMildDemented/7 (5).jpg,VeryMildDemented,VeryMildDemented,Demented,Demented,VeryMildDemented_patient5,VeryMildDemented_patient5,True,True,True,4,review_only_not_split_blocking
img_10a15bd12ffe,img_0e4f5a72b735,Alzheimer_MRI_4_classes_dataset/Alzheimer_MRI_4_classes_dataset/VeryMildDemented/6 (58).jpg,Alzheimer_MRI_4_classes_dataset/Alzheimer_MRI_4_classes_dataset/VeryMildDemented/7 (58).jpg,VeryMildDemented,VeryMildDemented,Demented,Demented,VeryMildDemented_patient58,VeryMildDemented_patient58,True,True,True,3,review_only_not_split_blocking
img_be4decf0893a,img_7084ad717329,Alzheimer_MRI_4_classes_dataset/Alzheimer_MRI_4_classes_dataset/VeryMildDemented/6 (6).jpg,Alzheimer_MRI_4_classes_dataset/Alzheimer_MRI_4_classes_dataset/VeryMildDemented/7 (6).jpg,VeryMildDemented,VeryMildDemented,Demented,Demented,VeryMildDemented_patient6,VeryMildDemented_patient6,True,True,True,2,review_only_not_split_blocking
img_afdf8cf4c837,img_8961d1bce959,Alzheimer_MRI_4_classes_dataset/Alzheimer_MRI_4_classes_dataset/VeryMildDemented/6 (60).jpg,Alzheimer_MRI_4_classes_dataset/Alzheimer_MRI_4_classes_dataset/VeryMildDemented/7 (60).jpg,VeryMildDemented,VeryMildDemented,Demented,Demented,VeryMildDemented_patient60,VeryMildDemented_patient60,True,True,True,2,review_only_not_split_blocking
img_0345efacd778,img_f13769ece4ac,Alzheimer_MRI_4_classes_dataset/Alzheimer_MRI_4_classes_dataset/VeryMildDemented/6 (61).jpg,Alzheimer_MRI_4_classes_dataset/Alzheimer_MRI_4_classes_dataset/VeryMildDemented/7 (61).jpg,VeryMildDemented,VeryMildDemented,Demented,Demented,VeryMildDemented_patient61,VeryMildDemented_patient61,True,True,True,2,review_only_not_split_blocking
img_e6f83ee40be2,img_51d4aad4d49f,Alzheimer_MRI_4_classes_dataset/Alzheimer_MRI_4_classes_dataset/VeryMildDemented/6 (62).jpg,Alzheimer_MRI_4_classes_dataset/Alzheimer_MRI_4_classes_dataset/VeryMildDemented/7 (62).jpg,VeryMildDemented,VeryMildDemented,Demented,Demented,VeryMildDemented_patient62,VeryMildDemented_patient62,True,True,True,1,review_only_not_split_blocking
img_a455937f33ea,img_b2d2bbafdf96,Alzheimer_MRI_4_classes_dataset/Alzheimer_MRI_4_classes_dataset/VeryMildDemented/6 (67).jpg,Alzheimer_MRI_4_classes_dataset/Alzheimer_MRI_4_classes_dataset/VeryMildDemented/7 (67).jpg,VeryMildDemented,VeryMildDemented,Demented,Demented,VeryMildDemented_patient67,VeryMildDemented_patient67,True,True,True,1,review_only_not_split_blocking
img_8d4c56ca61e8,img_114024e37eb3,Alzheimer_MRI_4_classes_dataset/Alzheimer_MRI_4_classes_dataset/VeryMildDemented/6 (69).jpg,Alzheimer_MRI_4_classes_dataset/Alzheimer_MRI_4_classes_dataset/VeryMildDemented/7 (69).jpg,VeryMildDemented,VeryMildDemented,Demented,Demented,VeryMildDemented_patient69,VeryMildDemented_patient69,True,True,True,4,review_only_not_split_blocking
img_2ecc7ac7bc2b,img_6dfa368e9d1a,Alzheimer_MRI_4_classes_dataset/Alzheimer_MRI_4_classes_dataset/VeryMildDemented/6 (8).jpg,Alzheimer_MRI_4_classes_dataset/Alzheimer_MRI_4_classes_dataset/VeryMildDemented/7 (8).jpg,VeryMildDemented,VeryMildDemented,Demented,Demented,VeryMildDemented_patient8,VeryMildDemented_patient8,True,True,True,4,review_only_not_split_blocking
img_b5d9822f5d19,img_7f64a2e07538,Alzheimer_MRI_4_classes_dataset/Alzheimer_MRI_4_classes_dataset/VeryMildDemented/6.jpg,Alzheimer_MRI_4_classes_dataset/Alzheimer_MRI_4_classes_dataset/VeryMildDemented/7.jpg,VeryMildDemented,VeryMildDemented,Demented,Demented,VeryMildDemented_unique_6_289d6de3a9ba,VeryMildDemented_unique_7_6c6cad5d6dd2,False,True,True,4,review_only_not_split_blocking
img_b8360d667d85,img_6ebb2cd5a23b,Alzheimer_MRI_4_classes_dataset/Alzheimer_MRI_4_classes_dataset/VeryMildDemented/7 (18).jpg,Alzheimer_MRI_4_classes_dataset/Alzheimer_MRI_4_classes_dataset/VeryMildDemented/8 (18).jpg,VeryMildDemented,VeryMildDemented,Demented,Demented,VeryMildDemented_patient18,VeryMildDemented_patient18,True,True,True,1,review_only_not_split_blocking
img_583da165a752,img_e4f09f884f48,Alzheimer_MRI_4_classes_dataset/Alzheimer_MRI_4_classes_dataset/VeryMildDemented/7 (19).jpg,Alzheimer_MRI_4_classes_dataset/Alzheimer_MRI_4_classes_dataset/VeryMildDemented/8 (19).jpg,VeryMildDemented,VeryMildDemented,Demented,Demented,VeryMildDemented_patient19,VeryMildDemented_patient19,True,True,True,4,review_only_not_split_blocking
img_b621398d07d5,img_3700fb9e0225,Alzheimer_MRI_4_classes_dataset/Alzheimer_MRI_4_classes_dataset/VeryMildDemented/7 (22).jpg,Alzheimer_MRI_4_classes_dataset/Alzheimer_MRI_4_classes_dataset/VeryMildDemented/8 (22).jpg,VeryMildDemented,VeryMildDemented,Demented,Demented,VeryMildDemented_patient22,VeryMildDemented_patient22,True,True,True,2,review_only_not_split_blocking
img_7b1ffc380315,img_18b101151503,Alzheimer_MRI_4_classes_dataset/Alzheimer_MRI_4_classes_dataset/VeryMildDemented/7 (24).jpg,Alzheimer_MRI_4_classes_dataset/Alzheimer_MRI_4_classes_dataset/VeryMildDemented/8 (24).jpg,VeryMildDemented,VeryMildDemented,Demented,Demented,VeryMildDemented_patient24,VeryMildDemented_patient24,True,True,True,4,review_only_not_split_blocking
img_1c57cdd4afca,img_e98d59a3f156,Alzheimer_MRI_4_classes_dataset/Alzheimer_MRI_4_classes_dataset/VeryMildDemented/7 (34).jpg,Alzheimer_MRI_4_classes_dataset/Alzheimer_MRI_4_classes_dataset/VeryMildDemented/8 (34).jpg,VeryMildDemented,VeryMildDemented,Demented,Demented,VeryMildDemented_patient34,VeryMildDemented_patient34,True,True,True,4,review_only_not_split_blocking
img_dc68b09c878f,img_a2279ea59837,Alzheimer_MRI_4_classes_dataset/Alzheimer_MRI_4_classes_dataset/VeryMildDemented/7 (37).jpg,Alzheimer_MRI_4_classes_dataset/Alzheimer_MRI_4_classes_dataset/VeryMildDemented/8 (37).jpg,VeryMildDemented,VeryMildDemented,Demented,Demented,VeryMildDemented_patient37,VeryMildDemented_patient37,True,True,True,4,review_only_not_split_blocking
img_4ae91af6dcb0,img_5824fbe72691,Alzheimer_MRI_4_classes_dataset/Alzheimer_MRI_4_classes_dataset/VeryMildDemented/7 (40).jpg,Alzheimer_MRI_4_classes_dataset/Alzheimer_MRI_4_classes_dataset/VeryMildDemented/8 (40).jpg,VeryMildDemented,VeryMildDemented,Demented,Demented,VeryMildDemented_patient40,VeryMildDemented_patient40,True,True,True,3,review_only_not_split_blocking
img_e924df689128,img_b7de652a7dbd,Alzheimer_MRI_4_classes_dataset/Alzheimer_MRI_4_classes_dataset/VeryMildDemented/7 (43).jpg,Alzheimer_MRI_4_classes_dataset/Alzheimer_MRI_4_classes_dataset/VeryMildDemented/8 (43).jpg,VeryMildDemented,VeryMildDemented,Demented,Demented,VeryMildDemented_patient43,VeryMildDemented_patient43,True,True,True,4,review_only_not_split_blocking
img_96b6acdee5d3,img_2812bb4d4ae5,Alzheimer_MRI_4_classes_dataset/Alzheimer_MRI_4_classes_dataset/VeryMildDemented/7 (44).jpg,Alzheimer_MRI_4_classes_dataset/Alzheimer_MRI_4_classes_dataset/VeryMildDemented/8 (44).jpg,VeryMildDemented,VeryMildDemented,Demented,Demented,VeryMildDemented_patient44,VeryMildDemented_patient44,True,True,True,2,review_only_not_split_blocking
img_f83f6f7fe6ec,img_375fdbc17087,Alzheimer_MRI_4_classes_dataset/Alzheimer_MRI_4_classes_dataset/VeryMildDemented/7 (47).jpg,Alzheimer_MRI_4_classes_dataset/Alzheimer_MRI_4_classes_dataset/VeryMildDemented/8 (47).jpg,VeryMildDemented,VeryMildDemented,Demented,Demented,VeryMildDemented_patient47,VeryMildDemented_patient47,True,True,True,4,review_only_not_split_blocking
img_fc09f47b9e85,img_e8e23c552860,Alzheimer_MRI_4_classes_dataset/Alzheimer_MRI_4_classes_dataset/VeryMildDemented/7 (52).jpg,Alzheimer_MRI_4_classes_dataset/Alzheimer_MRI_4_classes_dataset/VeryMildDemented/8 (52).jpg,VeryMildDemented,VeryMildDemented,Demented,Demented,VeryMildDemented_patient52,VeryMildDemented_patient52,True,True,True,4,review_only_not_split_blocking
img_cca886187a39,img_3dc39df52ed9,Alzheimer_MRI_4_classes_dataset/Alzheimer_MRI_4_classes_dataset/VeryMildDemented/7 (54).jpg,Alzheimer_MRI_4_classes_dataset/Alzheimer_MRI_4_classes_dataset/VeryMildDemented/8 (54).jpg,VeryMildDemented,VeryMildDemented,Demented,Demented,VeryMildDemented_patient54,VeryMildDemented_patient54,True,True,True,4,review_only_not_split_blocking
img_7084ad717329,img_96334b32ba36,Alzheimer_MRI_4_classes_dataset/Alzheimer_MRI_4_classes_dataset/VeryMildDemented/7 (6).jpg,Alzheimer_MRI_4_classes_dataset/Alzheimer_MRI_4_classes_dataset/VeryMildDemented/8 (6).jpg,VeryMildDemented,VeryMildDemented,Demented,Demented,VeryMildDemented_patient6,VeryMildDemented_patient6,True,True,True,4,review_only_not_split_blocking
img_f13769ece4ac,img_6f851908db75,Alzheimer_MRI_4_classes_dataset/Alzheimer_MRI_4_classes_dataset/VeryMildDemented/7 (61).jpg,Alzheimer_MRI_4_classes_dataset/Alzheimer_MRI_4_classes_dataset/VeryMildDemented/8 (61).jpg,VeryMildDemented,VeryMildDemented,Demented,Demented,VeryMildDemented_patient61,VeryMildDemented_patient61,True,True,True,3,review_only_not_split_blocking
img_91bb100b9025,img_13cff4ff6c37,Alzheimer_MRI_4_classes_dataset/Alzheimer_MRI_4_classes_dataset/VeryMildDemented/8 (12).jpg,Alzheimer_MRI_4_classes_dataset/Alzheimer_MRI_4_classes_dataset/VeryMildDemented/9 (12).jpg,VeryMildDemented,VeryMildDemented,Demented,Demented,VeryMildDemented_patient12,VeryMildDemented_patient12,True,True,True,4,review_only_not_split_blocking
img_5f400a78bb44,img_3626601054ba,Alzheimer_MRI_4_classes_dataset/Alzheimer_MRI_4_classes_dataset/VeryMildDemented/8 (14).jpg,Alzheimer_MRI_4_classes_dataset/Alzheimer_MRI_4_classes_dataset/VeryMildDemented/9 (14).jpg,VeryMildDemented,VeryMildDemented,Demented,Demented,VeryMildDemented_patient14,VeryMildDemented_patient14,True,True,True,4,review_only_not_split_blocking
img_3700fb9e0225,img_238439e0f70e,Alzheimer_MRI_4_classes_dataset/Alzheimer_MRI_4_classes_dataset/VeryMildDemented/8 (22).jpg,Alzheimer_MRI_4_classes_dataset/Alzheimer_MRI_4_classes_dataset/VeryMildDemented/9 (22).jpg,VeryMildDemented,VeryMildDemented,Demented,Demented,VeryMildDemented_patient22,VeryMildDemented_patient22,True,True,True,4,review_only_not_split_blocking
img_18b101151503,img_4d939a0857c5,Alzheimer_MRI_4_classes_dataset/Alzheimer_MRI_4_classes_dataset/VeryMildDemented/8 (24).jpg,Alzheimer_MRI_4_classes_dataset/Alzheimer_MRI_4_classes_dataset/VeryMildDemented/9 (24).jpg,VeryMildDemented,VeryMildDemented,Demented,Demented,VeryMildDemented_patient24,VeryMildDemented_patient24,True,True,True,4,review_only_not_split_blocking
img_01f32b5bf1de,img_098d9a04685a,Alzheimer_MRI_4_classes_dataset/Alzheimer_MRI_4_classes_dataset/VeryMildDemented/8 (28).jpg,Alzheimer_MRI_4_classes_dataset/Alzheimer_MRI_4_classes_dataset/VeryMildDemented/9 (28).jpg,VeryMildDemented,VeryMildDemented,Demented,Demented,VeryMildDemented_patient28,VeryMildDemented_patient28,True,True,True,2,review_only_not_split_blocking
img_937bcd4c601d,img_60bcf0ae48fb,Alzheimer_MRI_4_classes_dataset/Alzheimer_MRI_4_classes_dataset/VeryMildDemented/8 (29).jpg,Alzheimer_MRI_4_classes_dataset/Alzheimer_MRI_4_classes_dataset/VeryMildDemented/9 (29).jpg,VeryMildDemented,VeryMildDemented,Demented,Demented,VeryMildDemented_patient29,VeryMildDemented_patient29,True,True,True,2,review_only_not_split_blocking
img_5a00281decba,img_8799d49f15a7,Alzheimer_MRI_4_classes_dataset/Alzheimer_MRI_4_classes_dataset/VeryMildDemented/8 (3).jpg,Alzheimer_MRI_4_classes_dataset/Alzheimer_MRI_4_classes_dataset/VeryMildDemented/9 (3).jpg,VeryMildDemented,VeryMildDemented,Demented,Demented,VeryMildDemented_patient3,VeryMildDemented_patient3,True,True,True,3,review_only_not_split_blocking
img_426ff24db6d4,img_8d68342d2085,Alzheimer_MRI_4_classes_dataset/Alzheimer_MRI_4_classes_dataset/VeryMildDemented/8 (30).jpg,Alzheimer_MRI_4_classes_dataset/Alzheimer_MRI_4_classes_dataset/VeryMildDemented/9 (30).jpg,VeryMildDemented,VeryMildDemented,Demented,Demented,VeryMildDemented_patient30,VeryMildDemented_patient30,True,True,True,3,review_only_not_split_blocking
img_5b028ae882aa,img_f691a3eff802,Alzheimer_MRI_4_classes_dataset/Alzheimer_MRI_4_classes_dataset/VeryMildDemented/8 (31).jpg,Alzheimer_MRI_4_classes_dataset/Alzheimer_MRI_4_classes_dataset/VeryMildDemented/9 (31).jpg,VeryMildDemented,VeryMildDemented,Demented,Demented,VeryMildDemented_patient31,VeryMildDemented_patient31,True,True,True,3,review_only_not_split_blocking
img_a2279ea59837,img_4f4285f288d9,Alzheimer_MRI_4_classes_dataset/Alzheimer_MRI_4_classes_dataset/VeryMildDemented/8 (37).jpg,Alzheimer_MRI_4_classes_dataset/Alzheimer_MRI_4_classes_dataset/VeryMildDemented/9 (37).jpg,VeryMildDemented,VeryMildDemented,Demented,Demented,VeryMildDemented_patient37,VeryMildDemented_patient37,True,True,True,4,review_only_not_split_blocking
img_29d0744c03bf,img_f43d996c876c,Alzheimer_MRI_4_classes_dataset/Alzheimer_MRI_4_classes_dataset/VeryMildDemented/8 (39).jpg,Alzheimer_MRI_4_classes_dataset/Alzheimer_MRI_4_classes_dataset/VeryMildDemented/9 (39).jpg,VeryMildDemented,VeryMildDemented,Demented,Demented,VeryMildDemented_patient39,VeryMildDemented_patient39,True,True,True,4,review_only_not_split_blocking
img_4ec681716e9b,img_5e07849d36ae,Alzheimer_MRI_4_classes_dataset/Alzheimer_MRI_4_classes_dataset/VeryMildDemented/8 (41).jpg,Alzheimer_MRI_4_classes_dataset/Alzheimer_MRI_4_classes_dataset/VeryMildDemented/9 (41).jpg,VeryMildDemented,VeryMildDemented,Demented,Demented,VeryMildDemented_patient41,VeryMildDemented_patient41,True,True,True,3,review_only_not_split_blocking
img_ea639d559a41,img_c996659017b3,Alzheimer_MRI_4_classes_dataset/Alzheimer_MRI_4_classes_dataset/VeryMildDemented/8 (42).jpg,Alzheimer_MRI_4_classes_dataset/Alzheimer_MRI_4_classes_dataset/VeryMildDemented/9 (42).jpg,VeryMildDemented,VeryMildDemented,Demented,Demented,VeryMildDemented_patient42,VeryMildDemented_patient42,True,True,True,3,review_only_not_split_blocking
img_546fbc686a56,img_3d841c9d7c8f,Alzheimer_MRI_4_classes_dataset/Alzheimer_MRI_4_classes_dataset/VeryMildDemented/8 (49).jpg,Alzheimer_MRI_4_classes_dataset/Alzheimer_MRI_4_classes_dataset/VeryMildDemented/9 (49).jpg,VeryMildDemented,VeryMildDemented,Demented,Demented,VeryMildDemented_patient49,VeryMildDemented_patient49,True,True,True,3,review_only_not_split_blocking
img_e5151a588081,img_666ac8ec8b9c,Alzheimer_MRI_4_classes_dataset/Alzheimer_MRI_4_classes_dataset/VeryMildDemented/8 (5).jpg,Alzheimer_MRI_4_classes_dataset/Alzheimer_MRI_4_classes_dataset/VeryMildDemented/9 (5).jpg,VeryMildDemented,VeryMildDemented,Demented,Demented,VeryMildDemented_patient5,VeryMildDemented_patient5,True,True,True,3,review_only_not_split_blocking
img_e8e23c552860,img_a3cbba202463,Alzheimer_MRI_4_classes_dataset/Alzheimer_MRI_4_classes_dataset/VeryMildDemented/8 (52).jpg,Alzheimer_MRI_4_classes_dataset/Alzheimer_MRI_4_classes_dataset/VeryMildDemented/9 (52).jpg,VeryMildDemented,VeryMildDemented,Demented,Demented,VeryMildDemented_patient52,VeryMildDemented_patient52,True,True,True,2,review_only_not_split_blocking
img_0ecb45bc3191,img_17c42bd59814,Alzheimer_MRI_4_classes_dataset/Alzheimer_MRI_4_classes_dataset/VeryMildDemented/8 (53).jpg,Alzheimer_MRI_4_classes_dataset/Alzheimer_MRI_4_classes_dataset/VeryMildDemented/9 (53).jpg,VeryMildDemented,VeryMildDemented,Demented,Demented,VeryMildDemented_patient53,VeryMildDemented_patient53,True,True,True,2,review_only_not_split_blocking
